,4930523C07Rik,Abcb4,Acsl4,Adamts12,Adamts18,Adamts3,Adamts9,Adssl1,Akap6,Aldh1l2,Alpl,Apold1,Arap3,Armcx2,Arsb,Bach1,Bcl6b,Car9,Cbr2,Ccng1,Ccr5,Cd244,Cd274,Cd84,Cdh11,Cdh5,Cdk14,Cdo1,Chrdl1,Chst11,Chsy1,Clec11a,Clec12a,Clec2e,Col11a2,Col9a1,Col9a2,Csf3r,Cxcr4,Cyp4v3,Dact1,Dcstamp,Dio2,Dusp4,Dysf,Emb,F5,Fam114a1,Fam198b,Fam46a,Fat4,Fcer1g,Fhod1,Fkbp14,Fn1,Galnt5,Gda,Gja5,Gnptab,Gpr137b,Gpr171,Gsap,Hapln1,Has2,Icam1,Ifitm3,Igsf6,Itgb2,Itgb3,Kbtbd11,Kcne4,Kdelr2,Lamtor5,Lat2,Lcp1,Lcp2,Lipa,Ly75,Masp1,Matn3,Mdga1,Mest,Mettl7a3,Ms4a6d,Mt3,Myc,Nckap1l,Nek6,Nfatc1,Nfkbiz,Nmb,Nos2,Notch4,Nrp2,Oscar,P4ha1,Pcsk5,Pde3b,Pdgfc,Peg10,Peg3,Phospho1,Pi15,Pik3ap1,Pik3cd,Pla2g7,Plcb2,Plxnd1,Ppm1h,Prkg2,Ptprc,Rac2,Rnd1,Rnf144a,Rufy4,Runx2,Saa3,Samd4,Sec23a,Sec24d,Sele,Serpine2,Sfrp4,Sgms2,Shc2,Skap2,Slc13a3,Slc13a5,Slc37a2,Slc41a2,Snx10,Snx7,Sp7,Specc1,Spi1,Spock1,Spp1,Srgn,St6galnac5,St8sia4,Stc1,Steap1,Sulf1,Syk,Tgfbr1,Tm4sf19,Tmc7,Tnfrsf9,Trp53inp1,Tspan2,Vash2,Wif1,Wnt2b,Xpr1,Zfp354c
GSM5429656_T-7P,-0.4867795158681923,-0.7071067811865475,-0.43502686220950604,-0.4026031993275796,-0.2819593091188828,-0.6546536707079771,-0.6701296779861209,-0.5412658773652742,-0.4004947435409863,-0.37673072911771455,-0.38537071306392046,-0.656886185442862,-0.5477225575051661,-0.4598635936192799,-0.42852508696504826,-0.5829530966869504,-0.3492269454945586,0.0,-0.7548294124240689,-0.4537887912905928,0.5153882032022077,-0.3535533905932736,-0.5710716288835784,-0.8488746876271653,-0.4241063811679058,-0.622375914264142,-0.4647401949549602,-0.3733770651637646,-0.9265710074969749,-0.392472214179885,-0.4148581637716365,-0.44916759405592055,0.08362420100070911,-0.5656854249492379,-0.5649940185898832,-0.5643326479831002,-0.5555838995037159,-0.7669649888473704,0.16453517315279387,-0.47053525115818257,-0.7668962776886163,0.0,-0.382050437814933,-0.7486735101667789,-0.3851856078856727,-0.5329553420275033,-0.8431544610581375,-0.43661334156905274,-0.4827616572478924,-0.4719332428980545,-0.4594892849646767,-0.5082329989778311,-0.34116618440880137,-0.4574308692074041,-0.3893312572486473,-0.4037871864112291,-0.44030826852308574,-0.3535533905932738,-0.46542549076350737,-0.40694569974294315,-0.5345224838248487,-0.577263167994412,-0.377871090803229,-0.7197909403383707,-0.565992506771892,-0.5414190680201629,-0.64888568452305,-0.8898967174142575,-0.4269241900664086,-0.372085772624627,-0.5113694143952157,-0.48343397545228745,-0.45757370616203075,-0.8035304331665313,-0.7186052063706126,1.7048734283205325,-0.4467346952548895,-0.41380294430118403,-0.4618683864875944,-0.3731012536223183,-0.4946839066173484,-0.6543928669183879,-0.5892556509887895,-0.6926760958499623,-0.663898814660181,-0.9579808460641451,-0.7522172033416511,-0.47977492002317956,-0.7033970182123311,-0.7014548897059782,-0.47638300400816685,-0.38933141071383004,-0.4646701704940169,-0.4180929931630252,-0.7071067811865475,-0.5216287627889152,-0.3943154385379212,-0.4209101110792543,-0.4608002046329526,-0.7498434004635491,-0.3959578966733281,-0.3535533905932736,-0.38556955006669874,-0.6488856845230501,-0.7086352218657938,-0.4100281577154815,-0.5345224838248487,-0.4168899290448561,-0.41947846962760854,-0.5634910115861156,-0.6749673070628271,-1.03308222482469,-0.4616102004021389,-0.41944031387203967,-0.49999999999999994,-0.4465593716298381,-0.4375131849045072,-0.4492906881858842,-0.43474906583117584,-0.4298878171520055,-0.49999999999999994,-0.8023354449041542,-0.4921687979911119,-0.48613753316281605,-0.45740360202020497,-0.5927058383760041,-0.5345224838248487,2.82842712474619,-0.1638463841038081,-0.43876189612116023,-0.5249107941747246,-0.4448723380160538,-0.6444022325288266,-0.4916912825243259,-0.33449680400283627,-0.2530028669517922,-0.3719432339259407,-0.6479280425304782,-0.5105776236817762,-0.9636241116594315,-0.4678943343355072,-0.5381287408144226,-0.5264804453965526,-0.6957532469526543,-0.4930381018966795,-0.3535533905932736,-0.45286283327594007,-0.29329423004270655,-0.4114565067012079,-0.3990175092724688,-0.3635931193228594,-1.0178687287326815,0.07669649888473708,-0.4944398414486269,-0.42178873529383787
GSM5429657_T-7V,-0.18450856758672093,-0.7071067811865475,-0.3019709238764467,-0.28856924829852476,-0.19614560634357064,0.4909902530309828,-0.3518180809427135,-0.43301270189221935,-0.4004947435409863,-0.28855970740931325,-0.3116323533888195,-0.06568861854428623,0.0,-0.018846868590954056,-0.21228567118637592,-0.2317008652857329,-0.18380365552345193,0.0,0.2156655464068768,-0.2860013390486929,-0.30316953129541613,-0.3535533905932736,-0.19500006839927067,-0.8488746876271653,-0.2321852665672789,0.5779204918167032,-0.3134001043319067,-0.2968463623662228,0.7840216217282094,-0.25019244476616137,-0.2525223605566483,-0.2197493121604308,-0.6689936080056725,-0.14142135623730945,0.1614268624542523,-0.5643326479831002,0.3535533905932737,-0.7669649888473704,1.7158668057362798,-0.3076576642188117,0.5318233670769311,0.0,-0.3480063393957805,-0.19377432027846042,-0.03851856078856728,-0.31257110599991406,0.6006542842051331,-0.22566015864253144,-0.17119544034036263,-0.2957764912315928,-0.18742326097243392,-0.04419417382415931,-0.00268634790873071,-0.19970942967554772,-0.25438810704488535,-0.33206183093028707,-0.3431534299248277,-0.3535533905932738,-0.22247338458495655,-0.28486198982006017,-0.5345224838248487,-0.35618365684761594,-0.17782168978975482,-0.07271440827481836,-0.1538620406758541,-0.2702282020001549,-0.16222142113076246,-0.5416762627738958,-0.2915326790003908,-0.28372767358447815,-0.31193534278108154,-0.1674353714344509,-0.260532397288429,0.9320953024731763,-0.20531577324874647,0.3706246583305506,-0.2855585479143864,-0.41380294430118403,-0.3969181446377764,-0.3731012536223183,-0.19565856007999602,0.1627139020445721,-0.9428090415820632,-0.4273958889287002,-0.42489524138251583,0.8653169804420089,-0.39590379123244795,-0.22689209248533967,0.043641420837991385,-0.2227917046791526,-0.35388451726320963,-0.29199855803537256,-0.10101525445522104,-0.31415619382685667,-0.7071067811865475,-0.045483921491461125,-0.34838928746115155,-0.33009731314092206,-0.1865143685419094,0.1660367529597858,-0.3067269716131682,-0.3535533905932736,-0.31512167549655534,-0.6488856845230501,-0.2762476288629365,-0.37707946647048746,-0.5345224838248487,-0.27991180950154626,-0.25651561092335773,-0.18240171473307787,-0.06749673070628275,-0.7124704998790965,-0.2761865613986259,-0.2493595712140368,1.0,-0.07532326750382808,-0.4383103920467565,-0.30779133282182375,-0.28893260896854545,-0.2826979667140906,-0.49999999999999994,0.37396991076041086,0.1261182544852224,-0.2026448032406555,-0.30674544230435113,0.09358513237515854,1.8708286933869707,-0.35355339059327373,-0.5325007483373764,-0.31581213402127467,-0.29271164929850596,-0.2837110382064645,-0.0920574617898324,-0.021511493610439282,-0.33449680400283627,0.7228653341479778,-0.20716373145409955,-0.1790151705135754,-0.3574043365772433,-0.29649972666444047,-0.47358494110445254,-0.06358293479363497,-0.20257157762328293,-0.2697818712673557,-0.27594052404150704,-0.3535533905932736,-0.45286283327594007,-0.29329423004270655,-0.30700985500013206,-0.3990175092724688,-0.255117824055266,0.2693792476797266,-0.6135719910778963,-0.23647122851890853,-0.3387726621445537
GSM5429658_T-14P,-0.4829533013329838,0.3535533905932738,-0.3925622010393807,-0.382647257897495,-0.40455031308361444,-0.32732683535398854,-0.4355842906909786,-0.43301270189221935,-0.33374561961748855,-0.384746276545751,-0.3616690974540666,-0.6076197215346474,-0.5477225575051661,-0.4395089755410495,-0.3546204765090463,-0.43962603674737316,-0.5146502354656654,0.0,-0.7548294124240689,-0.446162088915961,-1.12172726579304,-0.3535533905932736,-0.5710716288835784,1.3339459376998313,-0.31173151801359134,-0.622375914264142,-0.3796113939794926,-0.3733770651637646,-0.8909336610547834,-0.3862861372488535,-0.40187129951443745,-0.34632491596483894,-0.2926847035024817,-0.5656854249492379,-0.5649940185898832,0.9593655015712704,-0.5555838995037159,1.3038404810405297,-0.7521607915556296,-0.4026695899334447,-0.5678989127648632,0.0,-0.33827945413316557,-0.4315882588020255,-0.3851856078856727,-0.3903537775390632,-0.5073849854155164,-0.3993863092879019,-0.4102051409817553,-0.39742760038994446,-0.33705957416816745,-0.44194173824159233,-0.5104061026588367,-0.3907787727767516,-0.3561132562834946,-0.33206183093028707,-0.4208773008034341,-0.3535533905932738,-0.4151595377610486,-0.3662511297686488,-0.5345224838248487,-0.13510414570081983,-0.377871090803229,-0.6462595162402397,-0.47614806516295566,-0.5028938147207945,-0.16222142113076246,-0.1934558081335342,-0.39424348049874913,-0.3897573924326568,-0.2710257896294643,-0.4083843069980513,-0.40300842062780257,-0.8035304331665313,-0.3079736598731197,-0.29649972666444047,-0.3910556625372612,-0.41380294430118403,-0.447106967885363,-0.3731012536223183,-0.26210863708829657,1.7544803350892992,-0.9428090415820632,-0.5600359923893312,-0.663898814660181,-0.6472843554487466,-0.7522172033416511,-0.4418424958925036,-0.6879941637989224,-0.583630105699375,-0.47638300400816685,-0.38933141071383004,-0.28284271247461895,-0.39860484328749357,-0.7071067811865475,-0.44191220564861755,-0.3741357660950982,-0.3819903405342548,-0.4498287711893109,-0.7498434004635491,-0.3379265957600773,-0.3535533905932736,-0.3832970379837909,-0.6488856845230501,-0.2762476288629365,-0.14643862775552907,-0.5345224838248487,-0.36328979531051747,-0.41947846962760854,-0.5244049298575989,-0.3712320188845549,-0.39185877493350313,-0.31126670931820943,-0.3592898073222582,-0.49999999999999994,-0.30129307001531247,-0.44309363490025233,-0.38942557630108937,-0.3841183516427625,-0.4026762481634834,-0.49999999999999994,-0.6561472070614481,-0.4552561381417785,-0.38219019885802386,-0.42890070693882726,-0.5927058383760041,-0.5345224838248487,-0.35355339059327373,-0.1638463841038081,-0.40260020138589975,-0.41936572832189795,-0.37688241465888334,0.4602873089491617,-0.18745730146239928,-0.2090605025017727,-1.066226367868267,-0.32263913082413,-0.44353012395900776,-0.43135006138632814,0.3706246583305506,-0.19474520942613005,-0.566043199992116,-0.41542597644571727,-0.5253646966785348,-0.3844893129690933,-0.3535533905932736,-0.8233869695926184,-0.07332355751067667,-0.4051264065981124,-0.501622011656818,-0.3816723352007917,0.7773515433043541,-0.6135719910778963,-0.4398695579442634,-0.28594425195864553
GSM5429659_T-14V,-0.4179076542344393,2.4748737341529163,-0.4237029525641393,-0.328481131158694,-0.40455031308361444,-0.4909902530309828,-0.38532456484201955,-0.21650635094610968,-0.4004947435409863,-0.36871518168967804,-0.3774701745273025,-0.6076197215346474,-0.5477225575051661,-0.4123694847700756,-0.36830651548238,-0.4254951998519219,-0.3492269454945586,0.0,-0.7548294124240689,-0.41565527941743374,-0.30316953129541613,-0.3535533905932736,-0.38303584864142454,-0.8488746876271653,-0.33319637951497727,-0.622375914264142,-0.36636913604997545,-0.3698983968547855,-0.14254938576876536,-0.42958867576607374,-0.3694041388714398,-0.26523741977764,-0.2926847035024817,-0.5656854249492379,-0.2017835780678154,-0.5643326479831002,-0.5555838995037159,-0.7669649888473704,0.16453517315279387,-0.3483770609536544,-0.5260047306756519,0.0,-0.3771869951836255,-1.0657587615315323,-0.5585191314342254,-0.27800102976029223,0.029846175612677325,-0.364227445466815,-0.3760608980329849,-0.42399550391996815,-0.40507608016622815,-0.5082329989778311,-0.3169890532302249,-0.3685614072998674,-0.3595386136971674,-0.3798787345842484,-0.4014463330837825,2.8284271247461903,-0.35651592592484666,-0.3662511297686488,1.8708286933869707,-0.3009137790609169,-0.377871090803229,-0.41831210153603376,-0.30058048660604353,-0.45133053901661807,-0.16222142113076246,-0.5416762627738958,-0.3755687893172294,-0.3632499627206121,-0.35795859007665093,-0.3994968462600496,-0.41513403963540885,-0.8035304331665313,-0.3079736598731197,-0.29649972666444047,-0.3881251871310702,-0.16552117772047362,-0.36591916557309057,-0.21320071635561044,-0.36178375260074735,-0.42093379007182796,0.11785113019775796,-0.6926760958499623,-0.663898814660181,-0.20985640155601465,0.6730364450951615,-0.4355204252040576,-0.24131138581006978,-0.43214109769088516,-0.35388451726320963,-0.38933141071383004,-0.28284271247461895,-0.3563805185571751,-0.7071067811865475,-0.38589516549597586,-0.3560436459739465,-0.3560438268375884,-0.43885733774566915,-0.6052307446598646,-0.3385505882430154,-0.3535533905932736,-0.3628444292376202,0.8111071056538127,-0.49244142536436514,-0.44297684896047557,-0.5345224838248487,-0.4228454994597826,-0.47379942252902546,-0.49509036856121136,0.23623855747198946,2.4936467495768375,-0.40648425367136476,-0.36343811811879484,-0.49999999999999994,-0.41427797127105465,-0.43953277633153875,-0.38398329340247167,-0.36791652310247025,-0.3927811321676572,-0.49999999999999994,-0.26517866399374584,-0.28914916881977826,-0.41998922951431195,-0.4003978118574495,-0.5303157501258984,-0.5345224838248487,-0.35355339059327373,-0.1638463841038081,-0.3881355234917956,-0.41514392568778485,-0.39450943182555714,-0.36822984715932944,-0.4087183785983459,-0.2090605025017727,-0.09035816676849719,-0.4394120065915765,-0.33531946118587636,-0.41550454892723854,-0.29649972666444047,-0.4678943343355072,-0.4543853632813425,-0.4030865910067356,-0.14199045856176615,-0.4173828853713921,-0.3535533905932736,0.6587095756740946,-0.07332355751067667,-0.3798060061857304,-0.3990175092724688,-0.3635931193228594,0.11352411152217047,2.1475019687726373,-0.4497914276723295,-0.3765072408487738
GSM5429660_T-30P,-0.5326940902906943,-0.7071067811865475,-0.4463507718548728,-0.4083048968790323,-0.40455031308361444,-0.6546536707079771,-0.25129862924479535,-0.43301270189221935,-0.467243867464484,-0.4248240136859334,-0.3221664047709768,-0.6076197215346474,0.0,-0.5005728297757408,-0.4230506713757148,-0.5668035688064347,-0.5146502354656654,0.0,-0.7548294124240689,-0.4537887912905928,2.42535625036333,-0.3535533905932736,-0.5710716288835784,0.24253562503633294,-0.4266316589915982,-0.22227711223719354,-0.42122991890083233,-0.3733770651637646,-0.8374776413914965,-0.34916967566266477,-0.43433846015743505,-0.4511453378653644,-0.6689936080056725,-0.5656854249492379,-0.5649940185898832,-0.5643326479831002,0.3535533905932737,-0.7669649888473704,-0.8226758657639699,-0.4433889866682874,-0.6412137314209827,0.0,-0.31882568360793556,2.105093752116002,-0.21185208433711997,-0.4940640062579287,0.7685390220264436,-0.43868151002911665,-0.4315452928247368,-0.4280384457614935,-0.40507608016622815,-0.8396893026590254,-0.4136975779445308,-0.4352135037305199,-0.3880567056528621,-0.4037871864112291,-0.4168768074493882,-0.3535533905932738,-0.46542549076350737,-0.46798755470438463,-0.5345224838248487,-0.521993290207713,-0.377871090803229,-0.7050846555187444,-0.5800049426191571,-0.5005385590605712,-0.64888568452305,-0.5416762627738958,-0.3895748077033692,-0.3897573924326568,-0.5062557202512634,-0.4681277930701735,-0.4166497420113596,-0.8035304331665313,-0.3079736598731197,-0.9636241116594315,-0.43794326903631664,-0.41380294430118403,-0.4603922446273712,-0.3731012536223183,-0.26210863708829657,-0.7074517480198789,0.8249579113843054,-0.5600359923893312,-0.42489524138251583,-0.9579808460641451,-0.7522172033416511,-0.4481645665809496,-0.7496055814525573,-0.6435945047027356,-0.4429743258049967,-0.38933141071383004,-0.4646701704940169,-0.40834891822525937,1.4142135623730951,-0.49362024271259447,-0.3741357660950982,-0.4209101110792543,-0.4498287711893109,-0.29190332375188166,-0.399077859088019,-0.3535533905932736,-0.3582994050718045,-0.6488856845230501,-0.6005383236150794,-0.3441307752254934,-0.5345224838248487,-0.4466677811194887,-0.41947846962760854,-0.46577580726482387,-0.9787025952410994,-0.7124704998790965,-0.48165599921332947,-0.38625382749974646,-0.49999999999999994,-0.46270007180922984,-0.4440502834709515,-0.41663699079417793,-0.4246229229934932,-0.42617714865357065,-0.49999999999999994,0.2957762021468704,-0.4667913443446952,-0.49558729082688807,-0.44111623340227485,-0.4679256618757927,-0.5345224838248487,-0.35355339059327373,-0.5325007483373764,-0.4459942350682123,-0.4700273599312547,-0.41717273961128065,-0.36822984715932944,-0.4640336478823326,-0.5853694070049634,2.1866676357976327,-0.3628608991440282,-0.5878110076565163,-0.5052957861954129,-0.29649972666444047,-0.46220372756656186,-0.49625705204788256,-0.4030865910067356,-0.5679618342470647,-0.4667232439748404,-0.3535533905932736,-0.45286283327594007,-0.5132649025747364,-0.37664095613418264,-0.604226514041167,-0.41783076695665616,1.4758134497882167,-0.6135719910778963,-0.4795570368565278,-0.4142418195529939
GSM5429661_T-30V,-0.4179076542344393,-0.7071067811865475,-0.40671708809608914,-0.3883489554489477,-0.26970020872240963,-0.4909902530309828,-0.5528569843385498,-0.5412658773652742,-0.467243867464484,-0.37673072911771455,-0.35640207176298794,-0.4105538659017888,-0.5477225575051661,-0.4666484663120234,-0.3956785934290474,-0.5728596417616281,-0.3492269454945586,0.0,-0.7548294124240689,-0.4385353865413292,-0.5760221094612907,-0.3535533905932736,-0.44571444205547583,-0.8488746876271653,-0.3963283251072887,-0.622375914264142,-0.41555466550246783,-0.3768557334727438,-0.8731149878336878,-0.35535575259369623,-0.40836473164303694,-0.41554594929537464,-0.6689936080056725,1.1313708498984758,-0.5649940185898832,-0.05643326479831005,-0.5555838995037159,-0.07669649888473708,-0.611130643138949,-0.456962118913235,-0.5574253672425603,0.0,-0.36746010992101047,-0.11450300743727208,-0.7318526549827781,-0.5415978610874087,-0.070884667080109,-0.3993863092879019,-0.4571534750363146,-0.3714372599801386,-0.33705957416816745,-0.7733980419227865,-0.4620518403016838,-0.3752266169429327,-0.3740366380992245,-0.3559702827572678,-0.4180198055505442,-0.3535533905932738,-0.440292514262278,-0.457813912210811,-0.5345224838248487,-0.46672341242101395,-0.377871090803229,-0.7050846555187444,-0.5363191132129772,-0.5043237913716445,-0.64888568452305,-0.8898967174142575,-0.4269241900664086,-0.3544141528165972,-0.5113694143952157,-0.4404779152186128,-0.4242282538911135,-0.5142594772265799,-0.6159473197462394,-0.9636241116594315,-0.4320823182239347,-0.41380294430118403,-0.44858310974558613,-0.3731012536223183,-0.5611339836256489,-0.6437810906980898,2.2391714737574007,-0.5600359923893312,-0.663898814660181,-0.9538927343455215,-0.7522172033416511,-0.47977492002317956,-0.680292736592218,-0.6120342947009669,-0.4429743258049967,-0.38933141071383004,-0.28284271247461895,-0.3953568183082383,-0.7071067811865475,-0.467766224180606,-0.3936195877640308,-0.3690170836859216,-0.3401144367528936,-0.7739455097641632,-0.38846998687806994,-0.3535533905932736,-0.335574284242726,-0.6488856845230501,-0.2762476288629365,-0.4100281577154815,1.8708286933869707,-0.4407122107045622,-0.41947846962760854,-0.44623276640056553,-0.3712320188845549,-0.39185877493350313,-0.47163309980773416,-0.39869875988935644,-0.49999999999999994,-0.5595442728855803,-0.44474119632756753,-0.43840612238864873,-0.40032018018305476,-0.3989655796650486,-0.49999999999999994,0.2515797581479127,-0.48063359178819526,-0.438888744842456,-0.4003978118574495,-0.6083033604385305,-0.5345224838248487,-0.35355339059327373,-0.5325007483373764,-0.43876189612116023,-0.4489183467606894,-0.41717273961128065,-0.6444022325288266,-0.43637601324033926,-0.5853694070049634,0.3975759337813878,-0.4082725730535907,-0.5517407867321392,-0.4736047612772338,-0.9636241116594315,-0.2516512771155836,-0.6079148887586562,-0.4308502082444444,-0.6531561093841244,-0.4404083860530013,-0.3535533905932736,-0.45286283327594007,-0.5132649025747364,-0.3829710562372781,-0.3990175092724688,-0.43590998283458837,-0.04810343708566553,-0.6135719910778963,-0.4051430138960321,-0.3387726621445537
Reg_0h_Amp.11_R1.11302015.Right.P3,0.507404250981302,-0.40135275195644043,0.23943874077932223,-0.5198477778780421,-0.28261632496479644,-0.5739852842580492,-1.1143397765945664,0.05947512607193517,-0.3829127724020819,-0.26178238670400045,-0.29800940596747655,-0.46013795893892895,0.5989886760730261,-0.03397092427287229,-0.23385831370961813,0.7819457587532446,0.735077259926062,-0.07911744636332971,0.24779246211308414,0.2747723737069426,-1.1788095536025043,-0.7471126906165321,-0.09396216551307848,-0.31189873085186753,0.18721591379938154,-0.24805937892665467,0.28261735169365565,-0.0018754806830194968,-0.090975085395789,0.17979894131668506,0.40722448970667824,0.2186599493883014,-0.6832597911218464,-0.33924186348381613,-0.08210682878505231,-0.3117170761998595,-0.06178518406532786,-0.41464955219684707,-0.5145956604422819,0.31286934076447914,0.1452513716477531,-0.8322695775532137,-0.2656212566892419,-0.17632121956244148,0.008108722858296846,-0.28520431819353864,-0.41315439920052854,0.21909893016151535,-0.29414783576578246,0.18746197292435182,0.07216118801755615,-0.6319242029618287,0.07428594328331778,-0.09573534088130853,-0.049027271390502,-0.19105936119596637,0.5374548513190529,-0.22503495370954787,0.783062317847286,-0.03135842209027475,-0.6449490312971542,-0.7573284681667701,-0.44758543097834896,-0.4589239301539093,-0.07760288225947082,0.4030948655543219,-0.026445886703346865,-0.08055520580977797,-0.3921285414688628,0.18797202675414992,-0.03020489755154351,0.05345748365508409,0.34786879873536825,0.07992187702241237,-0.4454383272497841,-0.4283375987441059,0.7032089307733037,-0.6340883015388286,0.09257923206566146,-0.44207875626065135,-0.12787954363013446,-0.35536467842771885,-0.07448021579220455,-0.40280317909093105,-0.42922092766148123,0.7959544438803365,-0.18574576662319117,-0.8112205956056139,0.13125581804077643,0.42008595494216583,-0.1033139996403252,-0.7076831032559404,-0.5333403464017483,0.2107089292326283,-0.5794893743684802,0.020531156172652443,-0.38529634627542725,-0.023272488424420364,0.20069662440889693,-0.38569644608999937,0.44773116397261803,0.5148027056067102,-0.3469447413535581,-0.32614420235210323,0.734078310852878,0.1815678331726449,-0.4705516851386308,0.2224220179484686,-0.16788893793973436,-0.7674988372827253,-0.1044118325348171,-0.7652394136568538,-0.33674367767959656,0.0199074626966203,-0.15206744976920433,-0.0804319463337858,-1.0264022045764831,0.1424966840375983,0.2855161555096617,0.21819329787029332,-0.8730243557997848,0.25356044543493383,-0.6536363574797278,0.054500087584455965,0.06617462329158932,-0.2589189557693691,-0.7373429994210161,-0.07656208622387124,0.3862664097254096,-0.45898490626956046,0.08717109100690734,0.41821059275773037,-0.19323162337844219,0.19357969522510743,-0.6660981651531424,-0.3247452428601896,-0.8467037367565007,-0.66678522059295,-0.06910766646905336,0.24386846274487198,0.21741959802140942,0.19482276754751565,-0.2852017865639461,0.6014036545788806,0.2568768327627185,-0.47904897402920094,-0.08424852469093588,-0.7919583381071503,0.5103761432229693,0.5095771034141047,-0.3039986293539228,0.39576125729088313,-0.8198603319882193,-0.03128502840663562,0.23160211929311492
Reg_0h_Amp.13_L1.11302015.Right.P3,-0.03721208800121948,-0.12077023187680751,-0.3549270327809266,-0.38631125861987076,0.02605406757796093,-0.7472202795069575,-1.654427878426682,0.08818395603425296,-0.5839419779131748,-0.27002246953851955,-0.4233853276553883,-1.1221084326579953,0.22316949287292728,-0.16985462136436144,-0.4427374117978578,-0.15688456529087538,-0.14019803000475092,-0.6045067386198166,-0.3827508566568173,0.09524847403925886,-0.604193468853494,-0.8842982746445401,-0.6142064615302913,-0.3418812017313663,0.05907888405913783,-0.3687499622513326,-0.0582852550101765,-0.20672167178952194,-0.20480234905829914,-0.6165960911341701,-0.22955921545695096,0.046258249454030446,-0.41253421350752995,-0.7476582517014315,0.7587669216421812,-0.40866412457219814,0.1235703681306558,-0.545194972066323,-1.1185339208784157,0.0028972062175653037,-0.33437602864896393,-0.6111005513255172,-0.7023608230974655,-0.23620389790440274,-0.3336220531677439,-0.8653889595261473,-0.3013550759153091,0.5237925621083807,-0.45529170922864454,-0.1326494923086716,-0.22668665192128756,-0.4462279928643181,-0.49318872393203356,-0.3490872188338289,0.17165684751668894,-0.22122345358560427,0.050069912451160006,-0.7348421822878362,-0.1573790690628051,-0.6412213928969879,-0.9213557589959345,-0.6410152222025904,-0.42662833148660717,-0.5381919226957097,-0.955112397039639,-0.89778435316422,-1.2133802155198545,-0.4531997259335112,-0.20274784822111244,0.2363288468854528,-0.9363518240978511,-0.4349294929201593,-0.06201095284358107,-0.6092248470031798,-0.4042781999868772,-0.3356864042206552,-0.05504549299280425,-0.4574073506456565,-0.09899043009255643,-0.44207875626065135,-0.3981656353005991,-0.4575054243231111,-0.2033264551759522,-0.9462665816686989,-0.7839587394426443,-0.366894405847723,-0.16896049944234975,-0.5704313532240297,-0.6515797205548629,-0.7250028027584756,-0.7813121222799595,-0.5820588837430516,-0.3025680811317611,-0.08819220863182277,-0.6302004572487768,-0.19502540922499687,-0.5114134215208457,-0.3061173402091703,-0.11098947028096963,-0.4253119397311251,-0.08608532257341665,-0.14417616422239812,-0.4540570934089467,-0.5412316077282979,-0.03640535312285331,-0.34705826335807294,-0.773049197013465,-0.34871199800275837,-0.43398958661101256,-0.638627763858387,0.14750845716734307,-0.5329086618824768,-0.37657992091660764,-0.15405684300744937,-0.4875103536718608,-0.21853613181667636,-0.8921851958706402,-0.275286063068899,-0.29754340631395265,-0.5172151829460526,-1.1215417881594796,-0.17092628686102454,-0.7593567327753826,0.030496863384118365,0.008356104021691858,-0.18887144316154986,-0.7373429994210161,-0.11692519292303893,-0.28215655547870633,-0.25349790165199265,-0.5141769542302188,0.0776285185616978,-0.1764935616805983,-0.005950912873104527,-0.9025302580862994,-0.788916883025767,-0.7635450745547346,-0.8510238588613087,-0.42668160364881946,0.08375550089153612,-0.9077563814473196,-1.0115101584432942,-0.2944060858075958,0.19221238515358952,-0.28684691111065,-0.6494616525376123,-0.229715293962036,-0.5142406274909667,0.09504190392157366,-0.04368438088663229,-0.14765647711476246,-0.19880745634611108,-0.5532390858131886,-0.504156339766671,-0.22135458272277642
Reg_0h_Amp.19_R1.07202015.Right.P3,0.47553410966306564,-0.7212663758441457,-1.1589830364539988,-0.38631125861987076,-0.45409987637743937,-0.8511612766563024,-1.2223573969609896,-0.830498602759916,-0.7275342675639556,-0.5308463159944228,-0.593415687204748,-0.07208630193120043,-0.9510663211488078,-0.3906656291380313,-0.6548859218561743,-0.48186429284460924,-1.0640997249317201,-1.097224763962875,-0.8971414588112105,-0.2699427287067896,-0.5438746533273549,-0.8157054826305361,-1.1812250153545565,-0.5579710819439706,-0.46810931275205814,-1.0497896824405866,-0.8219070940267605,-0.38425503741515743,-0.4324568763833195,-0.716145470190527,-0.8270352844993685,-0.7812699102304702,-0.29650896595853715,-0.6515602780031691,-0.4528309587033152,-0.5056111729445368,-0.4652060917859982,-1.0610358740077095,-0.6655802255513154,-0.6666426044037685,-0.6625421446414546,-0.8322695775532137,-1.0223482281886394,-0.6553826462981315,-0.9917702144030817,-0.8845159257239256,-0.5568963862815249,-0.6216532077831546,-0.4533446313559632,-0.9461437663412173,-0.5527024773091171,-0.7804811710398373,-0.5380967911217376,-0.5391011272982192,-0.5639888289186279,-0.5228643774819831,-0.9769325397330108,-0.9346080951848776,-0.4514964442571896,-0.7403458091191273,-0.9213557589959345,-0.79609955015483,-0.47552823030067126,-0.23244395146305097,-1.510271477818929,-0.922116727182551,-0.9191063691139533,-0.633875856902594,-0.5932546153250084,-0.3592156160441261,-1.3152859933808525,-0.6431865337049221,-0.3773030694427728,-0.43693816599678176,-0.723269186274406,-0.8026858594449169,-0.7720709528189109,-0.8696629027297246,-1.2675653692576856,-0.44207875626065135,-0.6497850342411796,-0.4766568141784971,-1.3275779028506498,-0.965838546753158,-0.6065898335520628,-0.5607025474690662,-0.6725185148675923,-0.8892559664019313,-0.8012122283621137,-0.29079752517631346,-1.1687396209311791,-0.7076831032559404,-0.7256505674600711,-0.7567961287756511,-0.5277538251673696,-0.7137538958236276,-1.0798084001926247,-1.0169096071477983,-0.6369597550701195,-0.8808901166040702,-0.6532653395285785,-0.5367593207163349,-0.9882526247055922,-0.8280148148965576,-1.1921308490864504,-1.0269531684002777,-0.974714204930021,-0.5745091670997551,-1.3464294667182628,-1.0252409841314016,-1.013515486677395,-0.20494176013200935,-0.9564185724775474,-0.47356057074685226,-0.7558646767939861,-0.6386889150146245,-1.0264022045764831,-0.6930688101753963,-0.4919554929557987,-0.34749366488926947,-0.7800337356464845,-0.8745326606230199,-0.797114009666688,-0.6374045622408914,-0.7691293202948961,-1.1539705057581702,-0.7373429994210161,-0.5811009199634674,-0.3122370929397646,-1.1028441874046062,-0.6990829308689878,-0.5812023790634143,-0.5949451041266953,-0.5205298495474406,-0.7843142116197209,-0.6678286290695293,-1.0345676976277856,-0.6360787808815569,-1.3169281160844368,-0.37195062130641976,-0.869614822821261,-0.9612462865270103,-0.93656649815525,-0.9141195655147899,-0.7288677697870214,0.08899328766550371,-0.8371976825982136,-0.7919583381071503,-0.31904881969329085,-0.32300085839768394,-0.6166829338322434,-1.1255477204400082,-0.6198943973569463,-0.66277207856774,-0.5574192326055345
Reg_3h_Amp.17_M00.07142015.Right.P3,0.2855235202847192,-0.8562928424608344,-1.4529926144430811,-0.6237095150788421,-0.4198031660949108,-0.8165142776065207,-0.6460833923061227,-0.8879162626845516,-0.5839419779131748,-0.8419514842364737,-0.49208446282684676,-1.3161342611618596,-1.0958906692027959,-0.6114766369117012,-0.6516165098860975,-0.2507675976952874,-0.7237148899586262,-0.6036237314059403,-0.7146157612725549,-0.45302802165602757,-1.4169101412056853,-1.0900766506865522,-0.8919882783027848,-0.6660160220502727,-0.5509840086039571,-0.9980651467300103,-0.8082709897586072,-0.5344755775599259,-0.28610753738866357,-1.1832617873011246,-0.9606812473114882,-0.7640297402370432,-0.6059096260891846,-0.7476582517014315,-0.17669213322124303,-0.5056111729445368,-0.38888321735235787,-0.9539886297147392,-0.8769586167039621,-1.0634069366238184,-0.6751639183334734,-0.8322695775532137,-1.242880088454178,-0.9148742524466301,-0.8778599557277348,-1.0311559999068927,-0.6287673798220231,-0.7583368886887791,-0.6917225937685167,-0.9168932141052457,-0.5436464821594552,-0.9661773811373479,-0.6891511989416513,-0.6657770662744794,-0.3420857420347361,-0.553028469871621,-1.2999027675123505,-0.7585138656080058,-0.809533601432145,-0.8766418814245691,-0.0921355758995935,-0.8348706321428899,-0.5942851274205412,-0.6514319120411389,-0.8297538949281864,-0.8756874622712482,-0.4647260834780935,-0.7129216642015677,-0.8279885434913132,-0.7279363695453119,-1.3317613920453308,-0.6819320296648779,-0.6610659743820454,-1.212228230525573,-0.7284142021822694,-0.4283375987441059,-0.9238873049859386,-0.9285565530274486,-0.6162285179197446,-0.44207875626065135,-0.4589276249009362,-0.5213433905077313,-0.5864028943418358,-1.0113547446239928,-0.5356422711958301,-0.460456956975268,-0.8068006523143236,-0.6932830075003482,-0.5622041731469324,-0.7559511475611957,-0.5875983729543497,-0.7076831032559404,-0.8794987443067293,-0.941314842205264,-0.7326470893301842,-0.6631091814864413,-0.961425663729466,-0.9575016735944959,-0.802542992874111,-0.18761897788437104,-0.9090524059985534,-0.6138738693133583,-1.105884939909278,-0.7204711122084602,-1.1279238770884727,-1.0405320560584004,-1.2772117168048551,-1.039385691711219,-1.2628167940684347,-0.9822839596566223,-1.1011399352694509,-0.7041524487506599,-0.2124063124246831,-0.7004574336715021,-0.7894089671842517,-1.0938830587082315,-1.0264022045764831,-0.7422197215996902,-0.6421488795911717,-0.6663643957838317,-0.8025839610336598,-1.0724679017237362,-1.1595838678232189,-0.5460765656853012,-0.8705671111694686,-0.9282618540218639,-0.7373429994210161,-0.3187407264188774,-0.5562236745683483,-0.8836580491458673,-0.9032677535568938,-0.6394642470017029,-0.5279928573353199,-1.0141055643167018,-0.9025302580862994,-0.8494610100038857,-1.0980991853306954,-0.29830794405623245,-1.2404437885877877,-0.8646058885474532,-1.2319596297688178,-0.9612462865270103,-0.9029295241751347,-0.8493536159381373,-1.2608453828371806,-0.5926574263681419,-0.8127573853378025,-0.7919583381071503,-0.9607029139433512,-0.6560320431223994,-0.6687969845786302,-0.6928241081180254,-0.9531709550757346,-1.0513260803712345,-0.7765918303551593
Reg_3h_Amp.19_R1.07142015.Right.P3,2.6152711925988394,-0.9330968876923453,-1.014773781394423,-0.6385469061075278,-0.45409987637743937,-0.9551022738056473,-1.0425080590508953,-0.830498602759916,-0.7849711834242677,-0.4803968292524686,-0.44056011144825286,-0.4592248962165577,-1.5158812785593612,-0.7473603340031904,-0.7469743590133373,1.3668009417741143,-1.1370393324259545,-0.6963394888629674,-1.3617523252732433,-0.7350903695551293,-1.1788095536025043,-0.8157054826305361,-0.7917577258591015,-0.8550946672363013,-0.5766404933926558,-0.9557372350068555,-0.5628211129318481,-0.43888068837689137,-0.1560192360600805,-1.076054763701971,-0.7955891756023992,-0.7898899952271838,-0.8766352037035011,-0.7476582517014315,-0.30235081223274773,-0.5540846971307061,-0.42159302068106086,-1.1001994999685523,-0.7259740515949287,-0.9394180828050528,-0.523702634029247,-0.8322695775532137,-0.9272168374858579,-1.0546005019112064,-0.3462787485761158,-1.1076638646980057,-0.524953722485748,-0.6732432199235354,-0.5592285804322511,-0.8009482540373579,-0.2629106325199353,-1.1147343492153565,-0.9097326970111894,-0.581326440290306,-0.6400620146881661,-0.3117157307545179,-1.424446375260003,-1.0506570792666852,-1.2198294992804053,-0.7961032932440807,-0.9213557589959345,-1.0287260420831894,-0.35677133318080134,-0.7986438981901968,1.175982138855055,-0.7536816716987687,-0.7339553472111522,-1.0178126352118948,-0.8366727435714577,-0.8745179805683244,-0.44208986416350154,-0.6625592816849,-0.5454588649623417,-0.35079482549358276,-1.0525502043776616,-0.958664301403588,-0.8961715131734294,-0.6340883015388286,-1.1909375043943984,-0.44207875626065135,-0.5162610382855801,-0.5085757972708072,-0.316097827841958,-1.2389357339781668,-0.32279958412713233,1.7315799551557867,-1.108935461569469,-0.8898456543424577,-0.5117095135944294,1.2955630488364447,-0.7813121222799595,-0.7076831032559404,-1.3410432748467038,-0.7733713064482444,-0.7326470893301842,-0.6852662440089603,-0.9851022110220978,-0.6313713952974577,-0.6564401359882361,-0.5837739142956277,-0.8868100523924687,-0.6629467638751004,-1.3175138089574887,-1.329885427441012,-1.063716905090495,-1.108426494349014,-0.773049197013465,-0.9464103867889261,-1.2293053657444957,-1.1111550330809605,-1.1561242767609656,-1.0108390553493796,-0.1452078011056845,-0.4738618946019979,-0.8229532575745173,-0.930700252478448,-1.0264022045764831,-0.6029588058975244,-0.8984053019064068,-0.9646628214593898,1.2038436531407144,-0.767061096148846,-1.0085547602579976,-0.4550517097338485,-1.027882516956822,-1.1306213348888972,-0.7373429994210161,-0.17746985297179046,-1.0441968378255158,-0.4041883717048757,-0.9127647220540057,-0.7040352582816556,-0.5614689807310076,-0.9720991205065519,-0.6365441535364977,-0.3247452428601896,-0.9000701864269448,-0.8356706390056121,-1.171336122118734,-1.0616679954438666,-0.46912845724764557,-0.7099269269455917,-1.077230207526641,-1.2509025033133834,-0.8538012453992275,-0.6494616525376123,2.1247783430769824,0.041889088017941174,-1.1758311277132358,-0.6291746895155674,-0.6687969845786302,-0.7277987383319662,-0.5532390858131886,-0.9025804266300193,-0.9811529215881425
Reg_3h_Amp.21_L1.07142015.Right.P3,0.24518156924897686,-1.0213596009624286,-2.0171363995172156,-0.43082343170592785,-0.5226932969424966,-0.9897492728554289,-0.9524933754122094,-1.0314604124961404,-0.9860003889353608,-0.9344422099300564,-0.7600110899955348,-1.4867628574049638,-1.5448461481701588,-1.0191277281861686,-0.8604956079743372,-0.4204792331955706,-1.2342921424182671,-1.1387261030150682,-1.1958198729653744,-1.0853237205186497,-1.4962770037400788,-0.8842982746445401,-1.560191961260673,-1.0171620773957546,-0.7958949518920656,-1.2997916050417053,-1.0400847623172131,-0.8758858960707633,-0.5625451777119025,-1.466594635384602,-1.2358347001599699,-0.841610505207465,-1.2247109463504795,-0.9398541990979564,-0.3613017974480216,-0.5540846971307061,-0.34527014624742053,-0.9856925173973262,-1.269518485987449,-1.3113846442613495,-0.7004074657175111,-0.7687624714506894,-1.515301798193961,-1.1943267513757827,-1.18162064552866,-1.1969230402876379,-0.7166097052604099,-0.9550040554594622,-0.9741416033012427,-1.310307268074198,-0.7881583512003273,-1.1890128332543606,-1.231264560994773,-0.9296852724750215,-0.9182981941365952,-0.5831925622612589,-1.7564912089968596,-1.0506570792666852,-1.8136788251134135,-1.0625001618410805,-0.9213557589959345,-1.0287260420831894,-0.7130420245404111,-0.9798278811428834,0.3521976964083666,-1.42802375447534,-1.54522093593502,-0.9387668279129212,-0.8334595895418043,-1.0656785351498819,-1.694220162663854,-1.3648213959590998,-0.9763580909812372,-1.3270860178631716,-1.2326257611528795,-1.052251366578791,-1.282262145387487,-0.9285565530274486,-1.5740768287108342,-0.44207875626065135,-0.878737734866901,-0.5213433905077313,-1.0936267656970502,-1.6030653169448457,-0.7130111770864116,-0.8213410827529416,-1.1928617974736762,-0.8898456543424577,-1.1883379515979706,0.15186696665192548,-1.1687396209311791,-0.7076831032559404,-1.071808965365052,-1.463344877145168,-0.32286056100455507,-0.9321592264027435,-1.2297598663792924,-1.4574746365076876,-0.7148812787425861,-0.9601211038863215,-1.1092335884533164,-0.9643945447543734,-1.1299305699625286,-0.7921669140005251,-1.577372681074316,-1.107068605583202,-1.075546708888299,-1.2696102562807057,-1.4618945860918346,-0.8104558617575046,-1.1887643838615065,-0.9357321312843869,-0.30374800146308234,-0.8133534380660601,-0.5210546440621264,-1.1969458836954634,-1.0264022045764831,-0.8241379073068464,-1.331271477094648,-1.0006643555926469,0.5451600937215046,-1.5565409319820658,-1.3483702522797452,-0.8443118036830671,-1.0942818765423932,-1.3329808157559304,-0.543305367994433,-0.5609193666138835,-1.2781565736337468,-1.4179242611515437,-1.1027040919962439,-1.0167007690189969,-0.6340005814216644,-1.2766458381301384,-1.0798543277861672,-0.788916883025767,-1.186637747980495,-1.127381816263847,-1.4559199396570277,-1.1478826672110474,-1.422667422899111,-1.2628295180247127,-1.2790520514073322,-1.1990897436520613,-1.6562596877769062,-0.6494616525376123,-0.037247953036299325,-0.7919583381071503,-1.3847417630504648,-0.8440335183702226,-0.720911035325017,-1.7726658159734487,-0.9531709550757346,-1.4429551840526733,-1.0249874411380675
Reg_6h_Amp.10_M00.07152015.Right.P3,-0.5011445249122564,-0.5416440119962569,0.7028425642330756,-0.6533842971362135,-0.45409987637743937,-0.22751529376023286,0.8485204148306176,-0.9740427525715049,-0.7562527254941117,-0.2701906344943261,-0.5745234250325969,-0.6541637874427932,-0.502110842181445,-0.8322876446853711,-0.6697799097198575,0.19802940605641892,-0.5292092699740011,-0.864993866713369,-0.698022516041768,1.5296589747399512,-0.3057740657241738,-1.0214838586725483,-0.25624020280285126,-0.6211773719061573,-0.07745745696110293,-0.7653047360324172,-0.6446377385407678,-0.23403449727038894,0.03911321593279405,-0.9535324510172242,-0.7641430667054299,-0.6174882952929128,-0.9926604512524939,0.5496643932251115,-0.5412574365262259,-0.5540846971307061,-0.3779799495761235,0.3924941295104275,-1.0581400948348023,-0.3194738137112251,-0.5994332761813602,-0.7690784272024433,0.525698947792985,-0.6154608607368239,-0.3336220531677439,-0.8717646149254067,-0.32531207376214183,-0.8168102516661341,-0.4933060867428985,-0.28019444655919545,-0.18140667617297793,-0.3348102668058117,-0.3394126150703197,-0.5602137837942626,-0.5526078011263348,-0.6435207470405347,1.3568131703335857,-0.5073630791623032,-0.36144729193996616,-0.5420969766748484,0.18427115179918685,-1.0287260420831894,-0.23102873623035083,0.06198002083506485,1.3013406409665076,-0.09232258707332111,-0.2777861628129465,-0.8597210206139474,-0.6237795786067163,-0.7496969386043983,0.8265158330013291,-0.2896338830703249,-0.49291017886247646,-0.6092248470031798,-0.5483386454070515,-0.8962729246201195,-0.7854462354348979,-0.16293909915703647,-0.25224615981913073,-0.40114553808836884,-0.2671178332785557,-0.43835403446772503,-0.9405445734157837,-0.6017089637864793,-0.5711160523739465,-0.8413902008517012,-0.8571564538568479,-0.10359506697401977,-0.21197321449077106,0.7502016328378462,-0.297027748965935,-0.7076831032559404,-0.7641126116717356,-0.5383247196412573,-0.7326470893301842,-0.3339185382947303,-0.6457383664943763,-0.5088753907140996,-0.5979989932338862,0.1887282117063228,-0.8089618147711719,-0.7751133800162252,-0.7135039767675989,-0.7563190131044927,-1.063716905090495,-0.5924287633403504,-0.6722166930551868,-0.49038865312244256,-0.8978408420255346,0.7359970193345536,-0.6739707483831793,-0.8318342196611472,0.39479460721824405,-0.19473556345210766,-0.856497547964783,-0.5009282722816913,0.5842018998936326,-0.2261351516446052,-0.05904514324207644,-0.5326444118603055,0.6978971873233005,-0.6940995431228634,0.08640626958985592,-0.5485292487551405,-0.5674795728765615,-0.6013734618520409,-0.7373429994210161,-0.5609193666138835,-0.47600890800552625,-0.06171003067559599,-0.8415374583256664,-0.5253971687094906,-0.5279928573353199,-1.0351087862217767,-0.8138682232363655,-0.9301865126413775,-0.7353276318781764,-0.2829547242005359,-1.0412739408427063,-1.0247188504007891,-0.3165622227434111,-0.6596630550293079,-0.1017579621032996,-0.8364004260228067,-0.5078137285769674,-0.4222447478597305,1.3962694824301158,-0.7225289104531044,0.7043645903218247,-0.44654468498911065,-0.19977052786114924,-0.9332746908388686,-0.2199625280944003,-0.46050973246681454,0.02704102806013173
Reg_6h_Amp.20_M00.11192015.Right.P3,0.03338632631132961,0.15640565716433114,0.17385702576445417,-0.4901729958206707,-0.3855064558123822,-0.885808275706084,0.272426439543028,-0.313739663438196,-0.5839419779131748,0.4949599144253125,-0.4903669844475603,-0.15197929013867395,-0.15453240685187367,-0.6114766369117012,-0.5880446104679375,0.8138298809121274,-0.6021488774682355,0.43832478096826916,-0.33297112096445663,2.1436728547572614,-0.7819752409305358,-0.5413343145745199,0.0826345221257921,-0.33701917942658277,-0.5257860747639668,-0.9722028788747222,-0.49464059159108165,-0.19320182317649276,-0.38367376338510084,-0.01929981679602874,-0.19025157933573927,-0.212344300447376,-0.6059096260891846,-0.1230214226627256,-0.2806320282060679,-0.36019060038602885,-0.31256034291871754,-0.6190463810210551,-1.1010197113257678,-0.7906314582225341,-0.4353502181851149,-0.6742917016762876,1.3905297723637249,-0.5555781823948627,-0.7133229154189004,-0.744251506940218,-0.38121173540475156,-0.5168577032039191,-0.36442807517018383,0.5131239947563698,-0.46214252581249776,-0.03769633064979468,-0.5353750900799373,-0.4863194860581108,-0.7324729653542724,-0.553028469871621,0.8862912787568266,-0.690385606296298,0.32968535072495836,-0.6166261471218695,-0.0921355758995935,-0.0982200743697518,-0.4685425304700907,-0.30038794507030847,0.17311412196343437,-0.23496360649526832,-0.7402164928793629,-0.6225835987170263,-0.4889139513620728,0.0338346625856216,-0.5079914588214148,0.05345748365508409,0.16920326599582622,-0.8469804667920091,-0.6049338203935485,-0.6086486776483299,-0.5650987960498751,-0.4574073506456565,-0.6545424503513882,-0.44207875626065135,-0.045212761540647815,-0.48304061079695915,1.4830507163360942,0.8161205998900256,-0.4646947088395975,1.7621214450595641,-0.622162713325068,-0.24118891976349638,-0.52180844550493,2.6014284577872173,0.18725662434808948,-0.07956200569149631,-0.7256505674600711,-0.15942437714214103,-0.4253071930859623,0.05541270317238945,-1.0007287322352347,-0.6839447878225041,-0.4616363268070695,-0.5243506738339392,-0.29738768183122205,-0.43861353159285077,-1.0465906021643308,-0.1827525987679734,-0.8068890170985846,-0.4023243361266323,-0.16805417326379668,-0.8578624773391235,0.4678328112549897,0.4352978480110979,-0.6192054680131444,-0.6488236813561153,0.7802806781380082,-0.6890071271759687,0.015654002182123913,-0.4208828115416081,0.047333865070260654,-0.33262879306390847,0.2192543672881736,-0.3680659701082735,0.05168986944132495,0.5021177835292912,-0.07972574873188737,-0.2427430538906782,-0.3659319783191278,-0.1810883862051255,-0.7373429994210161,-0.4600115998659643,0.20564949368145544,-0.5959762426812724,-0.1383819107995004,-0.05078767334828168,-0.33271547086047454,-0.5310314604999781,-0.42966607221998526,-0.4256521211570542,-0.4614393331895899,-0.4518401426131981,-0.10793219819324078,-0.6059618732459107,-0.5454115744997629,0.09429502371494818,-0.22719329598187465,0.10918243779632095,-0.0019160149040829122,-0.5358532001986714,-0.2957510971368004,-0.3066466388053693,2.2871113561386407,-0.6238032187942011,-0.6166829338322434,-0.7846325124296201,-0.2199625280944003,-0.13623527959583592,-0.5642866406683561
Reg_6h_Amp.20_R1.07152015.Right.P3,-1.0054189128590354,-0.9900805341544341,-0.9694407986652516,-0.6237095150788421,-0.5226932969424966,-0.9551022738056473,-0.682089265761597,-0.830498602759916,-0.9860003889353608,-0.8164744934317868,-0.7445537845819566,-0.7568833437095449,-1.1972677128405875,-0.8832440310946795,-0.6557940918478622,-0.3446506300996994,-1.0640997249317201,-0.3351895383874998,-1.1460401372730138,0.9030911834051625,-0.1470403406553865,-0.5413343145745199,-1.0179924013748438,-0.8010721971831503,-0.7690641293078948,-1.0149618283954653,-0.8219070940267605,-0.6437268794833938,-0.497501027047611,-0.8692983610464606,-0.8034507028266415,-0.8588506752008922,-1.0700106162851557,-0.21911939636098804,-0.7274184424691958,-0.5540846971307061,-0.4324962884572952,-0.30461841259257444,-1.1185339208784157,-0.9642158535688059,-0.5994332761813602,-0.7058872768516729,0.6425375921924918,-0.7551871102014002,-1.0297403006281973,-0.8653889595261473,-0.6766813755156886,-0.9086467947206583,-0.9320476340537517,-0.896218124974599,-0.5164784967104694,-0.7804811710398373,-0.6073764540039257,-0.6341080815304144,-0.7746905884490524,-0.553028469871621,-0.03996161122184196,-0.6638271323273272,-0.6529733246216247,-0.7093694290497087,0.4606778794979672,-0.79609955015483,-0.5872994275899607,-0.6627559109756818,-0.005969452481497912,-0.29936271652964963,-1.54522093593502,-1.0065203770263271,-0.7799649170481143,-0.7409322649555997,-0.6397946481372414,-0.43003787405521493,-0.5559686021823148,-1.0112271026847752,-0.9422925134721495,-0.6155117290945114,-0.9513273177754377,-0.9285565530274486,-1.2484084030418636,-0.44207875626065135,-0.5495944181603731,-0.48942440741542115,-0.6291867703752109,-0.30676400158346956,-0.3582733653052486,-1.0151492243742848,-0.8571564538568479,-0.2608451844477073,-0.37705708812108785,-0.2560837984225957,-0.7813121222799595,-0.7076831032559404,-1.1102710095767165,-0.8919806947287496,-0.6814237732894805,-0.8055474405597778,-1.087700582623502,-1.3498744264730926,-0.5882588027748278,-0.3460809524488737,-0.9757794668168077,-0.5227384936986944,-0.3566449671136761,-0.7563190131044927,-0.3574402131127414,-0.714638752263455,-1.075546708888299,-1.1190788102160412,-1.1632778980567346,0.005727603263303899,-1.06828076704743,-0.6453186915664156,0.14933896707100378,-0.6282401497216025,-0.6887760960134547,-0.7245746025039844,0.19228823447257107,-0.6848769916046807,-0.2180734349736479,-0.5377874881650566,-0.3770743816488502,-0.93998800815141,-0.6989450897492941,-0.6749388806804549,-0.8293995082264146,-0.9360449109782882,0.23284515771189987,-0.7021902400609704,-0.775477369840062,-1.0343485191987503,-0.7893041315915509,-0.6258688805973203,-0.6284212275223832,-1.1401248957471515,-0.5774361303032085,-0.788916883025767,-0.9575188721157462,0.19299509132605755,-1.2381143166843362,-0.7783912167802723,-0.9077563814473196,-0.6596630550293079,-0.9702034721353652,-0.8752599957687983,-0.990277329765924,-0.5926574263681419,-1.0007596719563487,-0.4448111998369207,1.6668332965400496,-0.564717040859171,-0.8251391368177905,-1.20432807499691,-0.48658377426943095,-0.7189174870489189,-0.6889227912553094
Reg_12h_Amp.13_M00.07202015.Right.P3,-0.7230252556088391,-0.6134929575354123,0.1689207676450554,-0.37147386759118506,-0.488396586659968,0.2921896919864917,0.05927166868661974,-0.3998661533251493,-0.8998450151448923,-0.05157619194585796,-0.6105904709976127,-0.8025364798281012,-0.22694458087886768,0.16985462136436144,-0.6062080103016976,0.15166563159208651,-0.6021488774682355,0.8056557819408717,-0.43253059234917796,2.069328770004815,0.7259951472229439,-0.4041487305465118,-0.10350793241247667,-0.5306897345671292,-0.2893303636032586,0.16573690675795538,-0.47800454438393464,-0.6300704667429603,-0.4649789517154652,-0.5553349347917966,-0.35534365104482835,-0.5657677853126315,-1.0313355337688248,-0.7236337582768659,-0.47088857627978326,-0.36019060038602885,-0.2689472718137802,-0.5231887441454685,-1.0581400948348023,-0.3070749283293485,-0.6120550498733791,-0.7374828520270581,-0.19211063660072905,-1.0346396091305528,-0.5740992659268097,-0.6231140543542887,-0.3732260694558073,-0.18600031424916819,-0.8773440176308008,-0.1297126898753411,-0.00028677317973929104,-0.4833672348838202,-0.6193766813245905,-0.5496574555462409,-0.25160956609331947,-0.28155163836488006,1.7206548517168603,-1.0506570792666852,-0.2156842755991369,-0.529706424647081,0.18427115179918685,-1.0287260420831894,-0.49648532979241305,-0.5608399205647956,-0.9013873247061592,-0.15207877061657193,-0.8296614309966581,-0.4983687586757819,-0.7464221942385564,-0.34561526038219725,-0.03020489755154351,-0.062004094305584234,-0.00946226674371577,-1.0686559963535747,-0.5071785181441445,-1.083447054970525,-0.523869832109874,-0.8107692524320006,-0.04151953144509106,-0.44207875626065135,-0.5747373104087885,-0.43197023784926303,-0.4597824057343908,0.5307340392398914,-0.39374714648336495,-0.012693319436302548,-0.739659583590958,-0.752251801552981,-0.878637373009285,0.09471568991623558,-0.7813121222799595,-0.7076831032559404,-0.5718023906134129,-0.5999092345593812,-0.7275247577261138,-0.23262910962035768,-0.929856934005957,-0.35097996849720997,-0.744101850119761,-0.36588869926943657,-0.5976594555133665,-0.5017072531722334,-0.4454498508330673,-0.9355585175846549,-0.10061232512083093,-0.8368487411865595,0.43694085048587156,-0.6010735399346958,-0.9310204740294346,-0.1661004946358137,-0.4987218511990678,-0.5664564212981735,0.1726773721997577,-0.6490314957266501,-0.9906747095258456,-0.5170747815296911,-0.6237511784589542,-0.1687924216495958,-0.07671495343447327,-0.06976754443271535,-0.28408376149555004,-0.4161042879947374,0.20722955564203288,-0.305052227159293,-0.03332226322586664,-0.4768445505492511,-0.7373429994210161,-0.5811009199634674,-0.3991364233828218,-0.5281655311574749,-0.556628403412309,-0.46906154364985175,-0.46661996444322557,-0.41551374002206587,-0.6660981651531424,-0.9301865126413775,-0.7277241293605409,-0.7742577595828259,1.7164325475263258,-0.7660748350992466,-0.7170485883170266,-0.40834369544788923,-0.27024862267642225,-0.9659323251761119,-0.3223469748114888,-0.6494616525376123,-0.5777545270646197,-0.6572652484583013,0.8277959573669045,-0.5808314530232701,-0.35611268010030955,-0.8808127455179574,-0.8865156435319769,-0.14124471975184213,-0.17752006317285143
Reg_12h_Amp.19_R1.07202015.Right.P3,-0.4507170861175784,-0.8036449082295566,-0.2944830558086979,-0.41598604067724215,-0.5226932969424966,-0.19286829471045122,-0.1789071842213429,-0.9166250926468693,-0.7275342675639556,-0.9596669533010335,-0.5126942033782843,-0.4258981068500117,-0.719347364262427,-0.47559293982021206,-0.6425348099692175,-0.3879812604401972,-0.7723412949547824,-0.3431366033123879,-0.3827508566568173,0.9152592771171398,0.24979397201658188,-0.7107585108491099,-0.3488341417270158,-0.48260973621982484,-0.4942690851673876,-0.713580200321841,-0.12646577635094294,-0.5481319903003594,-0.26984649972259067,-0.4328126221070497,-0.7405584850327028,-0.49680710533892314,-0.7219348736381774,0.2853949655548898,-0.5148846273509718,-0.2147700278275209,-0.34527014624742053,-0.30014256962562097,-0.6353833125295086,-0.6046481774943858,-0.37224134972502054,-0.8322695775532137,0.21003569682466497,-0.8150697885433614,-0.536129179701694,-1.0439073107054115,-0.4450970629963055,-0.5862531177644316,-0.5392014937418149,-0.4615713648416865,-0.22668665192128756,-0.7433419290203351,-0.6869243526347238,-0.5391011272982192,-0.3219922379667111,-0.6736848394301725,0.4418499476091511,-0.9340307370551175,-0.6529733246216247,-0.7341505331052436,-0.9213557589959345,-0.4471598122622909,-0.39169983233370426,-0.3342467018845917,-1.4028213331519697,-0.4807807701645553,-0.4378926020429049,-0.9048900533562182,-0.6507440198555648,-1.3290720898025732,1.1395484076264173,-0.5753819157749993,-0.5664783394022879,-0.8676548685127768,-0.6049338203935485,-0.6754074508066412,-0.4411361252068617,-0.045151798561588456,-0.3288740246824179,-0.44207875626065135,-0.8021661993830906,-0.44473783108618703,-0.5483178255028778,-0.46516037017397477,-0.7130111770864116,-0.6275329411315984,-0.538236377420861,-0.6343142134477153,-0.8449742666409497,-0.5695389506994787,-0.7813121222799595,-0.20518622520438512,-0.03333377165010929,-0.8021185744541941,-0.7326470893301842,-0.2293372031884405,-0.6141696367708673,-0.6488958594724732,-0.6466999455291778,-0.2866577119871852,-0.019358261755162323,-0.6208842828221786,-0.24106199538043782,-0.39784000414416815,-1.1279238770884727,-0.8775854041609277,-0.974714204930021,-0.4239777210350906,0.05474639280643473,-0.2520145435853725,-0.6739707483831793,-0.5486811159361252,-0.15406029960279816,-0.5977059990668466,-0.8229532575745173,-0.3209118713039933,-0.2211001523414253,-0.365396067346771,-0.44336351492670745,-0.5172151829460526,-0.5746794494746132,-0.01390758815582772,0.350707207828993,-0.49082230102206703,-0.4394820381677604,-0.9204787970654396,-0.7373429994210161,-0.6618271333618028,-0.897136432460342,-0.8836580491458673,-0.7370708048574354,-0.49745268868734077,-0.5056754417381947,-0.7305620685981901,-0.45922008383662993,-0.8494610100038857,-0.3845594744001646,-0.19083540506635652,1.6807139783400733,-0.8399731251854016,-0.2021375468652353,-1.0115101584432942,-0.03778655340657133,-1.0566046545834256,-0.6938910485486031,-0.4222447478597305,-0.037247953036299325,-0.23652291687478294,0.04277693961667052,-0.4250588021036451,-0.8772531875641773,-0.15937356077989287,-0.8198603319882193,-0.8418719637493098,-0.6743112847386677
Reg_12h_Amp.25_L1.07202015.Right.P3,-0.7526765896201097,-0.9532269801925398,-0.10811412681099276,-0.3121243034764422,-0.5226932969424966,-0.4353972880589227,-0.6824493244961517,-0.6582456229860093,-0.7562527254941117,-0.581295802736377,-0.6861595196862169,-0.38024497073145547,-0.47314597257064733,-0.3057383184558506,-0.7012934084314311,-0.9512794548666692,-0.5535224724720792,-1.1387261030150682,-0.7809887421957025,1.1375792527181678,0.637897929809767,-0.12977756249049563,-0.03286925735692865,-0.8280834322097258,-0.5453695555246517,-0.6618556646112648,-0.12646577635094294,-0.8349166578494628,-0.5950672530440483,-1.1220006309587511,-0.7877276483781568,-0.7381694852469025,-0.9926604512524939,-0.38729085033294736,-0.4652416924328465,-0.5540846971307061,-0.4324962884572952,-0.18638156088222044,-0.7863678776385421,-0.14588941836495334,-0.6751639183334734,-0.8322695775532137,0.14949753910471317,-1.094522287472514,-0.25768188071751263,-1.037531655306152,-0.6367530457709674,-0.4703599659174219,-0.5248302046815482,-0.7346939911414221,-0.38969456461520235,-0.4833672348838202,-0.5716231994093679,-0.7080023792665662,-0.4894460918864218,-0.6736848394301725,1.322229632668719,0.3904288126148635,-0.9175062061290556,-0.8208843972996156,-0.9213557589959345,0.2894907455108472,-0.6222279267428635,-0.7873198992556538,-0.31041152903788277,-0.5230829893059644,0.8697923932319513,-0.667752631459297,-0.6120341979983209,-1.321062991468326,-0.37618826950558826,-0.5564934864945208,-0.3983225438827189,-0.2385213383710801,-0.8673296316945803,-1.052251366578791,0.22307765171282196,-0.5163010009433805,-0.1373043625242,-0.44207875626065135,-0.30692741267187995,-0.5213433905077313,-1.0510901953054865,-0.10103078720729615,-0.7839587394426443,0.40833816063765005,-0.2025310338040326,-0.6539704781319263,-1.0503192154877954,-0.08540367683559484,-0.006457124977520303,-0.7076831032559404,-0.6102644348250774,-0.9620191373382082,-0.7326470893301842,-0.31809206506435955,-0.7088758259413942,-0.9468117504477364,-0.7733224214969361,-0.3262732056283109,-0.8534465219833415,-0.5998530422957177,-0.6050253957319118,-0.39784000414416815,-0.6784750731026294,-1.0812687190327686,0.5377733544441496,-0.6807666584395182,-0.49603549845830547,0.005727603263303899,-1.1120929913434578,-0.7497173160167554,-0.7934521228715926,-0.729886730190724,-0.856497547964783,-0.6215117775167527,-1.0264022045764831,-0.33262879306390847,-0.36137559563398614,-0.5840751749078156,-0.39257281834106694,-0.7390379289578336,0.7735887090116123,-0.4339972168646661,-0.43478300656632,-0.9282618540218639,-0.7373429994210161,-0.5811009199634674,-0.7433914632149331,-0.6918701781694706,-0.8557829110713342,-0.6761186948229644,-0.6116831658245392,-0.7200604576456525,-1.020746304552878,0.13942639730538783,-0.501308721057618,0.4693530487285957,2.3651904726374973,-0.9631369419956599,-0.25934988480432325,-0.3078159516153217,0.07541715357014381,-0.11529634343635707,-1.0108039841252952,-0.36544052169026,0.24475547689152002,-0.23652291687478294,-0.310344209887573,-0.6452891016796666,-0.929367238310564,-0.6228748476901437,-0.7532050204444616,-0.872821376198299,-0.5281962195722512
Reg_24h_Amp.16_L1.08132015.Right.P3,-1.065931839412649,-0.6463204929972679,1.5440212437632581,-0.4456608227346136,-0.4198031660949108,-0.7818672785567391,1.8739676908425271,-1.2324222222323649,-0.6413788937734871,-0.40472259913953734,-0.29457444920890363,1.343160917744045,-0.09660266763027846,-0.2717673941829783,-0.4472782617562978,0.46418780292292705,-0.7966544974528605,-0.3440196105262643,-0.034292706810292825,0.23832744912570353,-0.14545300340469863,-0.9528910666585442,1.546000587803567,-0.908576912588921,-0.22758256390037945,0.14849539485442997,-0.2491907147643225,-0.5754448157812264,-0.20480234905829914,-0.4174973330214563,0.3207476902400126,-0.5140472753323502,-0.6445847086055155,-0.14704591608729123,-0.5738356125662457,-0.5540846971307061,-0.18172112960390552,1.5330881122557345,0.1264848030106742,-0.6046481774943858,-0.2838889338808885,-0.579504976150132,1.9436755677591697,-0.5755390751755165,-0.4222189210263471,-0.2597016965965009,-0.28538374401742056,-0.6776331120389524,-0.276716852905588,0.15222034372438595,-0.697598399703708,-0.26053178276680744,-0.27866919636468684,-0.12740432562537357,-0.4023392991729868,-0.553028469871621,0.24599565682526406,-0.06972561680404457,-0.5342034594550231,-0.6536119449247553,-0.9213557589959345,0.367032909486967,-0.021457741312933303,-0.6061359163029673,1.0327152792991092,-0.31372139660407095,-0.5613266166447723,-0.3741539186345375,-0.7627050693888273,-0.9224214555108965,1.172499204955374,-0.13465189923050147,0.0746156310160687,-0.7527970811751782,-0.47116340678910096,-0.8335695909527339,-0.2751171533548169,-0.3985137003479325,1.299468103662434,-0.44207875626065135,-0.2838797614441659,-0.37451606828310485,1.05793231806227,1.8006359598361832,-0.5711160523739465,0.42885509149204776,-0.03467836199561841,0.40746781481546485,-0.7271533943517758,-0.3794129524614352,-0.6844552476171546,-0.20518622520438512,-0.225643992708432,-0.7952888967591114,-0.7326470893301842,-0.10601732377739191,0.056665869853698446,0.227327349278301,-0.6272195646110611,-0.1480034842432454,-0.23066062101296772,-0.42459270457521014,1.283649546632494,-0.5412316077282979,-0.3574402131127414,-0.6060076509984732,-0.6722166930551868,-0.6360499641673679,0.2966259101148658,-0.2090575191105931,-0.11536488860882406,-0.571213193155623,-0.7990855310061195,-0.18398834595191405,-0.7558646767939861,0.02271676434093527,-0.2211001523414253,-0.20155969593245832,0.37828265901974506,-0.1726290705277354,1.281258344418337,0.1430122633987836,1.2870876747333644,-0.5395177053412366,-0.331200005612829,-0.13439004446657934,-0.7373429994210161,-0.6618271333618028,-0.6342325350506927,0.7191405868711618,-0.5233890136724173,-0.2601618992884656,-0.5391515651338824,-0.6255459590728153,-0.45922008383662993,-0.5265589994539188,0.029922654841180105,1.8818492754526794,0.6122628652904356,-0.6921765450130914,1.0374631084816697,0.8482531024592043,0.8370194026144614,-0.494824807955541,-0.5863150979400013,-0.5926574263681419,-0.4602530979280284,-0.37468747790633433,-0.26806467654551475,-0.19945703180625723,-0.720911035325017,1.0559074025790165,-0.08665190500688501,-0.46437840902293803,-0.6889227912553094
Reg_24h_Amp.21_R1.08132015.Right.P3,-0.4204606228407717,-0.7280796379211345,1.4785402687100104,-0.5940347330214707,-0.5226932969424966,0.43077768818561823,1.5859207031987324,-0.48599264321210267,-0.9572819310052046,-0.4803968292524686,-0.2825521005538984,1.229028077447654,-0.719347364262427,-0.06794184854574457,-0.6606982098029774,0.1753530428448918,-0.5292092699740011,1.1570926530636985,0.9944884974984938,-0.18607191692618552,1.2498164399499423,-0.8842982746445401,1.1135773472608197,-0.936128372316028,-0.4353844328515647,0.38125580555202315,-0.4128239659821619,-0.6027576412620933,-0.3186296127208093,-0.03461510588162211,-0.3867897599417977,-0.5226673603290638,-0.48988437854019184,-0.3632663569083817,-0.6514026983758164,-0.4571376487583675,-0.32346361069495183,0.4182302265704098,-0.5447925734640885,-0.9022214266594232,-0.2838889338808885,-0.8322695775532137,2.233739826320196,-0.5156563968335552,-0.6120693521519253,-0.699621919145402,-0.22149841642586662,-0.6600033053034376,-0.6738280209386363,-0.2648056018085436,-0.2719666276695972,-0.6690634449813309,-0.6936048915555062,-0.8980162877309565,-0.5571003120969769,-0.6435207470405347,0.2940839230410814,0.23569683383912032,-0.8844126027894526,-0.6288308408692204,2.94833842878699,-0.8348706321428899,-0.05638624046583623,-0.41362793441573764,1.5878743600783993,-0.09017308406816821,-0.20354686417559145,-1.1081507006964362,-0.7315070806009083,-1.3854380082681232,2.6058588887649883,-0.5075772978450765,-0.7241243977018837,-0.2646514849903837,-0.5534836613149149,-0.9274686130118538,-0.48250297865836783,-0.7518756021342765,1.0695845090725726,-0.44207875626065135,-0.7309280046792473,-0.43197023784926303,1.5908759761658715,0.08103400427604318,-0.7130111770864116,0.02072187739496353,-0.15217523226150834,0.741624314447051,-0.4814127178629275,-0.41551935473127527,-0.4907414982915448,0.422934872360059,-0.18718194849676745,-0.5812792827951441,-0.7326470893301842,-0.13767027023813336,-0.49578690030770867,0.2974252059783629,-0.5785186123157694,-0.36588869926943657,0.0028840918509224532,-0.5648009747516162,0.03191055488316773,-0.29029630145607077,0.34883647886501234,0.2358833838051358,-0.773049197013465,-0.7294680086369096,0.09754811809146571,-0.3379285925349313,-0.4110974026070121,-0.6255405348959676,-0.255461646024281,-0.2656471106963763,-0.7894089671842517,-0.3362854093645887,2.1424613709684697,0.12611304689616704,-0.2313257926179455,-0.10576907856597237,2.7557796113158335,0.10285560847339094,1.3474993177594528,-0.4566776457014948,-0.33875931731949394,-0.11104087359730629,-0.7373429994210161,-0.6618271333618028,-0.71999548963411,0.44734977543032534,-0.6326041513892043,-0.39974471658192157,-0.6228418736231018,-0.5205298495474406,-1.020746304552878,-0.8494610100038857,-0.38303201522773295,0.4539998288728991,0.46240017283507223,-0.7044929266941173,0.08392414283020429,0.19482276754751565,0.2040938685777116,-0.7457280966154931,-0.04262042864787822,-0.6494616525376123,0.5497891869301114,-0.09766406156669111,-0.008169898060509693,-0.44654468498911065,-0.3039986293539228,0.18591347600723812,0.31327996425566096,-0.0742868562804715,-0.747368817321876
Reg_24h_Amp.29_M00.12032015.Right.P3,-1.08610281493052,-1.0213596009624286,-0.6168005630131075,-0.5791973419927849,-0.5226932969424966,-1.2322782662039002,-1.0785139325063695,-1.1175869023830938,-0.9860003889353608,-1.0605659267849419,-0.7651635251333941,0.6407874185600563,-1.1248555388135935,-0.6794184854574458,-0.6879433095536175,-0.7418480748875963,-0.7480280924567043,-0.4234902597751447,-0.980107684965145,-0.8538331572176193,-0.6232415158617485,-0.12977756249049563,0.285004780393038,-0.8821059022628769,-0.9317490585739843,-1.2222048014758409,-0.6446377385407678,-0.5071627520790589,-0.497501027047611,-0.8922712946748507,-0.6069125222205831,-0.6261083802896263,-0.915310286219832,-0.6275357845786035,-0.772407352238747,-0.5540846971307061,-0.39978648512859216,-0.8682016395147979,-0.8192825128323113,-0.8650247705137935,-0.5110808603372281,-0.8322695775532137,-0.5899328159032694,-0.4358128257109402,-0.7259796108272722,-0.7761297839365151,-0.7006383733625213,-0.8250632488431181,-0.8085472661293949,-1.0019430125744966,-1.0688942008398472,-0.11197481468879894,-0.5258491364336365,-0.6552207380264577,-0.9039221590305407,-0.6133566546508968,-0.4673969878979505,-1.0506570792666852,-1.4573692296136085,-0.9447899175772899,-0.3685423035983738,-0.9511838781070696,-0.6222279267428635,-0.6174599152375101,1.014806921854616,-0.5797438885217953,-0.5255486413978543,-1.1533197334387069,-0.7971813437070008,-1.1229511439928939,0.151024487757718,-0.7255207126198282,-0.408832281102692,-0.4702469243246853,-0.7284142021822694,-0.5197409657318872,-0.799648855119915,-0.9285565530274486,-1.3441932341209726,-0.44207875626065135,-0.7071184476258238,-0.4766568141784971,1.3465380020561926,0.35413119150105216,-0.42922092766148123,-1.6233058067033275,-1.025009125665262,-0.5753454193950825,-1.1950705728716375,-1.3130213540101565,-1.1687396209311791,-0.7076831032559404,-0.9948848769417229,-1.3031507751052052,-0.7326470893301842,-0.8026670224318503,-0.9848654455491714,-0.859189429572659,-0.5687784218567111,-0.8412746229629445,-0.897931229195511,-0.9013008231749906,-0.7038037510074807,-1.1506459229608497,-0.9346608913745601,-0.5924287633403504,-1.2772117168048551,-1.194610176976723,-1.4930834401755007,-1.4118542044044162,-0.8382665894932837,-0.5619500058542739,-1.114958772834945,-0.6209079359130592,-0.9906747095258456,-0.930700252478448,0.5842018998936326,-0.9060560930140028,-0.8232644340632392,-0.7383674640503457,-0.22209001472668322,-0.6731563030925432,-0.419541240753635,-0.900558164868933,-0.6184538504660999,-0.9126957401090151,-0.7373429994210161,-0.7021902400609704,-1.1645189876697488,-1.1850389892516335,-0.879525332314114,-0.5672440973340688,-0.6507386431195082,-1.1401248957471515,-0.9911922929362333,-0.6274658777507836,-1.040772155682176,-0.0833628660764806,-0.08347274320700288,-0.876922270228479,-1.1938180711427593,-0.10676046395018678,-1.0497090469974557,-1.3415748327206969,-1.0486009397445335,-0.6494616525376123,-1.0477602436109854,-0.7919583381071503,-0.8361150773097977,-0.7425664364436116,-0.929367238310564,-0.9769929786062946,-0.35327315118191566,-1.0619897401092675,-0.7327573108052343
Reg_3d_Amp.21_L1.11192015.Right.P3,0.5780026652938511,0.4010637044743864,0.566843616045561,-0.17858778421827082,-0.07683606326962486,-0.05428029851132468,0.30897240110033447,1.236537154526964,0.6222332551533829,0.12499701165098173,-0.12282661128025743,2.3703564804115618,2.162657162011935,-0.06794184854574457,0.5238733188552636,0.6843796227698904,1.1727149048914685,0.8038897675131189,2.471287323038526,2.0400363102640307,2.789533573117179,2.4170728049894747,-0.13691811656037123,0.4854729271326421,-0.2830784128635539,0.5450501686355146,0.17352851754842938,-0.27500373549168944,-0.3999348010511737,1.0221398410243203,0.2578554724460739,-0.022702430519677946,0.6703680969497361,0.765884834046202,-0.6512475642041973,-0.06934945526901293,-0.0726884518415622,0.08888278158541747,1.3545932556075528,0.6351163718394509,-0.4605937655691526,1.6321852861268327,0.11490430612188358,2.1191814502127393,0.7042269703187503,1.4553496058042872,0.17778488102134568,0.49373058090200483,0.17834306133821332,0.9006644438586614,-0.5164784967104694,1.893544254364316,0.47548941958141755,-0.021841043145156742,-0.4193299756639549,-0.6435207470405347,1.6796404909324927,3.3332232000027857,1.4632897274378225,0.4243041287308727,1.8427115179918687,1.3750810411765244,-0.2659572353832538,0.15257201231140818,1.874408079190291,1.6545355151543468,1.1381272075838371,1.827836427551159,0.7787838658372152,1.8910387857534792,0.7441388396789376,0.5529353584488652,0.1481837915558801,2.204790942767988,0.5218246634285291,2.7158758342587896,0.027688213910208058,-0.16293909915703647,0.07342226584983967,-0.36021231991608627,-0.10483189240242041,-0.24045633929540258,0.05758099693509173,1.1861672885799128,1.2376920498982036,1.3305975931805938,0.25067118007868566,0.26987396202598823,0.8247158092284853,1.312429896753927,0.7683978723249189,-0.07956200569149631,1.3512998199698143,0.760683891818888,1.0089456560537395,0.03642093529594459,0.8383076178077808,0.36804879660367534,-0.08176889890379464,-0.1480034842432454,0.40324645676044846,-0.3474781559781868,2.1994328321264613,1.105620959435433,1.1193201428407435,0.250955949105652,0.2352758425693155,0.674016356142462,1.7283270310831513,0.0486846277380833,0.6951612608676913,1.399091781482682,2.1765611229100137,-0.1292478456004602,1.089071294670625,0.2806314838714828,1.1210699347170046,0.1210341193823233,0.13090531632618946,-0.044052162908960336,2.2576598560279892,2.9104421162902328,2.374497249202957,-0.4048681606307316,0.45272104894051446,2.177177871591455,0.23284515771189987,-0.4801931532155482,1.025511253592299,-0.56857797539893,1.1461780481198567,0.2195563271856839,-0.37735030205472486,1.5587891190549787,0.27963020657948595,-0.3017384746085044,2.0597266522735267,0.4079401693058094,-0.3905747891453252,2.1529076233038764,1.2663124602380214,0.44614212712893436,0.28387465504509407,1.1030806999996314,2.042027046659353,0.7706440016991493,0.9901845433340558,-0.5836700551450126,2.455247112114514,0.28397533311671674,0.06079972587078463,1.147715806890611,-0.08665190500688501,1.0429670937610802,0.3631056779428898
Reg_3d_Amp.23_R1.07232015.Right.P3,-1.0054189128590354,-0.6187577509585402,-0.5918674225120631,-0.37147386759118506,-0.3855064558123822,-0.6779262814073941,-0.5924346408574658,-0.9740427525715049,-0.6988158096337994,-0.6317452894783312,-0.3941881952075184,-0.8938427520652138,-0.8062419730948198,-0.40765109127446747,-0.5153910111328976,-0.9946100852071671,-1.039786522433642,3.2816080096504336,-0.06747919727186658,-0.8211870521367048,0.5672614221541565,0.9677071097335691,-1.0829036162907528,-0.6492690563337958,-0.5598754233411042,-0.4894405455760105,-0.39918786171400866,-0.7802910068877288,-0.5300231023797567,-0.9994783182740042,-0.8034507028266415,-0.4709468503487825,0.051566776688441195,0.21332148528119296,-0.772407352238747,-0.5540846971307061,-0.45430282400976385,-0.5824936634576018,0.9348561646044395,-0.7782325728406576,-0.71302923940953,0.14719325288372787,-0.8493820632744913,-0.23620389790440274,-0.5108157888849503,-0.5083522571676189,-0.4690540608431382,-0.5109576882007987,-0.7297369712827707,-0.7493780033080745,-0.5889264579077648,0.2965568475257245,-0.6964503062810247,-0.813565661746783,-0.43725509443681654,-0.5831925622612589,-1.148206795482364,0.42449294227071743,-1.1442486759925679,-0.7589316371607785,2.94833842878699,-0.3696176482861711,-0.3497856333502208,-0.6740799099102247,-1.044654184262105,-0.6468943624027722,-0.2929918022928867,-0.11443198036648099,-0.6705439960382942,0.23330654562724654,-0.19495888419632673,-0.5463227938050325,-0.6925951860419646,-0.4943670596655811,-0.07499718188362163,-0.45953328713584013,-0.7034019760894108,-0.9285565530274486,-0.7311703152146755,-0.36021231991608627,-0.5732134987573694,-0.4000512547569529,-0.44073987131491166,-0.23757938081980065,-0.7130111770864116,-1.609939727970821,-0.15217523226150834,0.1322801092365116,-0.43765067958409154,-1.1789118598650363,-0.4907414982915448,-0.7076831032559404,-0.4948783021900838,-0.5400663852998886,-0.6302004572487768,-0.45736502949162194,0.4118140792431744,0.18053702993100962,-0.7343616596607028,-0.7620436356806932,-1.1203547652563588,-0.45263435861049134,0.825689592436495,-0.1827525987679734,-0.8710959890965623,-0.9319009547934186,0.6386058584024277,-0.49038865312244256,-0.13470930593583436,-0.9393269351818428,-0.07155266431279621,-0.23248096562250656,-0.4683239962503303,-0.672132991287814,-0.6216875152329234,-0.8791688399848321,-0.7579681871647972,-0.8650970001604247,-0.8312600231752988,-0.4297828857652855,-0.6947923338392926,-0.2998971065875627,-0.14013739175797585,-0.6829032110982478,-0.3778838630445305,-0.8270821135883472,2.9493719976840644,-0.6618271333618028,-0.726646630694944,-0.5411797081165876,-0.6563465726319841,-0.6733270384770953,-0.43314384104753784,-1.0351087862217767,0.6638323575958662,-0.24401974022269785,-0.2390858848983105,-0.25224828448914277,-0.4895773450420031,-0.44597207520938503,-0.5263407951867335,-0.6234730672495836,-0.42283816827712667,-0.616196197462188,-1.0893053534883288,-0.4222447478597305,-1.1182611010929402,0.11062422139544664,-0.9507547884511022,-0.6667749845651321,-0.5645688830858566,0.5583495694979408,-0.28661783963815796,-0.9323394770617396,-0.4989732065389679
Reg_3d_Amp.24_L1.07232015.Right.P3,-1.065931839412649,-0.5778781784966069,-0.8032198619916228,-0.40114864964855645,-0.5226932969424966,-0.6432792823576124,-0.6723676799286188,-0.572119133099056,-0.06700973517036439,-0.7158277673815883,-0.6535274304797741,-1.076455296539439,-0.6034878858192366,-0.25478193204654215,-0.27926681329401803,-1.0812352370295457,-0.28607724499321974,1.5094125314004014,-0.2168184043489485,-0.7024145861968685,0.8648871566581328,0.830521525705561,-1.178361285284737,-0.3950933347337201,-0.7936357496569666,-0.05840274798787506,-0.630865273229933,-0.8076038323685958,-0.5788062153779754,-0.6625419583909502,-0.8034507028266415,-0.6864489752666212,0.167592024237434,-0.3152173700592505,-0.791023452833044,-0.5056111729445368,-0.4106897529048265,-0.40122202329598666,-0.1824296172024082,-0.51785597982125,-0.523702634029247,-0.42152710027320595,-0.7974922138002469,0.5422709205410935,-0.8019197832775035,-0.04930506842093955,-0.5489107203325807,-0.7548249749964455,-0.5858386446922289,-1.189898368307648,-0.6251504385064125,-0.7804811710398373,-0.4610231661653034,-0.6235517532823928,-0.675540871326983,-0.49270028509234526,-1.0831840283851961,0.4828061133765011,-0.7447500386139987,-0.3004812121333834,0.7370846071967475,0.715972647379506,-0.531413828945316,-0.31171194400485136,-0.6148536055942676,-0.4246357516699612,0.6989525614279174,0.4502938514937583,-0.6651597919886046,0.21335935732308411,-1.0516796147491994,-0.6577160946899056,-0.6820854488219915,0.45033824118616833,0.4189243452712617,0.6363712460657841,-0.6066035390128863,-0.045151798561588456,-0.6162285179197446,-0.44207875626065135,-0.47626098243582854,-0.3234456953354088,-0.6969485162315388,0.08103400427604318,-0.2518520217708997,-0.8416575224263515,0.28390600909675173,-0.6582948563624527,-0.5083432029575958,-0.9405064437347495,-0.9750258716055693,1.5535528479760585,-0.26410603692009654,-0.7523930414364143,-0.47653050912666595,-0.6599438868403672,-0.345835434121041,-0.315931040147179,-0.20839137487155293,-0.4451196865516879,-0.8312041683772567,-0.7120196584368425,0.7765053491457553,-0.1827525987679734,-0.9353029610945398,-0.8775854041609277,0.03361083465275941,-0.07864087418086034,-0.5969015797501614,-0.7245418128079458,0.1365554010933361,0.07220278966781321,-0.8940486967024288,-0.4783817524291821,-0.4875103536718608,-0.5442146587763288,0.5842018998936326,-0.8405215444482778,-0.6819059525240646,-0.7177951588313417,0.09562793746375921,-0.7958873964383664,0.15988193042033597,-0.7966911705967487,-0.4436703054646965,-0.6091565188084652,-0.543305367994433,-0.6618271333618028,-0.4125055511432921,-0.7603658463753266,-0.5327910124845581,-0.6649520694394879,-0.550310272932445,-0.5940411262152029,0.8707104389123786,-0.5467403751132918,0.06459462632159797,0.39181928845732805,-0.2764306658762143,-0.655227399970014,-1.0984641745776127,-0.7099269269455917,-0.5696176910994476,-0.09806860084896732,-0.3537184479754566,-0.13822361701237815,-1.3304686821136242,-0.44411690556038025,-0.8313772825441142,-0.6614035138437657,-0.720911035325017,-0.48297632683438035,-0.8198603319882193,-0.8731189667026162,-0.5428077260888928
Reg_7d_Amp.16_L1.07232015.Right.P3,-0.16832342886738205,1.734914602910346,-0.6118139349128985,-0.26761213039038506,-0.3855064558123822,-0.29680929185979615,-0.608997342646984,1.1504106646400107,0.6222332551533829,-0.6149287938976798,-0.41995037089681536,-0.8025364798281012,0.12063385445070358,-0.3736801670015952,2.549682710814098,-0.9151705962495876,-0.31039044749129785,-0.3351895383874998,0.6626235928827562,-0.9428679892564772,-0.30259939122279816,-0.19837035450449966,-1.0829036162907528,1.7109726602883737,-0.4957453955388385,0.5795331924425654,-0.20828240195986264,-0.13843960808735448,-0.4487179140493924,-0.39452439939306627,-0.5518818316508868,-0.41060625537178763,2.0239959850213185,-0.26716838321011926,-0.4492318459217511,-0.3117170761998595,-0.10539825517026519,-0.16176442456397638,1.2673241769745314,0.7840269852757882,-0.6246768235653979,2.6432436917391597,-0.7888439055545395,1.061254132838091,-0.3336220531677439,1.232201666830207,-0.06977076339592594,-0.6038126862260996,0.004404104712016912,-0.8667032605196275,-0.5889264579077648,0.036582153389209573,-0.5623446731305035,-0.33853089058580726,-0.2938391692173545,-0.5228643774819831,-0.8792554819068253,-0.5217970324063091,0.18381436177943225,1.8987178672750584,0.18427115179918685,0.715972647379506,-0.2869143348749955,-0.7986438981901968,-1.3849129757074765,-0.3874063596207127,0.06478795017629424,1.5003609401696962,1.8027813182874493,0.09941859988870141,0.3816800690604145,-0.6044410377449662,-0.6820854488219915,1.084927516226401,2.5386708993109695,0.6635114949665928,-0.3584024183038494,0.5437847044156516,-0.40550188954570504,-0.31927910174380375,-0.49759434555569604,-0.2851429156246367,-1.051337500947298,-0.7232372121016084,3.0826834089720325,-1.0418813818392978,1.2074314093866465,-0.4332306257282374,0.33660076688762225,-1.3390179636444413,0.3809703736736993,1.930425506514725,0.005128272561555254,0.08662014337440627,0.9577223400130358,-0.5080097438288083,0.1198033293007164,-0.49117568189733385,-0.30579327946213625,-0.8214668761423818,-0.034371850439269484,-0.17922823176649963,0.19982009656183186,1.287011337969357,0.41304345086298994,0.2223044961470131,1.445265890068652,0.6164602150000903,1.23760027374547,-0.3379285925349313,1.1990018402720115,1.8014145380574917,-0.49608865062764107,-0.481897197405881,1.0219827138900934,-0.13196335882740168,1.6579379695403764,-0.43093061591249604,-0.8541866018999337,-0.49664287772704857,-0.9582657576069766,-0.2351089773256254,1.5438371575942402,-0.6491168128552927,-0.3183287451393182,0.02905415161833216,0.23284515771189987,-0.5811009199634674,2.151024696926896,-0.3767901044225333,0.882019869372689,-0.5253692521460319,-0.4721993183425069,0.9076892399976555,1.491344682861916,0.03851951900852318,1.452608941914274,-0.2676015043448393,0.008153151662079666,0.3423995161930787,-0.7555715625293457,-0.7099269269455917,-0.20572679076911027,0.886373832716152,0.573760693758165,1.9067285250885584,-1.8477099731728996,1.8463599127465944,-1.0159025752684678,-0.6667749845651321,-0.4603407815930831,0.08536141414215821,-0.48658377426943095,1.3938758967684484,-0.6889227912553094
Reg_7d_Amp.16_M00.07232015.Right.P3,-0.5515719637069343,3.036557353345994,0.5517326218025038,-0.2972869124477565,-0.4198031660949108,0.04966069863802023,1.1003814996516608,0.23172810584584186,3.063302179216654,-0.47198858146214295,-0.21213548700315346,-0.09491286999047857,0.7433785510828521,-0.1868400835007976,3.3851991031670567,-0.6299106131746436,-0.09157162500859466,0.3623861605748946,1.2102006854987233,-0.5748573501625315,0.049789478429909856,1.5164494458456015,1.3989957775528317,2.256869720175465,-0.08491729800472173,2.4416164780233105,-0.29009902756878236,-0.43888068837689137,-0.2535854620565178,0.7081764147696562,-0.22169768823270863,-0.22958447044080313,2.9908730479295915,-0.21911939636098804,-0.3349289882727675,0.22149168984800297,-0.3779799495761235,0.821802067424047,1.351573564305372,3.239006290887346,-0.00620991265647334,1.892216869820253,-0.4861531169547806,2.019376986309471,0.2992127172508501,1.321460842419839,0.07397122368507048,-0.24433320067882974,1.302826891808633,-0.7669988179080575,0.11744116376586582,0.9279239618572607,0.5872028759789458,0.07316591108703842,0.5567339228689266,0.7446307847306011,0.1995508231844298,0.9510435566120525,1.5010801390817412,2.577782071156853,-0.0921355758995935,2.9646954026869805,-0.16117173792454498,0.9678999355984982,0.6924564878537379,0.02349263484431773,-0.024656987941000998,1.3535615837573165,1.7245149650651475,0.9955309229469109,-0.771597837453068,-0.793325330549751,-0.4824004416425034,1.1156519743392084,2.965707219663629,0.41394598783271885,0.2621003834687429,2.251700563049648,0.8013869820510676,-0.15554622905467363,0.09593029267204732,0.1042686781015462,-0.5379309885467982,0.17206640001771284,3.29552609604073,-0.7210954922591434,3.792362555236225,-0.31981397850034016,0.6395687242026407,-0.7198447452913557,2.8992491149066266,0.9254317504116143,0.9282173336415043,0.41207679021372057,2.8529850335190705,-0.1566620381145782,0.09612678200808467,1.3101639906525075,-0.16943061303531962,-0.4451196865516879,0.41403399825939957,0.17830285718333572,2.3322302890114592,2.469992067538428,1.5687689468265869,1.023458867976254,-0.4705516851386308,2.143336091597762,1.059757446204566,0.3064267745867597,2.4147910644867845,3.3771578049410365,0.398416083876154,-0.01615095863580513,0.45172977725557734,0.7354820848151324,-1.0264022045764831,-0.5292324387610836,-0.24457815026224314,-0.2960629018417595,-0.13684861291949135,-0.01205420408234806,2.163056498611647,-0.1446081728603656,-0.27981711657968694,0.6205664803065833,-0.7373429994210161,-0.43983004651638047,2.745950882267826,0.5547509831771075,2.116768228524694,-0.5638382765921084,-0.3940883637525688,0.7711682976146683,3.3236934030938836,0.07888227032726904,2.748935155147624,-0.1294225256435703,-0.3544679746418309,1.6356195927007915,-0.25934988480432325,-1.1623017741921453,-0.18432144369085512,1.3789836451961714,1.2453835205307875,4.292506024206318,-1.0712605294383035,2.6100836169410995,-0.6908600099660972,-0.3552296827258822,-0.04342837562198892,0.8329441349651435,-0.48658377426943095,1.7710718609905027,-0.4551386869890429
Reg_7d_Amp.19_L1.11182015.Left.P3,-1.136530253725198,0.7336747713237527,-0.7226278926953178,-0.0005390918740423264,-0.5226932969424966,-0.3661032899593594,-0.8372745803546913,1.4087901343008709,1.3689131613374423,-0.38790610355888594,-0.22072287889958575,0.8866295565584819,0.48269472458567364,-0.8492731068218072,-0.06584686524733836,-1.7998376323680854,0.20018680496834296,1.2453933744513432,-0.3827508566568173,-1.1476481029458503,-0.5438746533273549,0.4189647736215368,1.1956709425956458,2.594240045657393,-0.5578846411735418,-0.3515084503478072,-0.5900933214681546,-0.8212602451090293,-0.6275893283761941,0.6698881920556728,-0.48898961385694806,0.13245909942116593,1.1344690871457073,-1.1080256530699157,-0.7041483167263246,0.027597593103325706,-0.5088191628909355,-0.40905474848815515,0.5724932083427592,-0.49305820905749687,-0.8771122974057753,1.1266560833206694,1.4337713135922618,0.9814105617154759,-0.3410895034586834,0.7859057888820464,-0.7405667031072426,-0.25244572130812043,-0.7483732880641489,0.0729266780244627,-0.6794864094043841,-0.7433419290203351,0.07341994749729033,-0.7607840205066746,-0.5981768374052137,-0.28155163836488006,0.024060805612292915,0.2824628423496994,-0.18329249419006372,0.15177393688012794,-0.6449490312971542,0.21194858153472737,-0.7270134242015723,-0.3909799365466518,-0.3999533162603489,-0.31157189359891807,-0.6489826559997217,-0.0240939148819396,1.6418413803021719,1.7713556559285044,0.31577847440250123,-0.7109911516348448,4.078825511825804,0.022492983353613022,0.15138351806236655,0.6048636007901323,-0.4687140275078658,-0.4574073506456565,-0.5204436868406358,-0.44207875626065135,-0.2880702434855684,-0.2596077291507886,-0.7886989093435741,-0.6472251616573141,0.3866760394351937,1.7248969157895335,-0.13538996508066692,-0.4967203606582387,0.0571969840304386,-0.41036129726415527,1.2526822456389435,1.5535528479760585,-0.3794921695550902,-0.06020814243134044,-0.06674398080103688,-0.8150433244980002,1.1148496901857192,-0.0004906849969002861,-0.5298176600204778,-0.9601211038863215,-0.953537113210723,-0.13015533720475753,-0.47099833276464603,1.2511634370733247,1.1835271148387212,2.3103300513365443,1.54609839402693,0.27112336814586,0.7611407581694659,-0.2090575191105931,0.2570390179074127,-1.0108390553493796,1.9934753585378922,-0.5418606445798588,0.9213498427192964,-0.5270375212784568,-1.0264022045764831,-0.9142479115847184,-1.0750592293048942,-0.3783521227177755,-0.3848235999949586,-0.5452110225533306,0.041097537320289576,-0.5113256291564542,-0.8700563468649642,1.461136631600414,0.038807526285316675,-0.21783295967095817,0.33950788538316456,0.7054414532299905,0.6494865957209037,-0.6621604130936188,-0.33271547086047454,-0.22648474287639142,1.0184804969956018,-0.5265589994539188,0.45833440069483294,-0.02194998665369434,2.124478375947535,-0.12562298768590308,0.3890566118386732,0.5969337428777856,-0.8111923224111841,0.4330121856795839,-0.6735388416767054,0.6570355493602084,0.2684907655771116,-0.7919583381071503,-1.0838109669099325,-0.6882608674505977,-0.251884578607536,0.12033604435609906,3.5127349183560286,0.01995013675330938,-0.22135458272277642
Reg_7d_Amp.23_R1.11182015.Left.P3,-0.4033152936505813,0.35120301382005864,-0.19918305211581724,-0.4023356409308513,-0.3855064558123822,0.638659682484308,-0.17296621510118967,0.34656342569511295,0.4786409655026022,-0.37949785576856027,-0.28840870182726525,-0.49437781102784617,0.5695893334180665,-0.5775057126388289,0.029510983879901496,-1.0126645145157078,0.3460660199568118,-0.3440196105262643,-0.34956436619524356,-0.8300905353405906,0.2363016053857348,0.9677071097335691,-0.5101576023268488,0.7936711187858689,-0.33397756817016555,-0.07564425989140047,-0.03101304647386993,-0.11112678260648746,-0.21797378956781815,0.3788976994293988,0.4150860169309206,0.5117428392765621,-0.10313355337688253,-0.6996092648523003,-0.44352290840616665,-0.2632435520136902,-0.10539825517026519,0.32013466821134634,-0.1824296172024082,0.07729051850882462,0.10738605057169648,0.5263401549883504,0.18383132284017153,0.02328770824409599,0.6156301024601472,0.5882604715050039,-0.18157008668114538,0.15535769664566015,0.09860558655221698,0.04943225855781879,-0.4078065549145262,-0.11197481468879894,-0.26827724693235877,0.2737361477994504,-0.44605143091733357,-0.3720439155337937,-0.5419945360841519,0.12137992414659361,0.5528107383311243,-0.12527880646075187,0.18427115179918685,0.2507196635227873,-0.05526852849294336,-0.017287971706735565,-0.4357700311493354,0.11170823817579312,-0.12215197048885279,0.8002409326645006,1.8036063172950627,0.4584679893636265,-0.771597837453068,-0.008729037360644934,-0.29322517168298834,0.28149729379989796,0.4960995838892122,0.6323158065748585,-0.3032466137018412,-0.045151798561588456,0.5715033874612062,0.09005307997902154,-0.12559382615300585,-0.14469939001847235,-0.11676948054195656,-0.053693941421627964,0.45762360179142625,-0.3972354045705127,0.01567743954690584,-0.06428253760559786,0.4173922221716272,-0.4516257570011153,1.0589684963133337,-0.45643466423016277,-0.34103012534342564,0.23783194724232665,1.623625448542183,-0.3022655918339889,0.5380889981372103,-0.35097996849720997,-0.22884577483557536,-0.22723447152549672,0.0028840918509224532,-0.5788218017692568,-0.36962414242651026,-0.29029630145607077,0.5414573948589452,0.5070537703378466,1.445265890068652,0.08517275830127452,0.3629851741226658,0.0486846277380833,0.04893095250128039,0.08096526414206238,-0.6972817982893134,-0.25690871889715344,1.5922356505246096,-0.11006250851761483,-0.3553171610472683,-0.21794333307388958,-0.32409229612802887,-0.3680659701082735,-0.4003220366871753,0.45370121358309085,-0.034417016462321016,-0.5108295808951384,-0.06233367572171624,0.7450953916093731,0.23284515771189987,-0.4801931532155482,-0.1016733307123567,-0.11650656524028075,1.079271905057703,-0.07873215337043153,-0.28808063966622416,0.7186602428519809,0.5497538727556179,0.5345777327159098,0.5787873979119881,-0.25224828448914277,0.00621192507587013,0.8104220200720604,0.75140141878623,0.24508663946379938,0.05725318762088143,-0.007396271441653698,0.5563159450108242,0.4298186446823265,-0.33664159447633407,0.18005364904949256,-0.4520925629952559,0.05837356281932889,0.1129137766171714,-0.30810317576467616,0.6465565219744492,0.3441749912069018,-0.2505775957560597
Reg_7d_Amp.24_M00.11182015.Right.P3,-1.065931839412649,0.9433374270565468,-0.03759615367672595,-0.2972869124477565,-0.488396586659968,0.9158356748825611,0.5424704904590856,2.528434502831264,0.851980918594632,0.19226299397358732,-0.2275927924167316,1.2975077816254885,1.3950881173257983,-0.2717673941829783,0.5880355287680207,-0.14966279356745907,1.124088499895312,-0.5373981903652066,0.7289965738059037,-0.606138254485517,0.32916083455097556,1.7222278218876137,1.3999503542427714,0.44063427698852664,-0.4095713696901366,0.9157426745613111,-0.6173655300044613,0.05275017027871449,-0.2373244243904449,1.2819637203614118,0.68237794255516,-0.12614345048024053,0.6703680969497361,-0.5645916118062415,-0.6498513566596251,-0.5540846971307061,-0.2144309329326085,0.7050571633693441,0.8433595181483652,1.044403578295196,-0.39748489710905827,1.3794206847237511,1.7580828728062892,2.378673056361238,0.07139219990015624,1.627492301584292,-0.19754141857903387,0.16090652027954722,-0.08785029925550178,0.128725924257742,-0.4078065549145262,0.036582153389209573,0.29598086450631966,0.3476304455356022,0.024853569025362843,-0.3418798231441558,0.8195536254944588,1.4897186916783525,1.99775412068753,2.134262261322917,-0.3685423035983738,2.228044844913842,-0.4196426316560266,0.854659946253069,0.5850063431867786,3.6611395605246924,0.24457227579205779,2.5957099841697606,2.7862018458632085,2.0504651771238693,0.2663522784090663,0.41747141819886946,2.187177909602853,2.953950860677476,1.2671831180006952,1.347944898281242,0.6206131133817963,1.54497675947696,0.8397009144827112,-0.27834588357152124,0.14145416575819325,-0.3808998649015669,0.404303506754697,1.582613372034884,0.9542565382850545,0.7291240502178044,0.21710064571700285,-0.28050144913191827,1.6591232267804144,1.1977146986851779,2.1243941176041874,3.5635403601822797,0.7359071125831815,1.0080982617298646,2.8529850335190705,-0.017389073687315865,2.5269189707182758,0.052082707528146165,0.911730527920155,-0.5243506738339392,-0.3085088586342644,-0.45263435861049134,1.3322872983311143,1.3228592388653897,2.724494442790184,2.3677687461304036,2.4535909296514324,1.0591997622491034,1.2920148702318661,-0.46679966595926947,1.1332835038279698,1.2356090434345481,3.290768774660355,-0.2357156077519116,3.302994460428158,-0.2771960563719091,2.3598929250719354,0.42921033401264547,-0.23136996714342647,0.07938166840506372,1.315742366058519,0.7447504705354253,1.2040216655724927,-0.23811327011839736,-0.06570472013144522,1.546828088690646,1.0089956834182328,-0.5003747065651319,2.1743538248689167,0.8424327896417024,3.3038892906636828,0.12938582721411132,-0.3048187013640681,2.2834002747800644,0.8116024156790894,0.7248881051837966,1.8504106762991532,-0.22154184477774966,0.08774344169666375,2.3746024935623415,1.4760910326813437,0.9487808462917717,0.40585455432389367,1.417454619244703,1.4081721009247232,0.8842524540380902,-0.6952559562012112,3.305072187758099,-0.21210647065161414,-0.05979879305073142,0.425598081095492,1.4537438212625935,-0.019996593463127346,2.2638321377224044,-0.5135847130556095
Reg_7d_Amp.26_R2.11182015.Left.P3,0.14120019045435098,0.7788900560164971,-0.3650010289429647,-0.43082343170592785,-0.5226932969424966,-0.22751529376023286,-0.8875027738250781,1.7532960938486841,-0.21060202482114507,-0.3038236256556289,-0.3100317546224818,0.053459822394829395,0.09166898483990597,-0.22081100777366988,-0.3041052625666848,-0.6989146419918864,1.7076053598491874,-0.9621246602397784,0.5796573667288217,-0.5457132818084787,-0.8613421034649296,-1.2958550267285645,-0.41469993333286476,-0.7470497271299993,-0.39648589139773144,-0.4894405455760105,-0.5900933214681546,-0.32962938645342343,-0.10723612306186187,-0.18003377574933122,-0.10369616459683123,-0.15200370547038117,0.5156677668844124,-0.24314388978555365,-0.5133332856347804,-0.2632435520136902,-0.050881916289093526,-0.29081789677780123,-0.031445052093374726,-0.2326816160380892,0.16746569334570635,0.1787888280591131,0.7937965034099144,-0.33600836180767146,-0.40956222561797523,0.23759942454573504,-0.3492690716089746,0.013019834695378209,-0.3598848934672607,0.1316627266910725,-0.07273473437703475,-0.37194950882531386,-0.30155622785255265,-0.32797456233778555,-0.15457132912745186,-0.25138754597524215,0.34067166386234926,-0.5841517104204146,0.9018321830138876,0.24482698260866126,-0.0921355758995935,-0.2920754843100513,-0.04241484080467506,-0.34568394080848014,-0.20296138437092343,0.8061696690805957,1.1640662396378525,-0.1934777876654547,0.7883147754251736,0.9589610777226132,-0.22790968152528338,-0.6625592816849,1.6405664767920547,0.8250617723750839,-0.5894987726699584,0.8194899369252641,-0.3859803206048535,0.07263550203385956,1.0312705766409291,-0.44207875626065135,-0.36635606707722523,-0.37451606828310485,-0.19615459156342113,-1.1242349153436633,0.10288579001026327,0.12765050725501498,-0.3032426368890811,-0.3237452314371824,-0.046216078733087786,0.7560302377756918,0.9621116216505287,-0.45643466423016277,0.15897644940821343,0.08024055905177888,-0.015520664760333244,-0.7675639048068881,0.7748544710635277,-0.0004906849969002861,-0.04280813706756132,-0.04896475014043121,0.12521703668438874,-0.29139484790762443,-0.4936777338375982,-0.6129274095203628,0.28462950686703475,0.24946227146325853,1.54609839402693,-0.22031752930054455,-0.6655834179982345,-0.1661004946358137,-0.5315810194210887,0.31379672874353925,0.3074767811330782,-0.3930066601379239,1.2232484562316874,-0.642124342514199,0.491592163886601,-0.3244369744931928,-0.7525851932936519,-0.4760705725080446,-0.4003220366871753,-0.4216273725337068,-0.47240142840146243,-0.2769703839214697,0.08497074969735105,0.23919668944178982,0.23284515771189987,-0.03619897952470356,0.07880989405399291,-0.4041883717048757,0.6067502374839001,-0.268536868326073,-0.31039805526334935,0.21458291713018235,-0.25234200252011746,0.42196565653660884,-0.018469414515504243,-0.8203174191499156,-0.43211703809020574,0.03448997416743278,0.5034812877168491,-0.10676046395018678,-0.41675293389345125,0.6920759839861942,-0.2286977486195139,-0.47904897402920094,0.31572634009002115,0.8049184979359059,-0.16110989234697273,-0.3068864462335848,-0.35611268010030955,-0.15946099735542762,-0.019996593463127346,-0.3966765692907745,0.6115012887257979
Reg_14d_Amp.14_R1.07292015.Right.P3,0.1584463745221309,-0.5565093110733237,-0.5174709608554114,3.9313695307276704,1.192142217183933,1.227658666330596,0.9939841435907342,-0.3711573233628315,0.6796701710136952,1.2853352067159283,0.7084329242943901,-0.5286176631167634,-0.6759000598462306,0.13588369709148915,-0.2383991636680581,-0.7418480748875963,-0.6021488774682355,-0.5206210533015541,-1.1626333825038007,-0.9399001615218486,-0.8613421034649296,-0.8157054826305361,0.5398767566069755,-0.21600884650752447,0.8883962352216427,-0.2997839146372309,0.7189726882745608,0.8721349347047243,-0.090975085395789,0.7005187702268596,0.17137867297940818,0.029018079460603346,0.36096743681908866,-0.24314388978555365,0.7401508210478842,0.9485945526405427,-0.3561734140236549,-0.3661612533881845,1.8105666422368336,0.10208828927257774,0.6248787719444702,-0.10557134851935383,-1.4936810275796923,-0.7152653246400927,0.1726457631671313,0.027202796370173674,0.30643395945883756,-0.3174512437532159,0.5909381343587747,0.16103075102437742,0.41583620394722637,0.1851391214672181,0.24204169840518733,0.2631798195514287,0.03891512836347245,0.8948479648309976,-1.7377703683600925,0.40948163089695117,-0.5126089385156409,-0.11462293171687189,0.18427115179918685,-0.3308465662981112,1.1032399314105408,0.02551674426583667,-1.671446694819368,-0.8063874853851183,1.9645984357876451,-0.6903371478304323,-0.6556723034010468,-1.2480744160826405,-0.9693026214268078,0.38841229622890255,-0.26169596002306916,-1.212228230525573,-0.10072226142293847,-0.1784601347263145,0.8903249978856165,0.7204656553088237,-0.7120133489988536,0.2537859526681516,0.4024069110637159,1.1192923404370063,-0.5030608930513886,-0.7382575573989838,-0.3582733653052486,-1.2356895234606409,-0.03467836199561841,0.033998785815456865,-0.3299287392054183,-1.5758759625345922,-0.8781689969427644,-0.20518622520438512,-0.3025680811317611,0.2687318357252366,-0.4253071930859623,0.41942158747091607,-0.3931885287063045,0.017559513103365683,0.5026425286397052,1.2217022083986748,1.47132427692464,1.054464337515697,-0.9520475567276865,0.641749121840773,-0.48585415710869656,-0.11716769530605507,-0.873881700971743,-0.21146273835556428,0.3961648061265658,-0.2520145435853725,-0.18108322505286584,0.15457004972575503,-1.195436031899614,0.46265264719058063,-0.42042177289132954,1.4138931302935858,-0.8921851958706402,0.17526395832046082,0.48430152017412603,0.2542462627665978,-1.4542157317579112,-0.8158545208566539,-1.182238233958002,0.978334857811688,-0.21791248287375442,-0.6947701453291332,0.038807526285316675,1.5379621817428364,-0.39582756426210536,0.34926397855953967,-0.4046769074585185,0.10275342567451988,0.33680699705328077,-0.28949440859161624,-0.04546392120360502,0.684323540108457,-0.2235274290800022,-0.006596766797997776,-0.9302357801115302,-0.18720489609103225,-0.9649687193864076,0.44614212712893436,-0.4263241819441567,-0.5255238680548744,0.15217926569742787,-0.4222447478597305,-0.29974614572744457,-0.4448111998369207,-0.6510675079971011,-0.11888497098576158,1.1030807407985201,-0.48297632683438035,-0.019996593463127346,-0.2518491905230692,0.8306738864754228
Reg_14d_Amp.42_L1.12012015.Right.P3,1.9092870494733483,1.1517613078662523,0.2595363631225883,0.34072090178572895,0.47191130125083264,0.638659682484308,0.9936240848561793,0.45709242105003645,0.5360778813629145,0.8985558083609461,1.0296013812209583,0.07628639045410755,1.2212988996610126,1.2229532738234024,0.7923737768978204,1.168310545956017,1.5371698103376599,0.34119398744185997,0.33075868826701854,0.15686057781014848,0.6831370414543714,1.1734854857755812,0.11699928296362629,0.7112868519548133,0.7734006046212075,0.8725526872429801,1.346233484609612,2.5109044635567437,0.44515132645463384,1.622958631852148,1.1540695760097002,0.9687797458023145,0.709043179466067,0.5496643932251115,2.516902488601914,0.5084549530301254,-0.0399786485128592,0.27239234323050937,1.3576129469097333,0.870819182948924,0.9782884353209984,0.14719325288372787,-0.07103432116082548,0.502349134979786,2.24834381014012,0.7667788226842681,0.3055555362044536,0.9635895137993203,1.3230394144869437,1.537245739307378,0.4072330085550476,2.0792404644618268,1.2051527261513197,1.4138195985857922,0.8998629257846229,0.7440275028828082,0.14631789847301171,0.006485656324306576,0.38361766677106524,0.6041529914139169,-0.3685423035983738,0.09563533557054768,0.11825625529867838,1.9192290860894485,-0.02387780992599114,0.989651245600448,0.8697923932319513,0.4163041543551997,0.11509387471217476,0.03277685714524902,-0.04668029621602183,1.5854543939117385,-0.04099147840363495,0.7977830478824042,0.4395044089027152,0.4173775135558096,1.2273269640038866,0.4848910541179276,0.03549147274251245,0.09005307997902154,0.6180262597395199,-0.08086142383385221,1.1538869070850992,0.672744576596896,0.17383335236649589,-0.460456956975268,0.5528059893338312,0.8402987631617899,-0.0104995228762839,0.1052381271491608,0.0903997496852846,0.17168643333428135,0.8897552894298397,1.2245540353267415,0.08692596732107402,0.8309098914605548,0.8300997480796684,1.2437462714291991,0.8727697660839216,1.31796785794661,1.2371122934525667,2.5057601421116757,0.6454839899351458,-0.039360995183843596,0.6056643668569228,0.5324462902585362,-0.36971918118035274,0.9750792482717909,0.7233159776850199,1.4662664354058035,0.782785709459747,0.05117285092961539,0.4668217540811227,0.9257874125493946,-0.08497886898867303,0.9570671585376809,0.44998489118778956,0.2893759910105297,1.703518423449507,1.5194430337353444,0.6225747849991271,0.7799215223031574,-0.2232034009188475,1.7728663812559307,1.9380236464392908,0.9863701572585282,1.591108577697982,1.7347323269012789,0.0587562024132874,1.102716328823955,0.04642909615429733,0.6810171211578492,2.178161164433086,0.6766537990418311,0.45724981639552015,0.46232840785535473,-0.4012804212700581,0.49913829524864695,0.03765979577246202,0.9582186002443704,1.2853832395510505,1.9037944127011628,0.49750001888608036,0.6143568444942111,1.0475600697359424,0.20260174000444464,0.832262622574477,0.40639358320168234,0.5228237352451458,0.9129745545887197,1.2073088422912936,1.8952985277135965,0.8465224566057222,0.2838137172478958,1.0644579907416893
Reg_14d_Amp.42_L2.12012015.Right.P3,2.645527655875646,1.6884605432945126,1.992263702993144,1.1864521904208143,0.6433948526634756,2.7521266245209883,1.747947133748367,1.5523342841124597,2.2879038151024385,2.1934259680711037,2.0961554547578514,0.47575133149147514,1.4385354217419948,2.59877570687473,1.7833688718277647,1.987981636563768,2.364061827297297,-0.5197380460876776,0.8617425356521987,1.0455765929446814,2.529210264004368,1.7908206139016176,2.9702290091938086,1.7101623232375764,1.5195860240337575,2.062389423705269,1.9462220724083563,3.05893630683034,1.0635585888953856,2.4123852077690575,2.1131758973672654,2.080512107828461,1.5598949948253473,1.27039919596208,2.5691827044375644,0.5608063591511881,-0.0726884518415622,4.094762237008767,1.7199759031714135,1.8131344719715423,1.3443198723895458,1.7585675868283737,0.10625599787617619,1.5802373451350882,1.993564531569594,1.7613810649687398,1.7429754070144177,2.279749408275193,2.124308318092268,2.0008787394572627,1.801856261602985,3.044860756968882,2.3027405280991284,2.3224027708930186,2.162860505005096,1.9807552908579615,1.1353070406619146,0.7333795416924435,0.9180280737184242,1.9855136842295693,0.4606778794979672,1.4138521231645844,0.9216117358154455,3.6856596798887984,1.2117988537440416,1.6623597060931032,3.0862379597785274,1.7713751366233206,0.47761580705780515,1.666632917331651,-0.26086047885424,2.0804765366701248,0.19022274043577234,1.1997853035639996,1.3141571132394878,2.575495236495985,2.482121518699573,2.4872751642405437,1.222840238799147,1.3180496251474976,1.346217752661427,0.3149339665107927,0.999815492236587,2.9617541675211796,0.5285711641476589,0.45485211462677266,1.996338966886193,1.9211967581465499,2.1060009638200663,0.6729339319803884,0.7683978723249189,0.5485590918729478,1.7359202620864598,2.341568370098436,0.5991591277281104,2.3185983751154025,1.721916362768797,2.7683746546555463,1.5740634791361214,2.189310640583169,2.3272100436867817,2.540812209655777,1.802816559145858,2.9001668782908174,1.0551131708427661,1.7295610261986356,1.1427683781938178,2.254596539821439,1.412788730726062,2.1535788270022738,2.8091010831510355,1.5292771165286687,0.47527186628291296,1.56137986433655,0.6194512292069057,1.5497642879017528,1.6579379695403764,1.4761247473501036,2.4500679040782734,2.614918286647308,1.196016942611145,1.8400942800149933,0.4111188508550815,2.2828591103620712,2.9952036039024845,1.6868452833367205,2.367259103404315,2.748855382717867,1.0393148780049846,2.130151351911794,0.5877563004896763,1.6916246349259294,2.110874156407754,2.1783841652546894,1.3140206131620482,1.2695834342302719,0.21990883774849831,4.077359714817288,1.323140041160307,1.9188963713643858,1.8575066189419298,2.607488619529135,2.32802414288395,2.8283160648225034,1.7541596177469831,0.7138397755296788,2.3151306582782603,0.8049184979359059,0.5665954874110415,2.292475665250033,1.2073088422912936,2.8396135434899987,1.446420260499541,1.5635520826466405,1.7073642774739222
Reg_21d_Amp.26_L2.01082016.Right.P3,0.6889430306421426,1.2784260437520911,1.6903964079976717,1.9456814893586618,1.3293290583140476,2.0938336425751367,1.0150475795621865,0.5762340653936552,0.44992250757244606,2.0588940034258925,2.802004719077001,2.107850947729863,0.6999312466666557,2.5308338583289856,0.6289031783939806,0.7061171556573733,1.2456545123857028,0.5010182931534971,1.6250318162683952,-0.6401495603243605,0.0108997157880568,0.3558594049686529,0.2945505472924365,1.2188279581041677,2.7909800422594215,1.8849742662179927,2.723480015693094,1.2681709041772957,4.164863692568805,1.6880486104659198,1.8616070261915105,1.8737162687573028,0.709043179466067,3.2884566436255915,1.1571049341086512,3.614638382879855,4.833782047463887,0.5215476017242521,0.5830621279003914,1.2303868590233442,2.2530875782149042,0.5579357301637357,0.6683527923059286,0.26281842161194097,1.4509719994126913,1.806010652763556,3.5637072433737056,2.801795378640587,1.9493494635327624,2.416495019822194,3.450047378841457,0.8536454778182564,3.050960887226759,2.522234064628069,2.6983977627787628,2.041083475637237,0.3869735903227499,-0.46637065194932653,1.2839472310362539,0.7965163116450062,0.18427115179918685,0.4445750734630868,3.2268228229087326,1.7492558620819594,-0.005969452481497912,0.6765976279299784,1.065676807708828,0.8002409326645006,0.1988746949853684,0.45333007722467544,2.457580300784683,2.199812664226789,-0.18812779948325778,0.19477966436001107,0.6401600293093865,0.7312061387766562,2.013297179582503,1.54497675947696,2.6596127049857814,1.9320478977317355,2.7826007105803656,3.774951733717205,2.9851851846986355,0.1547702448267955,0.45762360179142625,1.0699590578967184,0.6199470580571969,2.7662195769207787,2.602531782753013,1.9365548502754477,0.8652547469877238,-0.5820588837430516,2.697471367378073,1.6905767993115544,0.650382443768814,3.005467313313492,2.1717707613287995,1.454039841529385,2.537855325059943,2.1496951469420433,1.3485464850190516,1.1317190943828965,0.5700681502226784,0.06818270750425376,0.7982852828508556,0.7926177777881676,0.3361083465275935,1.0192646550872426,0.8938592861850659,2.497235022800509,0.6732551487196773,0.49330227725887155,-1.228029321820805,2.930595462118235,1.2232484562316874,1.9633038731630201,0.20705210543021374,2.5275446609014547,2.0177759977212846,2.2497598690099867,-1.0357579410680602,2.3011729918683517,-1.2653042431188737,1.5943441236557157,2.0572360351106167,0.8929734737814359,1.591108577697982,1.4370544149949172,0.22921258135928424,2.3082400892470196,0.7634977025287322,3.168745840652197,1.6088996860894158,0.8761844071400431,0.36829224142941985,3.4895347567612944,1.1306665073142317,-0.5746659014587706,0.2558536640623952,0.8473711651151379,2.181709867263428,1.6022111812034603,2.751269012755564,0.3682462361029313,1.1407150280467424,-0.3086362955207895,1.1377663383296146,-0.4448111998369207,0.14975659412894315,2.7924521599948156,2.6143882124437368,-0.2556412304437649,1.7130415066745717,1.4754652933687484,2.2041554990397385
Reg_21d_Amp.27_L1.01082016.Right.P3,0.9309947368565965,0.06287815047112005,2.1887066281528873,1.957996523912471,3.181351413570592,2.1631276406747,1.6764754749392503,1.2939548144515998,1.081728582035881,3.0255061694017353,3.021721728139118,1.6513195865442998,2.249551770844328,2.8705431010577085,0.7513699017731074,3.0462600649131932,1.8048581698414998,1.580936115724394,2.438100832576952,-0.07641068213165882,0.6910737277078106,0.6247431496635489,0.7250646344553047,0.5918971931373495,3.363251626247271,1.7691975137858194,3.078018726665079,2.005617192160704,2.7703171023263953,1.6401117556280127,3.088005273173315,3.6580738630770075,0.7477182619823979,3.048211709379935,2.168936541660179,3.27532371357667,1.8135768734469775,1.2548398744767946,1.4931970863776451,1.515561222806505,3.5026431737247723,0.621126880514506,-0.16793861505397698,0.9015669905928609,3.0330589254591764,1.582862713789476,2.916868301509222,2.486811839575184,3.1183379310930404,2.4135582173888634,2.7165117717188405,1.6502822191365771,2.409752864515365,2.627797347108286,3.1443783118563373,3.6096162798984075,0.9651760423560283,2.228159739641694,2.014003997694415,1.1430180991015226,-0.6449490312971542,0.9485991393078654,3.555220571944326,1.1943799142893565,1.5520576451894128,0.8758135664475503,0.3295449670034882,0.9696248054480157,0.21730690965547503,0.939769464733002,0.974794420981634,3.0859221568309794,0.484495382595018,0.5967819200416065,1.1135014928328164,1.0029205846686613,2.7854784440106184,2.075019612156476,2.027432819863662,4.306174551724122,3.75098301505721,3.0344313259756106,1.096759303826662,1.2731032265132074,-0.2518520217708997,1.8181921453424286,1.190646142205805,3.1984608373265777,2.400149187266581,0.9975820689609219,0.9621116216505287,0.5485590918729478,2.235926836838099,2.4064209542861272,0.9577223400130358,2.9010125899930452,1.1801180388890744,2.5959339271733937,3.4734006186524957,3.120076663681417,2.7498147622023925,2.6249371717616206,0.5960265008483464,0.46250961736061075,1.1193201428407435,1.6752454755661448,1.0419358742355398,2.5024421383714364,2.065763888562814,2.6261060962248473,1.3085324010120813,0.9577134243940755,0.30626962224710813,3.2488938944370553,0.8542612619387652,2.8860596995487025,0.44998489118778956,3.2222927938838484,2.848124553187493,3.0572228488558943,-0.3114385022573125,1.282769333225836,-0.5630188929405952,3.0061525918340144,2.367576426527486,2.0370828463758164,1.0089956834182328,2.506676742522861,1.1884474981730313,2.3908458651032816,0.7775057310619722,3.0065506069572017,3.115325238895365,1.5062810642922912,1.2253585783121144,2.2584708415395456,0.796612538037209,1.3905462400703894,0.6274044326628687,0.9212694552012929,1.6095864878725488,2.00432215653373,2.6871141296553076,1.715377987297305,2.0740090860294775,0.03218906149603325,1.3953294709970232,0.7334061874522384,1.8867490457030796,2.9378578724222035,2.979186567668444,1.1783623266155767,2.04631806439336,1.919569522644787,3.2561839682379374
Reg_21d_Amp.27_R1.12022015.Right.P3,0.22501059373110568,-0.2124395761853851,0.27933176558099293,0.7561678505889288,3.3600372741425653,0.7079536805838713,0.006703093441627416,-0.25632200351356044,0.2776117599915093,1.1761120679195973,1.1601125632629368,-0.1532347513819344,0.4102825505586796,0.7813312582760626,-0.3791655123796979,0.21474780759612766,0.5891980449375931,-1.1387261030150682,-0.6316495351186205,-1.1387446197419644,-0.6232415158617485,0.07737266939179657,-0.3698348289056922,-0.4291274908672053,1.020883906889874,0.26797907234586127,0.37807008157072863,1.1452631895133942,-0.02593093473149747,0.28700596491583863,1.1855156849066695,0.9082667491253853,-0.6445847086055155,0.45356641952684906,1.7719016562353096,0.3669122624065109,0.7559598991522472,-0.3493768422621091,-0.7259740515949287,-0.12109164760120024,1.7482166305341493,-0.579504976150132,-1.0424123033186803,-0.455773718491594,0.7358687088396799,-0.3425852167868736,0.6569248379580004,1.2418384356429135,0.7396577966340512,0.7836328668904413,1.0954886399293544,0.036582153389209573,0.2922694539947737,1.361037957345684,0.8267488072410809,1.045668426779187,-1.1971525047807818,0.20451949483206744,0.4004613931037833,-0.33331617500696714,-0.6449490312971542,-0.7573284681667701,0.4256270478442241,-0.13052796105216471,-0.7760288225947067,-0.6441429985561765,-0.3833311897913549,-0.43061520956237587,-0.46405542863265925,-0.029935893962534498,0.5629094543696761,0.6354148329736211,-0.21965701114317696,-0.03493591031518632,-0.6872540749193624,-0.7050433547787885,0.3446962008602504,-0.6340883015388286,0.015951367202374306,1.3999160614920627,0.5917405087525403,1.0746057641077724,-0.6138538205829029,-0.49975268055580935,-0.7130111770864116,0.23457913711506642,-0.33681317125076393,0.23056143265756635,0.16155261377227828,-0.8854699705605792,-0.3938846236287399,-0.5820588837430516,1.120527554699827,1.2810701074854771,-0.2204139289231478,0.2516609712289864,-0.021782423509221348,0.38504752685344035,0.736407099657105,0.8227741874325393,1.0436038170796293,0.8653233810477252,-0.8549086762284756,-0.2544484005600383,0.22042253486905714,0.1815678331726449,-0.16805417326379668,0.08960015377376465,-0.5696942815069634,0.4782548724858773,-0.24680156149690763,-0.31960499753789795,-0.4848218343585874,1.2305262713866623,-0.42042177289132954,1.8349047703664274,-0.3553171610472683,1.9686987980072346,0.35177794373114984,0.33638119135347144,-0.8187798273770263,-0.2709348914659871,-1.1444809570666967,1.5715534618719278,0.3861173836331414,-0.09547475968445757,-0.34926773656784976,1.4988099682446439,-0.703284079933522,0.7191405868711618,-0.3666890334700708,0.9546831927433989,1.687010640679354,0.9076892399976555,-0.6660981651531424,1.189059745349374,0.513160722848663,-1.0199092772739708,-0.2830308362693259,-0.21183765945308392,-0.011429753734942242,-0.7601907988618753,0.34163851308912824,-0.4478047285628913,0.0853077288326213,-0.3086362955207895,0.5495541840718381,-0.5836700551450126,-0.40337161839696634,0.9070659367952166,1.572107197516001,0.019783982491019148,-0.019996593463127346,-0.2569578275138477,1.239065493615557
NR_0h_Amp.62_R1.07202015.Left.P3,0.020830780484645893,0.38479340629789255,-0.5294782983224507,0.0642040251534307,0.6526037639300233,-0.6564313816716377,-0.5405077081808487,-0.373636009410963,-0.3539724809499809,-0.509175779438899,-0.05611460631052198,1.8108319948691225,0.24779376447053417,0.00633564711968554,-0.06070491310768772,-1.2158699396033998,-0.12393182934198173,1.6887618511463092,0.3509367512078987,-0.2638515693366948,-1.0333195818416305,0.0865064977051086,-0.780030308664764,2.0143073608027424,-0.275678162321796,-0.5823980279524652,-0.25301073040894195,-1.0466903264412861,-0.24216773213094508,-0.6592778470862047,-0.5938101870379503,-0.474462472583704,-0.682039357903875,-1.0286720687710247,-0.04043645903108033,-0.4166727924434091,-0.19478224218931786,-0.35465420604981085,-0.5616920247355518,-0.2489640350536333,-0.4372825016649115,-0.25444048866939317,-0.46108749780196007,-0.5375989881619861,-0.2135519717948101,-0.45151456671287066,4.7802247938545115,-0.5782849715608724,-0.2981197165544233,-1.0414321419639876,-0.06528664956068718,-0.08440916542646505,-0.1493335030599522,-0.5605927408984428,-0.18422842888474783,-0.2958039891549808,-0.7528374963569595,1.0305218834868497,0.00856803142347911,-0.6667991347779761,-0.10076564879957989,-0.3099336254075854,-0.34325473825250863,-0.8360380735466989,-0.3082740887804513,-0.4465905660693611,-1.3487762972702233,-0.23782239979636052,1.656802276935298,-0.14886643408437547,0.5101857530875401,-1.0333528641152252,-0.5701932999215358,-1.2590345151529934,-0.47177717276227155,0.22867238530207487,-0.1708622899069827,-0.6972301368655324,-0.22014416927234182,-0.45397138454775615,-0.29201935448465544,0.3070487224876697,-0.47732117753736414,-1.0841362644396573,-0.5648360764018399,-0.8139825617158051,-0.71146239816652,-0.8039585530017964,-0.5542334062494552,-0.4852210250240262,-0.038319261408913355,-0.39904052027354714,-0.6376929832329614,-0.8093572585364315,-0.36165285380061635,-0.6857447829290995,-0.3486937989433634,-0.21084202344585662,-0.7528986520972165,1.8104506454822478,0.7179935782200855,-0.04004267788068707,-0.5871141105679191,-0.5799524759366781,-0.4191436836718469,-1.1667250116066687,0.5341851854901516,-0.06701859442427675,0.40710277123129535,-0.6894487838604315,-0.5643556854565145,0.5704167890715662,-0.47775171794696236,-0.35821698797098045,-0.6210437444358075,-0.6229469888815337,-0.4258393846056481,-0.3861025136327936,-0.5941230780419652,-0.799289184826578,0.030775980541054113,-0.004239352450340181,0.6243115470837877,-0.9059338248150206,-0.3556950449068122,-0.18905848792877958,-0.4441492197322262,-0.3514877416572135,-0.7203293086976419,-0.7910802509580339,0.3223206113326785,-0.6768661429922666,0.3182316994393754,0.10914101110620723,-0.9745276737244982,-0.5115808735798519,-0.7214244853259381,0.031338484376398225,-0.2521903857399929,-0.014773563790113244,0.09392622110920838,-0.34532503293538946,-0.48059257061362637,-0.18575416548870774,-0.9547360952932773,0.27704905961064835,-0.4816353782377704,-0.6022730139911359,0.08901463953205117,0.2753430557970874,-0.36650691000914243,-0.35856369107609576,0.12417855158755262,-0.16983397672212472,-0.20971695230762116
NR_0h_Amp.62_R1.11302015.Left.P3,-0.5346566991059165,0.16463743719577031,-0.3543922650088018,-0.4454268303649051,-0.2102613950656001,-0.5273702964616208,-0.9211145179028466,0.3716590993082594,-0.2925042058149543,0.10342592669537926,-0.22445842524208792,0.18620104022413986,0.0987786511659149,0.02933111225997085,0.13734002136273676,-0.05413759500354495,-0.5721933993156116,-0.26536543115970196,0.36651579444493915,0.19157934173081492,-0.17463094069037075,0.3413250282737376,0.30866925743019613,0.197172612620527,-0.08051328824302875,-0.46023724382664977,-0.3075954606005193,0.9509216320888139,-0.3518451470453224,-0.6685100035990106,-0.021060087011323846,-0.371750146291951,-0.2583802067516778,-0.5888264110625788,-0.08443654577753044,-0.011185846777004294,0.33119057065022045,-0.5126753277669407,-0.9757287847952251,-0.029540243237337487,-0.19620435733042924,-0.33378214642651577,-0.32721928177542425,-0.03297029569647611,-0.10558148482024389,-0.11593539140566587,0.392458426563122,-0.05416899152398709,-0.3320842748781762,-0.2445709150602408,-0.42393181256587165,-0.08440916542646505,0.12591044445434707,0.008763002612489558,-0.302032871306128,0.5526008588609532,-0.036930490172482185,0.08085285615459753,0.28228360076595593,0.5557162088676566,-0.8313166025965342,-0.20482001663725977,-0.49153996705219205,-0.6059367907447952,-0.9481551805626931,-0.48879611664323264,-0.17181886444995512,-0.41982259741829764,1.2102766003542536,1.5303464599554484,0.6348659792634277,-0.09448189124716376,0.18070837110723384,0.09963012380275367,-0.7849435714715861,0.45524134524657495,-0.40685430797201705,-0.4700427888981117,1.1113160202839067,-0.45397138454775615,-0.5930210919670974,-0.36760462922852216,0.16875370764903655,-0.9045158985466765,0.62049849614067,-0.23828593747316162,-0.24599270663493406,-0.298371987980419,-0.454291972403878,-0.06016471984502116,0.22826689097434796,-0.39904052027354714,-0.33369687615752225,-0.15079567191795085,-0.36165285380061635,0.2124801396922093,-0.48112444259590686,-0.21215695219422856,0.10967267408289368,0.1957729368626636,0.4104090555412972,0.3264692079743607,-0.545159173610329,-0.8068050339987461,0.4086887311910355,-0.5780838603807167,0.9898137260552808,-0.038202952186448876,-0.25048989674350425,-0.5104788046736235,-0.1367112253427356,-0.45827956446698903,-0.3386279749442564,-0.0889095957984393,0.23753489663236277,-0.23938327768268425,-0.6937041510687904,-0.10729342759317657,0.2231741813469198,-0.18819936383553387,-0.8708792557983625,0.8042616634846997,0.7000648310395611,0.040880403893727,0.531135553359228,0.16181659988488578,-0.4441492197322262,-0.007898600936117123,1.1667081331677498,-0.4364375873290403,0.7614937242643054,0.39398243413239403,-0.3388606558405164,0.41688861974423524,0.2762079376563785,-0.2418382311468391,-0.779646983093433,-0.46695683249807607,-0.1517857540166211,0.4196590942581207,-0.3463232899151649,-0.2838868368916699,-0.40571654832027576,0.3649123258183825,-0.08062742684637791,-0.47283039506883984,-0.3442238961548541,-0.5226472223077854,1.1016621281931025,0.12422859379234226,-0.6522246624356245,0.6860160390479848,-0.34170811223567815,-0.23888280761382302,-0.07364070903288597
NR_0h_Amp.75_L1.11302015.Left.P3,0.3224141912790221,-0.18165771705027245,-0.13887018414205918,-0.5434327641184312,-0.2102613950656001,0.18246567219347218,-0.8352288974891392,0.14233752739465252,-0.3539724809499809,0.15689751815991151,-0.521064201454847,-0.2843955473169615,-0.05712987781322924,0.07532204254054148,-0.11225085495615449,-0.34691407353205345,0.008243022798515694,-0.8760302068803304,0.1599376811217824,0.024983113641546203,0.203206990804323,-0.6779490940007784,0.0925123117427537,-0.010405188905397794,-0.2971132548653287,-0.5905420802275195,-0.2969715869390713,0.7793580200041709,-0.5053935279254507,0.1254554565022944,-0.36471014702729976,-0.3375127041947001,-0.31620905230954444,-0.9360729829376677,0.3720643542168895,-0.17338062504356622,0.19969736744033584,-0.5177069813844397,-0.9067226581186129,-0.1392521391454854,-0.051557470729739895,-0.33378214642651577,-0.4691958088877587,0.5513366113688514,-0.3755077022566594,-0.043628276284223846,-0.27999618911371926,0.16506011803621762,0.22075775891858626,-0.33867150920461275,-0.25712010884253,-0.2641679902744536,-0.3620220079573653,-0.21342460461128893,-0.4017085146101947,-0.6728728104953959,-0.3416593551713154,-0.014114046578627682,-0.014241599355060624,-0.18230287981481297,-0.3442826333985647,-0.5971292777855244,-0.6212895422519151,-0.7543892312621524,-0.9143283481181356,-0.3034902014626717,-0.6267292516616675,-0.7934019504317474,0.6849217683256846,1.1793591366542688,0.2608253007357649,-0.4947757168885853,0.03052803690147993,-0.06373081709471744,-0.1769871691357924,2.198079498665805,0.13592733357756193,-0.5268396258899669,-0.25428417413275844,-0.45397138454775615,-0.11433237840293055,-0.41418528308310365,0.15804216941296184,-0.5059273198936891,-0.026047634337062645,-0.23400933397878762,-0.6493997726289753,-0.03880745683105103,-0.2856408027894664,-0.7763081300246313,-0.5990194840845772,-0.33580459083129105,-0.38436289400342877,-0.21293654485556923,-0.1924926479906506,0.05102989570744764,-0.5378804327327112,-0.009920910694613724,-0.4384927669432286,-0.116745329321772,0.12199997909522209,0.36127033656305296,-0.5180678530617979,-0.2850441504559897,1.4434792497696385,-0.12001925259186169,0.9898137260552808,-0.11776679026822459,0.5386213048262553,-0.5871802243251126,0.35116484887157556,-0.6720061532781137,-0.3351280065668299,-0.22347908069266093,0.05678149851274799,-0.33303829735508256,-0.5669536492568832,-0.4182727927912109,-0.047162604450942155,-0.7070492118467977,-0.8060953270673754,0.5206180495948988,0.3970516952164675,-0.5015372767618801,0.14593399461517986,-0.04044339517925818,-0.4441492197322262,-0.23695802808351474,0.23887683193248901,-0.33511111200647076,0.3819555302428599,0.098051260793294,-0.2245837244874917,0.5618909721243796,-0.6019681299089179,0.2976470537191866,-0.9301327323231516,-0.5362385343095003,0.08799006888466934,0.8762271305973836,-0.05282361589891606,-0.9597069933725856,-0.3580681704972345,0.22000009126388506,-0.04479313673908265,-0.47283039506883984,-0.16180815476963603,-0.36339563894108423,0.4880997739619827,0.31765510515841605,-0.48079401097973523,0.039101840459074874,0.5396990895920559,-0.2768708375542398,-0.3457931955823564
NR_12h_Amp.64_L1.07202015.Left.P3,-0.5925199782299334,-0.9079373731273803,-0.5237310428326709,-0.5826351376198416,-0.6416939745634118,-0.7209619242766462,0.10712168008956631,0.027676741437849085,-0.9071869571652205,-1.5151007325923984,-0.6413097864059655,-0.8758995665952951,-0.6615504308923001,-0.7985056327903003,-0.7575440367433497,0.14884622644077666,-0.5959848727009011,-0.26536543115970196,-0.5370687133034084,0.4447322897931145,-0.23609025519757476,0.4050296609158949,0.9344872832651783,-0.6152325211470695,-0.5741086275162589,-0.8755839098544222,-0.8276768160500224,-0.9617578452112648,-0.571199976874077,0.4208844649120823,-1.1856519570654644,-0.5703273104560067,-0.7884779576987891,0.6149617047710624,-0.700437760227832,-0.49777018157669006,-0.8522482582387407,2.0184504277925086,0.3871422170678661,-0.8706647785331382,-0.7426481511552556,-0.01641551539802536,-0.5381164531170473,-0.6969554173616209,-0.6814240820179304,-0.4901401623974016,0.40926979195504304,-0.762116695902168,-0.9492983263088085,-0.40169936864491546,-0.6991711237093853,0.23016877805751487,-0.6212517621617417,-0.8244405244766797,-0.6331330242267157,-0.7671400158304997,0.9183158652966692,-1.1537168793773303,-1.20794561009864,-0.8880784160791164,-0.8313166025965342,-0.30964642975520745,-0.6027538886519547,0.7227125518855521,0.2192830611214301,0.494490565896824,0.10465460919182656,1.486389998727254,-0.7712960093703045,-1.0613984983522158,-0.32101575475171074,-0.2691555606179659,-0.7203736341272897,0.4518252370596745,0.9107706713941408,-0.14792196703810737,-1.0558323576508615,-0.29965227792254623,-1.2784843199452574,-0.45397138454775615,-0.8609730518983385,-0.32761268628100315,-0.8657553798876522,-0.08996436729941769,-0.5648360764018399,0.6351280838778203,-0.4632118960163409,0.17978233896630968,-0.6042041231722438,0.23682303535890695,-0.4541357056154134,-0.08286087306226664,-1.1950191795379332,-0.3203878746611053,-0.36165285380061635,-0.11743992410273843,-0.8594977101746025,-0.6174179924424816,-1.169045191096105,-0.5594795397497224,-1.1606818972822013,-0.5066578100497602,-0.6243829812684658,3.117744220475031,-0.47088320960077706,0.4949203808293374,-0.5289480758284834,-0.7669937095132133,-0.3381689191401442,1.1258181478914782,0.8788540200063386,1.1527888288094768,0.3622406926354131,-0.8129574250353088,-0.5758553949059038,-0.9433990291660102,-0.6647825204869005,-0.7078053052169669,-0.047162604450942155,-0.09595939085575363,-1.0557185792479429,-0.754397450870744,-0.8150008480759069,1.0365659285823363,-0.8843961278315785,-0.266251007247786,0.10008996501007919,-0.4660174552309123,-1.0795484843780419,-0.9768454557160782,-0.6824326101992297,-0.9966889289680733,-0.5102760528700534,-0.5883386585704365,-0.1495743981328561,-0.44414521297159876,-0.3475066663302482,1.9552913436796493,-0.3607230114600187,-0.7388279938705031,0.03889503223116172,-0.09957224876051103,-0.7290448264051987,1.1570992080496352,-0.6199859566512143,-0.47283039506883984,1.3561146926118057,1.6272491531426794,-0.9805335207401653,-0.7885027567163185,-0.7665117634062173,-1.086493816598103,-0.9712846849697739,-0.43135549264526724,-0.8492752956988766
NR_12h_Amp.64_M00.07202015.Left.P3,0.807771376571276,-0.20516191303982292,1.5596490722125076,-0.6218375111212521,-0.29798601956348847,0.11793512958846372,2.9595804119039837,0.08500713441625081,0.6295199212104451,-0.00681242433514143,-0.14429470194134225,0.1577286433639624,0.4091290249381338,-0.36159179512487943,-0.15862928383735625,1.4592570779191816,-0.08616758587326818,1.6887618511463092,-0.5370687133034084,2.0086594725528886,0.2175143211045831,1.6797593600854615,0.7093237981740922,-0.002889059776663495,-0.12333157237962561,0.8265230156319395,-0.2356706147776131,0.22729689200903275,-0.571199976874077,0.8547958210139582,-0.20243095201975558,-0.4607674957448036,-0.3535044671983135,0.15266076874802745,-0.23293683854679956,0.15100893148955763,-0.29997680475722555,1.0907902885555019,0.8529335721349985,-0.5415290908086944,-0.5337137593987044,-0.17509883091227055,1.0146251198133946,0.20606434810297605,0.4342709500525872,0.012224335075607815,0.25796750342775376,-0.5051434131527398,-0.2462549180330167,-0.4552730491691727,-0.43227239775203874,0.16275921873951915,-0.38837870111328016,-0.6439130936073597,-0.16921498489830392,-0.48433839982518834,1.8076449446342755,2.3600585217520025,0.3431092828420619,-0.5605850797534289,2.090887212591283,0.26474487500067034,-0.3988616990523899,0.6656325885066283,1.6865661172269983,1.7156740571079174,1.5414867329962083,0.7967050393178082,-0.05782614729650627,-0.5542419275632667,0.427065602303615,0.48048560376505994,0.2557985382101108,-0.005031631551897369,0.8918185145854721,1.0560494708374475,-0.241659895326493,0.6090971139471364,0.633355952238074,-0.3267716729353414,-0.3279121236531639,-0.42123367149531005,-0.702451402218373,1.0937926102001274,-0.24156301116297352,1.3448797791941078,0.43669617427805874,1.490453004950643,-0.5042626893266666,1.0661960822803862,-0.5990194840845772,-0.08286087306226664,0.4769594093769823,0.31361504361077164,-0.0233324421806849,0.2124801396922093,-0.008157858122537304,-0.4473977052779809,-0.523300561615071,0.14368655916525766,-0.7331212718230602,-0.5736599829072996,0.8712775723662486,1.28023850017228,-0.05696700216933587,0.15984369972472215,-0.22519571545173048,-0.3586748923780003,1.2400534839993749,2.404430813481802,0.9655273126970044,0.24916861040679542,1.6084044334181413,-0.18979460387308106,0.46347664428188123,-0.043298353611825,0.3892071040745944,0.05355796819891015,-0.20433515433342003,0.3524421777922029,0.8107077599746495,0.06484452059000285,0.422302789868392,0.803039900722521,-0.34614020605877427,0.348949980052174,0.10008996501007919,-0.4660174552309123,-0.7066880741781331,-0.06490717781295183,-0.2806899250942061,-0.4296157331472791,0.003970138218557615,0.14670702138528252,-0.17618579411968327,-0.3767095523633455,1.20250560756884,1.2517623085930252,0.04687198160747891,0.005913705640755039,1.1578625394181106,0.9448770839827224,-0.017722614618368146,0.9059180014885062,0.723052712241463,-0.044327849537703724,1.8828015952587944,0.5921138612591222,0.13513114395506548,-0.29889189982094416,-0.5379375614650317,0.47714053358569763,0.4137837750452367,-0.1315480014488422,-0.5635151848219327
NR_12h_Amp.67_R1.07202015.Left.P3,-0.4999387316315064,-0.6580094224384944,0.6051941426597903,-0.6610398846226626,-0.6416939745634118,0.3115267574034891,1.975482647604462,-0.8896095462165784,-0.5998455814900874,-1.3796992796962158,-0.5370969461149961,0.14670060232656978,-0.06020991460397424,-0.8674920282111562,-0.44387599963037466,-0.22177573996744898,-0.4449278988260469,-0.5096313414479533,-0.2566459350366798,1.508422729969928,0.3232641537586791,0.2139157629894231,1.0537556990043355,-0.14635870108691387,-0.4894235766683229,0.5496252382800912,-0.5232478845788763,-0.9617578452112648,-0.43958707897682425,2.0457440111659158,-0.27879763202330576,-0.5155474031004051,-0.9334691211989478,0.10566673268759874,-0.3484370662562311,-0.49777018157669006,-0.35257408604117935,0.9929450242908936,0.8579365163190528,-0.7975235145943729,-0.7908637800221521,-0.33378214642651577,0.40650178837849577,-0.5375989881619861,0.12835457029131625,0.33204426734352405,-0.1959393621541141,-0.7777619490375974,-0.4507307387523673,-0.7294442377344894,-0.5407000051722107,0.4773371622234991,-0.5044816026102209,-0.38006531002912275,-0.5093101034742951,-0.5786056051602921,0.5841907450494207,0.556637038848056,-0.6672052964420581,-0.5825022657108752,-0.3442826333985647,0.5249441360550832,0.06452964094662086,0.9008554805063808,0.5608515643420855,0.1875795307509163,0.6223291433278457,0.49017839069138786,-0.28436567595999673,-1.0089340255119796,-0.3625758301436733,-0.5530002733455194,-0.4575580492672203,0.1057215487175746,0.824934194101209,0.11515238666044407,-0.70184433055331,-0.01566809296327042,-0.11772415469109192,-0.45397138454775615,-0.7898982614656486,-0.5603627297188627,-0.22362685089348946,1.6163013559343322,-0.5648360764018399,-0.0038951690315139273,0.31257092320296914,0.36451589157027453,-0.6229431420182896,0.5231966032148458,0.8498183006070605,-0.33580459083129105,0.6289574629147019,0.13635183490387603,-0.36165285380061635,-0.29903635070646817,-0.4242738591422078,-0.17297207549274285,-0.681149248821546,-0.116745329321772,-0.551731915567667,-0.6526625449333535,1.6930964421952024,1.144126965335039,0.4086887311910355,0.8874350404598901,-0.6808242560168597,-0.5861668047819047,-0.3381689191401442,0.5633410704472245,1.2311487308803517,0.3790722454952818,0.838936385640911,-0.13926788864371123,-0.395101996786289,-0.5618602913654829,-0.16282724072335977,-0.16091055952387215,-0.5375409600842731,-0.35538431486138555,0.11647831075511562,0.04462894378380706,-0.7897497534239823,0.8556705271623719,-0.8845730692917274,-0.26375589551222217,0.4629160881716161,-0.4660174552309123,-1.1568488133219252,0.2728477399289468,-0.6164535509794546,-0.9710449798052396,-0.4825638970169449,-0.5633762282872724,0.4092649175905143,-0.5115808735798519,-0.0848585097346598,2.032513794390998,-0.4068613303233776,-0.38714441354574236,0.5892069210116283,-0.038134052716791426,-0.2627714148511519,0.374862965924458,-0.673944066954746,-0.044327849537703724,0.5921845245564906,0.5921138612591222,-0.627174674157361,-0.6676111871125223,-0.309363359523846,-0.5742466912307645,-0.4676234267824973,-0.4624162935965492,-0.8356676713714031
NR_14d_Amp.63_R1.07292015.Left.P3,0.6118463134573546,-0.2647058762133506,0.3434374439690156,1.867513206218311,4.535496979410329,2.957279004208836,0.6351887197562125,0.9449630290922766,2.104758524451084,1.6109653331113964,2.7415993368855025,0.24695552084832126,0.7171327040126422,1.7080000675007985,1.1420337300232006,0.03896060296725431,1.160052448594279,-0.38749838630382766,-0.30338306474780125,-0.12466836362006108,-0.3741870954870414,0.3413250282737376,-0.9244078645595332,1.0078092454166565,2.5059878786765872,0.9731159565829182,1.919876717083065,1.9684127572244687,1.885574117207975,0.9840460121932405,2.1649361280903006,0.7786279081756817,0.9937400144577839,-0.5656766396042396,3.127569786713328,0.6375932662892434,0.17339872679835894,-0.6674326741646118,1.3207951110024294,1.2870025076604374,1.7484926736343942,-0.25444048866939317,-0.4367625645445641,-0.5375989881619861,1.0101135472502738,0.9479680161290546,0.35883569577928,0.4922023610980466,2.6235207700651637,0.526511917332422,2.862258750783958,0.275108484269512,0.9015979329037357,0.9669470587650343,2.0070295735143717,2.1551433495577177,-0.5223117460426361,0.4607204670874984,1.6356550269593135,1.798884285434729,-0.5877996179975494,0.12085985315932302,1.2687910553360502,0.0860742607268655,-1.0997866089247954,-0.44918690179851184,0.7779427307434827,0.8637577437048377,0.4393821501613855,-0.5542419275632667,0.884226431615203,1.0919162272584384,-0.4387855074915011,0.28264975419805605,0.5997153990128802,-1.148405274568498,2.53124631693766,-0.583636462881822,2.8865962730255714,3.1712203964060643,2.5541706283924137,1.8805248225952265,2.6233872592211034,-0.5986758160802496,0.0817100540758928,0.2099350056871822,0.8556188966564862,0.4409094659553726,1.4758269687388323,-0.8637704303756588,-0.4541357056154134,-0.08286087306226664,0.12229728445563653,1.5309865161625185,-0.36165285380061635,0.6687525683447966,0.23778476580361488,1.3422203212563226,1.5964638087613368,2.435487177851119,2.078413750135535,0.6387793360849514,-0.33677566474243864,-0.4438409410994373,-0.3674041577429168,-0.015348676690380989,1.7491946269971628,1.391262895344341,0.48206833538042254,-0.22924026595149663,0.5559523368133852,-0.6026656994133136,-0.9348475880388718,1.3596913298275932,-0.4854786958460964,2.9885930670259797,-0.6960334099076003,1.5655610886445253,2.4361636836922083,1.3452901869533127,-0.8393213225264828,1.1225540131683651,0.9020735882549568,2.0870302685450755,1.0748766603966464,-0.009722331935128382,-0.4441492197322262,3.7715819469959433,0.6506602312947297,1.4831924876570404,0.5053490592644582,1.165095985458801,4.060801201250933,1.1863188237664697,-0.12296300214602894,2.1184098901420234,0.49219113480540144,-0.5735440660541133,0.33469859254781165,0.585157249705067,0.18564486923928616,0.02330414332692819,2.4157481099155262,-0.0505027465711768,1.3929663398107663,1.5625566962040567,-0.4587905765614751,-0.5091108377216157,0.5335422679357373,1.7683539404039696,1.97637865988801,3.072413633884298,1.5470216059666093,1.4421247604162204,3.04250526195855
NR_14d_Amp.77_L2.12012015.Left.P3,-0.41893014085788266,-0.9886351126915034,-1.801469093685502,-0.4062244568634947,-0.6416939745634118,-0.7209619242766462,-1.2877723869544047,2.263562067595516,-0.9071869571652205,-1.9681863465425675,0.9138664456285008,-1.3270466999431767,-0.22154517507157387,-0.40758272540545004,0.17273748518850077,-1.9879498466906762,0.3858854574856512,0.955964120281555,4.463804165786584,-1.6898582561770887,-1.0196343093805122,-1.2512907877801938,-1.0764273326755756,-0.6265067148401707,-1.0810079104262742,-1.0221768508054008,-0.9317175098379953,-0.19736551414107353,0.2873548270756686,-1.3886182115978687,-0.47926016703262503,4.674848818842843,-0.2629897524120874,-1.2138702404377388,1.1365658614364602,-0.49777018157669006,3.276638322551635,-0.6674326741646118,-0.941225721456919,-0.9620913584565948,0.43059881793922455,-0.33378214642651577,-1.130023162380349,-0.7500742270948325,1.2080594400369784,-1.039705137796908,-0.7843371508713503,-0.816875081876171,-0.9377090682321224,-1.262029650005047,-0.2904824495871984,0.6346261339654891,-0.5880556739463808,-0.8105537990251935,-0.3204446463310393,-0.7671400158304997,-1.254843205374781,-0.27907170520432595,-1.8694249026762924,-0.982912393779605,-0.8313166025965342,-1.0279227563524327,-0.08375558785306259,-1.1997465528142242,-0.17868314009476788,1.2519564199014306,-1.3487762972702233,0.11659903767793803,-0.7403678239794096,-0.3793603514291463,-1.1522172625909615,1.4557469244187051,-0.28860517328574714,2.9243899865756364,-1.375962983039127,-0.9964957328177678,-0.8316399404890789,-0.4700427888981117,-1.1077842956431743,0.6272261641577693,0.9869714993516002,0.5284600541319798,1.5114544216271733,-0.26651866720276013,4.0687445253552434,-0.87977646162925,-0.556305834322658,-1.1635292178916565,-1.1288966508615244,-2.0350320381902565,-0.5990194840845772,0.04361098582224556,3.2129243730559347,-1.4726130428342163,-0.36165285380061635,-1.4862572100605003,-0.7554450615904612,-0.49789096921546605,-0.6667993681664119,-0.6115659174471284,-1.2125074276408851,4.260196777413422,-0.8147544229608464,-0.6706934991615053,1.7539164053432195,-1.205976477569724,0.8379375458669044,2.143736144064948,-0.3381689191401442,-1.251925861304685,-1.166671826461837,-0.822536379073218,-0.0889052312148711,-0.00452998136539173,-0.6662320939657111,-1.1276716084133238,-0.5118278567383814,-1.0402315231872796,-1.3799858274543546,-1.081774102077155,-1.3803144643301328,0.24092600883174314,-1.2947716464624717,-1.2700518322254182,1.0585980460629523,-1.467803252405249,-0.08132309657068927,-0.12242831450981592,-0.1928682406099662,-1.1626106604741224,-1.631357397006713,-0.9795074830289747,-0.453137587193541,-1.5794939786372462,3.6824666239702553,-0.5115808735798519,-1.0565273058099647,-0.7574070439382776,-0.4565855288911428,-0.800889802163108,-1.3001972304679739,-0.6525160131539876,-0.8958141487858433,-1.1904789917332232,-1.4784827027887242,-0.47283039506883984,-1.2812034369081062,-0.6022730139911359,-1.5587635377364215,-0.8791714339191656,0.14778504435852519,0.2210169709020284,-0.9712846849697739,-1.68294934968217,-0.7131990524241414
NR_14d_Amp.80_L1.12012015.Left.P3,0.7790711901257638,2.8691869223933715,2.5685489845746567,2.3575428749859415,0.37648691305142384,1.989320865133709,1.5765429444298866,2.320892460573918,3.702933677961776,1.5601897882753277,0.5932115524255182,2.8936853698225597,2.4771537272955473,3.5943180729584023,4.545874521560542,1.6506951172666933,3.4462997481901976,3.1543573128758173,0.4288319673931011,1.0186135263578358,1.8812702176730844,3.208033497170814,3.0160895872527096,1.698187812153038,2.4914729128622017,2.3983251047174314,2.924138061815799,1.9926185143750244,3.4868643749578836,2.9964714888546644,3.386134799697073,1.1689347480843428,2.399651440882732,2.2817452497714887,0.20706402891770154,3.476001885954077,0.5941769770699896,1.2179415353760839,2.068303978226831,2.1985255094972995,3.211033415930253,5.220133896572066,1.1497501240582293,2.649529595830709,3.6913806404520013,4.253160238854367,0.4260811573469641,2.0034947008476895,2.2710237323267544,2.9790834978032,2.203352521076759,4.408213264586888,3.090037537412883,3.591538169095918,2.92205051176322,2.249410554892821,2.156600132610078,0.9820887630929047,2.0529192060014,3.3154903310382102,2.5779211817892524,3.8960467036673303,0.8254182212249965,2.3485636804316488,2.875278725657612,2.4043068243396855,2.8408601879167774,2.252706620293305,2.6197720735954,2.0359290965591907,1.9232283164142665,2.867037392239215,0.5338198819085128,1.3893509080407547,2.197214287480267,2.922534925681691,2.0946610835173467,3.335345289556184,1.6575560980505728,3.0440206847936495,2.4031366987229474,3.6574848316464816,-0.30443319197264956,3.447509268245846,2.784272879472815,0.6928211098644221,1.7400113105664996,3.930012354234769,2.583053128955521,2.396007113605569,0.7657857090949456,5.102485341202733,1.8956079090623652,3.087857248922967,4.882313526308321,2.9290559841314594,4.191785412000985,3.483844773729813,2.5475738985836243,0.7166367138367229,1.9229371590594835,0.42767248996216656,3.3185024553218008,0.8265333840481438,2.0607317941017755,3.55313293223085,1.7491946269971628,2.3653949305097783,4.4398994063647494,0.8190124692855216,2.652012507511907,2.856457448449695,3.38953834069052,2.2348140376002785,1.572850625241017,2.375869866250343,3.8691198092566346,0.8204974233355797,2.7630825874477623,2.7112488868176334,3.465586520614245,2.5484768873623724,2.2908837941108025,1.2495051467803044,3.2459483764230463,2.6803200079696397,4.8168295661100595,-0.007898600936117123,2.8935974817741075,3.0931013030738,3.2583887466126606,1.2857507662699332,0.5467855621454247,1.8930982223721355,2.3252854286420703,0.7022610173687058,1.5473121776807823,1.139845713359186,0.16090295620759407,3.259814314422027,0.020551302605146163,3.2180903376003482,2.762934611467558,3.085687833657256,2.8491675983146805,0.4913003323762164,0.13528849103058455,3.0883824305321617,1.5168170907027456,1.0430045227811928,3.3478238715351236,0.7265914034520817,2.8061747514348006,2.9108462787792297,1.817002615026285
NR_21d_Amp.71_L2.01082016.Left.P3,1.988182270701221,0.8047350413111932,0.31783136817080015,0.43682258528433693,0.7964146237626272,0.8923016408485652,-0.25644749495639435,0.7729718501570715,0.2607102704002853,0.15330278932195962,3.775711367465122,0.9186634749440561,1.4798084807685679,0.6497487617448686,0.5603009577333627,0.375134111135714,0.5747066748292189,0.2231663894168008,0.27304153502269635,-0.6022577950006667,-0.17487976382602738,0.9057480734832508,0.2251540738691389,-0.7640076653717204,1.7783019524731383,1.4047507271607993,1.7407362267227882,2.1807439602995218,0.5913806212183225,0.03313389137423567,1.1631007447937265,0.6896105587228292,-0.11422714246250273,-0.26472961064582934,3.360880246686379,2.989417551154391,1.3305389150453433,-0.6445182516092448,-0.6824527464196232,1.2138612437216723,2.2795074662218138,-0.17509883091227055,-0.21783816522800048,0.8169306600349093,0.6862020863265751,0.10608453258901805,0.3252129649954379,1.0841014003441798,0.6893768676827994,0.14979440145773298,1.3776345876462177,-0.3091076964864507,2.1266837211128347,1.5918497040819113,0.7949756374429716,1.6838073228821986,-0.2829196207162234,-0.583915462977979,1.4391880738534915,0.6536059480718276,-0.3442826333985647,-0.2760445384269886,1.4361680073436929,-0.7692344753138882,-0.3094527240572651,-0.6898008060000549,-0.7263219476076751,-1.0328758946711383,0.1956812503358742,0.7302632491418477,3.0453503519972553,0.6114908557931615,0.7438846243788111,-0.3691327116877862,-0.4557518047265873,0.6236371938539736,0.8675025895791684,-0.1860586039388359,1.8623961272130727,0.9452254431888063,1.553082205147976,1.1143956473553995,1.892559676763305,-0.6533539928954671,-0.026047634337062645,0.6458195926137551,-0.47872755240072706,0.25131450407235606,2.131692628350433,0.34886555904211947,0.28042505122324696,-0.20933273194677884,1.034285605681954,1.3224668204690369,-0.36165285380061635,1.4830233640940291,-0.16896649684348294,0.9900824024422986,1.083886071759947,0.3520320699548814,0.8086882563477821,1.328001687329969,-0.6828855896962397,-0.5118967085180577,-0.5743622614586373,-0.14618689656723188,-0.8327004362052361,1.7938652490396614,0.6486584779340383,-0.10140456653234807,-0.793235819038537,-0.4073713831485281,-0.5948256601718809,1.5284505586936885,0.14715819757255538,1.5130624507819233,-0.6428486664214401,1.6837332474197781,1.053045244726403,1.0109202849016092,0.1930739230821491,1.1770674138691481,-0.5877409962085867,1.9768460829201495,1.1161040206113289,-0.2982196263596977,-0.4441492197322262,1.7673119594562143,0.36187529651672723,0.18840901049347214,1.3348454047438392,1.7387083883161178,2.8037549563676616,0.6845005561622739,-0.4422997539879549,1.1068749810182252,0.1229181772982738,-0.7547423630993767,-0.048990535823645126,0.36794092068094997,0.3600937379826942,-0.5296396210665484,0.8229309084024317,-0.2920231374953392,0.4799709483814163,-0.044327849537703724,-0.5053939719811175,-0.4430214306244348,0.9598893513265049,1.3935900746322016,1.3477996045497496,1.757825747941592,1.2951909768729708,0.6953247835875593,1.6545275805562512
NR_21d_Amp.79_L1.01082016.Left.P3,0.5184549809511914,-0.5773116828743712,0.5590108396169169,0.27981707941118816,0.7676524517961065,0.8277710982435568,-0.04641630257577359,-0.14431443749735606,-0.046631105274847796,1.0495885129179305,-0.08818009563082026,0.4274143741874739,1.6704774249575491,0.3512676242239652,1.1287273841324938,1.1310640898912567,0.3670033357512944,-0.38749838630382766,1.3635745616155295,-0.037785783054190634,-0.5182556910322687,-0.7416537266429357,0.0573049304376021,0.9479012750082159,1.4631247805941394,1.3562121756014756,0.8706776078973103,0.8642905012341922,1.841703151242224,-0.5761884384709519,0.35122747800598336,0.4527559342940469,0.39240383057706857,1.3326046199795791,-0.38693714215937497,-0.33557540331012814,-0.27367816411524865,-0.6226237588412088,-0.5271889613972457,0.62873113221155,0.8323957251633617,-0.33378214642651577,-0.894882140892188,0.020148514036735482,0.4342709500525872,0.7712172902766405,-0.27999618911371926,0.3917207228357512,1.0343007268760471,0.05210121932526384,0.8438371357315246,-0.3765172558044464,0.27103907132552285,0.2448373352877542,0.10180781075087467,-0.10726957848477321,-0.6084950222018143,-1.058749976644105,2.0234187501944887,1.872749416954776,-0.8313166025965342,-0.03996971217232284,-0.028148627053181288,-0.9993357581157919,-0.35901433744728767,-0.7137716265691924,-0.3289885877397486,1.0266000257876235,-0.20473502790325673,1.90983948016649,0.21926522534380233,0.8152768033924307,2.001644923352,0.028748088430291547,0.05149427573225671,0.39329993519937806,1.504681038354761,-0.29965227792254623,0.3260959084943243,0.5000264525453546,0.967070558030447,0.1498390157284571,3.003177062293156,0.043409503249851315,-0.4570783879888844,0.789743748674416,-0.15289876832861685,-0.3355270446131713,1.5882610818151068,-0.18180889326736802,-0.16291931089239425,-0.14609680250452275,0.7809555164524214,1.0877855596604085,0.4841481752492123,0.9216678853348382,-0.6324737496273851,0.7553676208578952,1.0551863104496788,-0.5073931620523165,0.8216446389374531,1.6272113905982644,-0.8045036530235644,-0.4211556852932305,0.2017306274753149,0.5210880248047076,0.9898137260552808,1.6420873115845436,-0.4696874527351041,0.2309682519574382,-0.2715095776997267,0.29700474630086643,-0.8606482584374284,0.3496622923924907,0.14715819757255538,0.29301597829284165,-0.48950579286645296,0.40743103894150096,0.8993304909413397,0.7111403727173234,-0.21190452631969978,-0.5850748309498677,-0.9412563213355292,0.09351103033357792,0.40869206293622323,-0.586716920784267,1.3699813960754583,-0.06516345772296653,2.3262130673260026,-0.33663100913630933,1.1226339113879287,0.502969218074437,0.003970138218557615,0.2078894485499004,-0.30924277405381906,4.2763510296061265,-0.9530206431121958,-0.6881253421268534,-0.3607230114600187,0.1759630603624923,-0.4380419380452427,0.26905692750180665,-0.32063015935055916,0.1523743818051196,0.6513523358510895,-0.2585791223032718,-0.2189201589603743,-0.36339563894108423,2.2582640591223013,0.10609485835177285,0.5477898977556,-0.6888282850629324,1.0433603477793325,0.5283264245161595,0.6067405073407901
NR_21d_Amp.79_R1.12022015.Left.P3,3.052866606583132,0.3033121935341176,1.6699245369226576,1.4558882844535015,-0.34400549470992176,2.6991568337888023,0.09715815103925224,0.9449630290922766,1.2442026725607112,0.9643634833848244,-0.1843765635917151,1.6304733964484914,1.7291447924003127,2.1909048354467897,0.5689565419535314,0.2645401574722034,1.0089954747194247,-0.029648827731539408,0.6625176159487082,-0.1337924602195712,-0.35365918679536384,-0.16831203286352042,-0.3318867419743842,0.18766691989889236,2.1848939984441684,1.8838653225022475,2.5358171624663224,0.7368917793891603,2.0395612077477603,0.1254554565022944,0.9048859080317223,0.8334078155312833,0.912863440597869,-0.8203241256459715,0.7559101109712337,1.8540541032884579,0.751968820921851,-0.599029383094288,0.18012383703802948,2.822969050374508,1.3788395189881881,-0.09575717315514796,2.3687130711417694,0.09982672863655287,1.1540741965496955,1.436581801538371,0.8463652921449899,3.885501313641332,2.6986788298694138,1.0923760393874595,2.6287223655712797,0.3425180435875077,2.228106945409013,2.257995923989702,1.7462856156939577,1.96660893888751,0.2475851508404569,0.8405880780203993,1.6129214282833688,1.1350464415313084,-0.5877996179975494,0.09214028792152912,2.845248394012685,-0.08635324893404486,-0.31080815462560096,0.08119014575640719,0.7260715349382705,0.9882841947093209,0.49294071510659343,0.39046834671325165,0.9257865070071656,0.9535601249776491,0.4435239559673032,0.7741169916438378,0.6381474942122307,1.388837350672768,2.318853500679129,-0.583636462881822,1.28201604458599,1.899223280281917,1.3718414895446163,0.18155676358338593,-0.32021861674160174,0.6990366140341884,-0.24156301116297352,-0.07791330643413952,0.6694310200438518,0.7457892764559011,1.487632550611841,-0.2469953662236031,2.1899932514468254,-0.27256866138903496,0.27429533799335615,0.6935015777554376,0.31498796943924656,1.8269123837815715,1.52425387557118,2.568654364862895,2.415698495362942,0.2739025034087725,1.767460567983432,0.30516851720024757,-0.5379104148689653,0.07791994244331923,0.0982515756174546,0.3771659829401717,1.1416899062436572,1.2804335021219262,0.5754464942328442,1.228086707426797,0.3328544381850136,-0.40429933772413823,-0.4089773393305304,3.6111617604483124,0.10196984804265169,0.7128604628782959,-0.3456740595699396,3.749065169390172,1.279373716557171,1.367946630316471,0.6190609394907065,0.7637542246768131,0.3212984112606941,1.18837127287143,1.7486697406434706,0.21639716910034484,0.10008996501007919,-0.06516345772296653,-0.20650947512947507,2.0967242957351995,0.6769580546389686,2.756431250758441,0.14681630240983845,1.3102744212019855,0.9148814413402304,-0.03953124932207947,0.34461651046405756,-0.5362385343095003,0.0033633078606844285,1.3989944291154253,0.7176130283937372,0.33049512354552624,2.3374686320633873,-0.22439742803657373,0.9471839553349187,-0.044327849537703724,-0.4816353782377704,-0.6022730139911359,0.23623271134398147,4.131723680373383,1.8049480084321208,0.2615249343685771,0.7915297186856942,1.340674374575343,2.2940859239475064
NR_24h_Amp.63_R1.08132015.Left.P3,-0.2800582709602421,0.3636396299072972,0.6924292706296623,-0.5630339508691364,-0.4489874223877226,-0.1401870408315701,0.2841735913136476,0.8303022431354732,0.1992419952652587,0.24571727653096956,-0.5531296907751453,-0.07386021842128343,0.4091290249381338,-0.6145419116680179,-0.3624876703959537,1.1617583981240842,0.12153575320465634,-0.2629227720568195,-0.22548784856259887,1.1081844568146328,0.021939336478419478,1.404555347071342,1.732794184951756,-0.17023346420171667,-0.3512459462040808,0.32973582685362346,-0.530941034471649,-0.834359123366233,-0.571199976874077,0.3562593693224412,0.19849411799888297,-0.2758853084196483,-0.6778488618489572,1.6999914930234232,-0.5189374023987253,-0.49777018157669006,-0.03699039833745638,1.691800914570008,2.1264416399518766,-0.7060969346709163,-0.5337137593987044,-0.17509883091227055,0.11054843374684493,0.4185395870358224,0.4342709500525872,0.3399238888631682,-0.11188253519450893,-0.5918181155230189,-0.6523379312349143,0.9628537882376376,-0.5573811755445449,0.4998070153294976,0.6952483795248336,-0.671686544510332,-0.5697097388626906,-0.7671400158304997,1.0298844175321273,1.0305218834868497,0.3126964418040089,-0.31907454987618444,-0.10076564879957989,-0.18615229923269377,-0.3803260454524295,2.6671426177818973,0.5516582091829374,2.2537797319496113,0.5196241756335255,0.9787052369397453,-0.617503721649117,0.8103590110112748,-0.570376207103486,0.41170784645030667,-0.02578958842567779,-0.1908200914539364,1.5173356495591714,-0.1432115936504879,-0.7026703026165376,0.3819097659797157,-0.5956842227369248,-0.45397138454775615,-0.0436129619224041,-0.5038223965861633,-0.7171092966466855,-0.07821111433913727,0.4049831193147591,0.723949848760971,0.6228840508906932,0.5806749827281091,-0.43555295355783225,1.2040757725343612,-0.5990194840845772,-0.39904052027354714,0.6289574629147019,0.23733433132207862,0.14582776362928082,0.20546056386678488,0.5877800383139083,-0.22175593205734428,-0.2937024711329256,-0.48134997320361356,-0.8367723325404277,-0.48405707711572443,0.5455959675017453,2.550612825319861,-0.0052274762404057136,1.0168340399180955,0.07855664492502233,-0.5045030413548621,-0.03129234075190436,1.8675208759213782,0.9775736355171109,1.874280639909044,1.0527844535016744,-0.4255859416101402,-0.6662320939657111,0.464294978234255,0.8494298296427902,-0.1287402803654548,0.34891222125290206,1.5164529868139176,0.21110702780893742,0.3191793623705946,-0.10797019782202182,0.6753121729509781,-0.984544994275828,1.6822753137441024,-0.4441492197322262,-0.4660174552309123,-0.6930468396586242,-0.0480194319258569,0.16831660531729056,-0.16326058117598055,-0.5102760528700534,0.9578636407337866,0.4092649175905143,-0.30927389175509234,0.14414998148415373,2.213712091436262,-0.2875710654901335,-0.17923735576551617,0.7726442172717839,-0.038134052716791426,-0.504416759525147,1.311092609302881,1.4294365534337192,-0.3657047586860558,1.5515519709525123,0.5793737345897861,-0.32426018856650013,-0.2565798504596155,-0.7665117634062173,-0.10244012839242654,-0.4676234267824973,0.9126014175800992,-0.3730084442373034
NR_24h_Amp.68_M00.12032015.Left.P3,-0.4767934199818996,-0.4629245957252258,0.6513774457026638,-0.5630339508691364,-0.46193039977265693,-0.39830921125160396,0.7834460320248858,-0.08698404451895435,-0.10809938040987442,-0.09443393976021537,-0.048098233980447415,0.9349047717445799,0.05712482028155277,-0.36159179512487943,-0.5229389480295266,1.6355132401946104,0.10265363147029957,0.7116982099933036,-0.24106689179963936,0.4457098715716335,0.653701277910772,-0.7416537266429357,-0.1550310591392039,-0.5314497876238262,-0.28185437542755976,0.2808715132032973,-0.3671868438969169,-0.4096967172161267,-0.5273290109083261,-0.0689737596573973,-0.11651843701576159,-0.35805516945305066,-0.8232590749546075,1.1011069053961866,-0.5794375216750942,-0.33557540331012814,-0.01069175769547947,-0.17752639965001596,-0.7514588730962354,-0.46838782686992914,-0.35692312022008404,-0.33378214642651577,1.5051779405042132,-0.11264851029629348,0.4882561935398703,-0.3863918123887515,-0.48173257381677165,-0.3122374419928952,-0.5482640988036849,0.5827327679531721,-0.6241058570338816,0.8143849588134775,0.2842174179034803,-0.4356122118350674,-0.4969194269277167,-0.6728728104953959,1.7644213664503396,-0.014114046578627682,0.12261618531617778,-0.218866646772668,-0.8313166025965342,-0.07558197306718732,-0.6954321566517568,-0.13088898108925204,1.1785153811563862,2.021015214836199,-0.9856779266337369,-0.7550861193534449,-0.16084152089270337,0.741105906862163,0.6764260546553903,0.1747339016705851,0.18070837110723384,-0.4718562863877215,-0.5688410037089459,-0.6524029568521603,-0.241659895326493,0.04112874402858474,-0.4249841984348416,-0.45397138454775615,-0.5045329778783983,-0.3182659103430772,-0.49554958471103516,0.6957150425454133,-0.24156301116297352,0.786741901990865,-0.7269780545509062,0.6252957750394053,-0.6541748400950325,0.84986218488519,-0.5990194840845772,-0.33580459083129105,1.0849516235278607,0.23601766611934685,-0.1924926479906506,0.08612777483456974,-0.14058850177508078,-0.46199341438491026,-0.07845426130591424,-0.7417818616906432,-0.6424265936953636,-0.6536625773640632,1.403585411252251,-0.5345819643242645,-0.0052274762404057136,-0.3424442263825082,-0.3770718956401069,-0.5628343009456068,-0.25268187230342026,1.4581909663812644,-0.7269810435279516,-0.6013491085171465,1.4099562264180552,-0.4752705449190205,-0.5306670453760001,0.34161533985257264,1.0425642083607807,0.13934537928802307,0.21060037735632156,1.1781052359274609,1.2246125962162584,0.9169654113091286,-0.3857322389931909,-0.48077145136384347,-0.02534533880890783,1.5186895505811977,-0.08132309657068927,-0.29422288487036413,-0.9613244518756318,-0.48710082499032514,0.059514599007757955,-0.1162039344621809,-0.19601449164923554,0.5998240769664426,0.08992816574858838,-0.44414521297159876,-0.5377001590373984,-0.1205483234409549,0.17261682990865418,-0.7802025327322397,1.5797683208164683,1.31350626024504,-0.24915759261599726,-0.2727015062214062,1.6706105467467942,-0.47283039506883984,0.7519839122821764,-0.20414405557438314,-0.7002870707849245,-0.4076943124643607,-0.5379375614650317,-0.4192245348695964,-0.215792797688859,0.3301182918270445,-0.6043380578043532
NR_24h_Amp.73_L1.08132015.Left.P3,-0.45364810833229285,-0.33835235698060856,0.9079513514964049,-0.6806410713733678,-0.6416939745634118,-0.26924812604158704,0.8244957717121799,-1.1189311181301853,1.0597978471556313,-1.0034509946572654,-0.048098233980447415,-0.5550838273256905,1.1571379598333684,-0.2696099345637382,0.15323012373707598,0.09737423263495835,-0.4449278988260469,0.4674322997050522,-0.3345411512218822,0.23271924157682028,0.692642098641045,-0.3594259307899922,1.3438754379762436,1.804961058305351,-0.4149457127458787,0.37860014050394963,-0.32395866830895637,-0.4521629578311373,-0.571199976874077,1.094831890346911,-0.12606427201620538,-0.49500493784205457,0.500099579188458,0.36031421872933056,-0.4199372072192125,-0.49777018157669006,-0.5103659298930409,3.435336888352557,1.681007092254345,-0.5780997227780771,-0.6783606459993937,0.06292614235909723,0.11865674483264359,0.7106930405684861,-0.46548310806879795,0.43687413403134095,0.5773834458742534,-0.6760678036573062,-0.6861877444291952,0.3987544462469286,-0.665808782964717,-0.46639666822844067,0.2461837087924135,-0.574479466349929,-0.3980953314937364,-0.48433839982518834,1.7228338455603014,-0.48894856024475375,-0.20432185584289173,-0.1294065944752071,1.8473702279922983,0.9583223754933929,-0.2876477774526273,0.9148100099150124,1.318537252041872,0.18830408955905145,1.6166999669137665,1.1511264767921068,-0.45357490975256004,-1.2712563897131604,-0.2794556793597482,-0.4292730908745345,-0.4951031328186588,-1.5445008372975575,2.5015043595829902,1.214553535330845,-0.8552391422955823,0.6658939509389915,0.5650759425172407,-0.45397138454775615,-0.9320478423310284,-0.4180159289593028,-0.47750909926080404,-0.5442531447641686,-0.5648360764018399,0.8023679532203084,1.0883537424222791,-0.0019996437182308855,-0.5917114439415466,0.6941408836614049,-0.5990194840845772,-0.39904052027354714,-0.5363609475411484,-0.07125191977900983,-0.36165285380061635,0.12122565396169184,0.24724409749308227,-0.024648112676380278,-0.4228513970291324,-0.6115659174471284,-1.018161688795821,-0.43805558530308547,0.20695446064510684,0.9626449188853846,2.1160930868457304,1.031357082324426,0.6860613656785279,-0.4461717817641174,-0.5135269639334241,1.1769524276591377,2.5661222258045484,2.0818631378713883,0.843661342950437,-0.35821698797098045,-0.5306670453760001,0.40624574081568715,0.0999907982556944,-0.42899621917735004,-0.21062205632871914,0.5956098065601486,0.6892998824015469,-0.27567733506092823,2.7959056871492916,0.2936506233939635,-0.7601832228070852,1.1598612941104227,-0.4441492197322262,-0.4660174552309123,-0.8567416538927305,0.28973548581604175,-0.008367702304895063,-0.3256722592072602,-0.5674145185465657,-0.6984670274667487,1.2874409851558108,-0.5115808735798519,2.423884227402512,2.520310268760203,-0.14580928784261085,-0.1107624939493421,0.5708631913856128,0.20761873145808704,-0.14024701473476003,2.606221553594609,0.4388266969183814,0.16992342322786433,1.3916383592184451,-0.12372200597419912,-0.9982706378259399,-0.28075816438037476,-0.7665117634062173,-0.884291003953101,-0.5935387413293164,0.2844581695653281,-0.5362999361669857
NR_3d_Amp.68_R1.07232015.Left.P3,-1.240588704418923,-0.12681459307465487,-0.8416261121111163,-0.17101021585503198,0.3649820442648155,-0.6564313816716377,-0.9422371994895123,0.3143287063298577,-0.3539724809499809,0.24152342622002582,0.40883498883380304,-1.066383911786623,-1.1895567378771716,-0.10864167858174102,-0.20113207799310945,-0.859343743975942,-0.7092776031070418,-0.14323247601557626,-0.0852764594292346,-0.6063717849852671,-0.32865246166186585,1.3644214285067833,-0.7879451463225112,0.29134528935113796,-0.7023212754905294,-0.6556944984279545,-0.21173637066676496,0.1423644107790115,-0.24216773213094508,-0.3084558995995816,-0.5938101870379503,-0.3991400999697518,0.8856252162409025,-0.14898075335413305,-0.29893696866647473,-0.011185846777004294,-0.6944564143868792,-0.5447691184082855,0.6115846440835474,-0.21239340308425067,-0.6140731408435318,0.06292614235909723,-0.858394741006094,0.020148514036735482,-0.9153601371294905,-0.6155188459893891,-0.6162234969521398,-0.3318722346778592,-0.21699491001762145,-0.3518128178979159,-0.5407000051722107,-0.4214569620164435,-0.5561941018401801,-0.3939520354806089,-0.4001233254981879,-0.2958039891549808,-0.611503256580916,0.3657535643542732,-0.493243845704395,0.17616955589303412,1.116819274195344,-0.6830007778465281,-0.6027538886519547,-0.31645453173594856,-0.927057609107725,-0.5130084568150819,-0.5188371643868258,0.4614415173826609,-0.8242416682025834,-0.7291235036973871,-0.9859769610231114,-0.7858984991732555,-0.8330088847816051,0.7007430097153129,0.13521962669713394,-0.5961139948701067,-0.32425710164925503,-0.29965227792254623,-0.7322442421785913,-0.45397138454775615,-0.5411364949512337,-0.4638304536386444,-0.06971895939620557,0.48543401675604897,-0.5648360764018399,-1.196409604962704,0.6849466764282379,-0.7223563258177143,-0.5042626893266666,-0.946868344481625,-0.16436814867708585,-0.14609680250452275,-0.38436289400342877,-0.6449744702910415,-0.36165285380061635,-0.45437956372311056,-0.48112444259590686,-0.24805450702478446,-0.49460080030480286,-0.40322040665750464,-0.4610372374399704,-0.28245053908468043,-0.05055952413647094,0.4862545469550417,-0.21218557995612633,-0.2116060065056573,-0.9845766163936125,-0.4520049077231919,-0.11897136314854431,-1.072955882117877,-0.22705864649353397,-0.5596570634718552,-0.9987220109269064,-0.7725360528518129,-0.5758553949059038,-0.45419920568802313,0.12871832393435018,-0.8364864218506364,-0.13517923238512977,-0.48797927601981966,-0.6995647608938733,-1.0170473789602992,-0.4867366176008888,0.41502329253076264,-0.831490631247072,-0.4151779889642528,-0.4441492197322262,0.5647499669323769,0.19363340410945137,-0.20000914490971128,-0.8121702795304215,-0.6462216237426804,0.23252400092460693,-0.9676697069910675,-0.33585417004064627,0.09534007189442695,0.321353388022734,0.0474598034517489,-0.337534322704859,-0.4051423379505977,-0.8049165305655538,-0.09957224876051103,-0.4431545594669511,-0.2920231374953392,-0.48939906271096417,-0.15145348592048774,-0.9727986142781196,-0.5250359960582859,-0.8528085406055014,-0.5346304605483466,-0.2522198090385496,-0.6566780378523771,-0.9712846849697739,-0.43426045964071097,-0.6587685551142474
NR_3d_Amp.69_L1.11192015.Left.P3,-0.7082465364779673,-0.0218291843213297,-0.5442569552961702,-0.6218375111212521,-0.6416939745634118,-0.39830921125160396,-0.6975329260137986,0.658311064200268,0.38364682067033856,2.224615501823411,-0.6012279247555927,-0.46485440065611416,0.5411306016843517,-0.5455555162471619,-0.6346864159466284,-0.27145329729196355,-0.2183424380137656,0.8338311651374293,0.5534643132894249,2.114441967503459,1.0176051138086906,0.5324389262002094,-0.10262937533618767,-0.6128008323113026,-0.5359441286050134,-0.2242226088955744,-0.42677822719331454,0.2697631326240434,-0.5492644938912016,-0.206902177958717,0.14121910799622034,-0.09785060951394324,0.3488226716059227,1.679851191854668,-0.5409374457719504,-0.33557540331012814,-0.457768648609087,-0.40741857371439466,0.1395827376155199,-0.230678719068942,-0.37299499650904955,-0.09575717315514796,-0.3516658396991072,0.020148514036735482,-0.1235765659826716,-0.14552259770001646,-0.5153553046006137,0.15316972565329118,-0.1604255611878573,1.816881283653739,-0.5073376644275425,0.8143849588134775,0.5264320917160636,-0.14399097735385816,-0.6294517172806504,-0.7671400158304997,0.23571054144926581,2.8348930354181285,0.45715743673476056,-0.13983833202226081,0.6297853049973744,-0.13531866876179857,-0.47300431345223165,-0.6282046568223988,-0.3324361119551353,-0.08980573296348475,1.0964318729874867,-0.41982259741829764,-0.2333058820905773,0.8274974054724185,0.5101857530875401,0.5023198124364102,0.7063395408273726,0.15500671393748963,-0.2753464639655909,-0.4380809677154711,0.10052853086780678,-0.7540269738573875,0.08711587447140787,-0.45397138454775615,-0.32542450598801975,-0.4907982006070864,0.9552061202450481,0.6349047337509192,-0.5648360764018399,-0.0326800002436461,-0.23047705025054785,0.06553922090859461,-0.18569936894388914,-0.13537182361991648,-0.5990194840845772,-0.39904052027354714,0.7302894986065149,-0.1910970763841723,-0.36165285380061635,0.41597764287126326,1.2877705833344952,0.017561100146361298,-0.035404619340511964,-0.6896954839932373,-0.3573861767226028,-0.3575529746309672,0.99692272388322,-0.5799524759366781,0.35694920526210533,-0.015217838470504072,1.44544226662041,-0.34117551450077693,0.012547170446415611,-0.05027028676468865,-0.47461058044672144,-0.8800275148725145,-0.7698240790432092,-0.4621335989593844,-0.0787835500769631,-0.06371683537823968,1.062168803587431,-0.2681448233852633,0.034567121487946335,0.14882243743933807,-0.479064972847069,0.8520009388255199,-0.8150008480759069,-0.944690731700149,0.23847437827302867,1.7680447796541094,0.10008996501007919,-0.4660174552309123,0.8848802279946967,-0.5715395544257997,0.2406398048466592,0.2938855525668001,-0.3959991215170287,0.18610850447929642,-0.2826313780669919,-0.30927389175509234,-0.4846529944047919,-0.6774666187712497,-0.21465817816720872,0.7957536525113063,-0.5847917750533671,1.5592590444199186,0.02992576320467314,0.3649123258183825,0.02385480677613538,-0.47283039506883984,-0.2189201589603743,-0.20414405557438314,2.2866434464595407,-0.45605094030587917,0.4906463472703036,0.6322300908844142,-0.34170811223567815,0.22553947999107393,-0.14167883067025358
NR_3d_Amp.70_L1.07232015.Left.P3,-0.7661098156019842,0.6566586065770256,0.322962846286675,0.3190194529125986,0.6526037639300233,-0.7209619242766462,-0.36116418527519534,0.658311064200268,-0.9071869571652205,0.8142835544003388,-0.2885894038826845,-0.6653642376996171,0.013124294699480142,-0.0856462134414557,-0.3486645732085203,-0.30198232848046064,-0.8036882117788257,-0.7538972517362047,0.33535770797085823,-0.32939028107156837,0.10193597459204749,0.15021113034726585,-0.2571051723804963,1.069706779417997,-0.4044444204343982,0.5089049769048194,0.04299237022726262,-0.49208122400924736,-0.5053935279254507,-0.6592778470862047,-0.565172682036619,-0.32381772735579967,1.6374002084931696,0.9159087337294727,-0.0899365566208367,-0.49777018157669006,0.41008649257615115,-0.44304812095181983,1.2564468978764882,-0.08439619119141144,-0.6462168934214627,-0.33378214642651577,-0.7732574746052081,-0.5375989881619861,-0.7893945689924966,-0.10450221508304479,-0.3472416506814034,-0.2361232854890312,-0.232370757366888,-0.26303807787624955,-0.6157652718477145,0.791915105707479,-0.35368128227511375,-0.47727238818952583,-0.025717378125951745,0.08126483218543436,-0.3313680270322832,0.4607204670874984,-0.4856406354448818,0.21831799042658465,0.14275133579940488,-0.18414192966604817,-0.13936254865294387,-0.5317105704861166,-0.2153976289675194,-0.4271482380510683,-0.8819355350233121,-0.29529614641381435,-0.5125553364659892,-0.4192333507877258,-0.32101575475171074,-0.5166099255599356,0.08684566222863765,1.5288999151802893,1.200714680494859,0.46678176004624267,0.3955185534490997,-0.12926176694698074,0.1212558793318245,-0.45397138454775615,-0.7898982614656486,-0.5641933755950618,-0.34070208459655166,0.583803633923613,0.18946774248884823,-0.468564587170219,1.7400113105664996,0.3582655082114938,-0.3168725008662093,-0.34968064579740404,-0.5990194840845772,0.04361098582224556,0.12229728445563653,-0.6284016626305712,-0.0233324421806849,-0.5035165945010814,0.34183741438775617,-0.10051950145744512,-0.4085015163739983,-0.9501273724802669,-0.2019095856465515,-0.16674678685158628,0.39344525371837347,0.4862545469550417,0.14999110154638473,0.8612673964845199,0.23043282511339874,0.23630395544759578,0.40710277123129535,-0.3826431052544749,-0.08593597465598689,-0.08787865901198032,-1.0228717927311497,-0.4929548952493,-0.4402903463161927,-0.3529505357719168,2.244461769186706,-0.5469539094248803,-0.3174993902488041,0.019340575368971664,-0.5327585421710812,-0.12150495496537468,-0.15847238712587075,-0.6375892362662566,-0.001458241688812822,-0.617905817478815,-0.08132309657068927,-0.4660174552309123,1.2251380876929794,-0.25067238257099606,-0.48100615536962854,0.11459160800332172,-0.5102760528700534,-0.34360894991196506,0.35604212561686,-0.3767095523633455,1.2387588161787335,0.0020269951484879734,-0.36144018740089995,0.2748482082420427,-0.713197882435476,-0.898268797328866,0.05374995211619379,-0.717099025521865,-0.5055197238328796,0.16992342322786433,-0.664393791648133,-0.20414405557438314,-0.03337146835979448,-0.45605094030587917,-0.7665117634062173,-0.24398209724392794,2.050682864153886,0.18025178939544012,0.08965078289679627
NR_3h_Amp.63_R1.07142015.Left.P3,1.3864041678114452,-0.12681459307465487,-0.8110938173216611,-0.4846292038663155,0.34197230669159884,-0.7209619242766462,-1.0985649702889404,-0.9469399391949802,-0.9071869571652205,-0.07451315078323253,-0.7054407650465621,0.4775418334483496,-0.7935520076385181,-0.9824693539125828,-0.06354704523968355,0.42037279926963533,-0.6715133596383281,-0.631764296592079,-0.7551753186219751,-0.3823426274080108,-0.9498394198288088,-0.42313056343214944,-0.811689659295753,-0.5086803376161901,-0.4489062346691674,-0.623118289327737,-0.2933081822282272,-0.9617578452112648,-0.5273290109083261,-0.9547068554959927,-0.7847268870468258,-0.35805516945305066,-0.7231062192420703,-1.1675706975210602,-0.49693735902550024,-0.49777018157669006,-0.5366645705350178,-0.6470340784179944,-1.0447349114718372,-0.2489640350536333,-0.7105043985773247,-0.01641551539802536,-0.7164992970046176,-0.11264851029629348,-1.1133060299161952,-0.8223202852843677,-0.17912799676219307,-0.6721564903734489,-0.4972025161885833,-1.050886320880033,-0.46563473849670706,-0.6910951992884263,-0.8714735326292865,-0.6439130936073597,-0.5505224002391778,-0.48433839982518834,-0.8850414809122205,-0.7738492684444295,-0.7049172193292438,-0.35079124686268126,-0.8313166025965342,-0.970483625876845,-0.7881104246515589,-0.7098534991069453,0.3439826734083361,-0.6672791030471877,-1.3487762972702233,-1.253191923371378,-0.7093453453403719,-0.22196693290843794,-0.8612967348472238,-0.8877914729728901,-0.513875674594378,0.4443493973914852,-0.7262638555804429,-0.6627657783049232,-0.619247124230548,-0.4132459519062565,-0.25428417413275844,-0.45397138454775615,-0.42244159492864153,-0.4848223930402157,-0.4761936471967247,-0.879731865130433,-0.033590672525969555,0.5183439115314555,-0.8511033056259959,-1.1321036793377866,-0.4417992931731808,0.5862183405935301,-0.5990194840845772,-0.33580459083129105,-0.5363609475411484,-1.0805044208294106,-0.36165285380061635,-0.8264170824706047,-0.8594977101746025,-0.6044001978335988,-0.36545187440859606,-0.3250908401113957,-0.9090689473907916,-0.2895507693427182,-0.5898964624080384,-0.7387492665801257,-1.0917575207479389,-1.0751382576928732,-0.9845766163936125,-0.5574094938036676,-0.8204035423216639,-1.0473887422340475,-0.7992589804485902,-0.646990926250939,-0.23100394733838955,-0.5434816104786698,-0.4402903463161927,-1.041103995635053,-0.4382620984126344,-0.525507056652602,-0.3929422141923935,-0.7303974550073047,1.9648264624891028,-1.0582261274885425,-0.6887453748162845,-0.7913637536534404,-0.7594754569664898,-1.1247253887652204,-0.4441492197322262,-0.4660174552309123,0.3936593729471829,-0.6559782838612744,-0.4254949276606833,-0.8684691831539052,-0.5674145185465657,-0.9554332215581438,-0.6818023178693994,-0.5115808735798519,-1.165209301642622,-0.5575559810207077,-0.2823117752570045,-1.1525733824878688,-0.08951107515094717,-1.0825833854600249,-0.6847999041409462,-0.9199761538981613,-0.9530191018010025,-0.47283039506883984,-0.6536567348602741,-0.6022730139911359,-0.013860639565442276,-0.4197834694247403,-0.42365046049443883,-0.7697094101209332,0.7915297186856942,-1.0421434250205932,-0.46826181452961807
NR_3h_Amp.64_L1.07142015.Left.P3,0.10183937125826958,-0.9102877927263353,-1.6526562283251323,-0.6806410713733678,-0.6416939745634118,-0.7209619242766462,-1.2479182707531482,-1.4055830830221938,-0.9071869571652205,-1.0119884756474007,-0.7214735097067112,-0.31447202287348697,-1.7175630448620431,-0.6605328419485885,-0.6403706802106197,-0.8900380522087695,-0.8036882117788257,-0.38749838630382766,-0.8174914915701369,-0.9607044471242768,-0.9961205230609543,-1.060176889853722,-1.0062854955017462,-1.3182116573051528,-0.9987795045671854,-1.4700997259333908,-1.0380783599428363,-0.7918928827512224,-0.571199976874077,-1.3147609594954217,-1.0520102670592515,-0.48815744942260436,-1.059184002846484,-1.0981213831460426,-0.8434380421537949,-0.49777018157669006,-0.8785468988807177,-0.5843423941567234,-1.3725140131857452,-1.1083738863341253,-0.7908637800221521,-0.33378214642651577,-1.0894816069513555,-0.431361368695563,-1.2392715980531892,-1.1699506464451461,-0.5321666699925347,-0.8809815065985931,-0.770640159720689,-1.3502686532214707,-0.8409610718742256,-0.7809746117124206,-0.9548807894518014,-0.8938741517341104,-0.984091273477715,-0.7671400158304997,-1.4496923514737923,-1.0948373996827307,-1.3372001845103652,-0.9328611277710138,0.14275133579940488,-0.970483625876845,-0.8066460782515193,-0.939954781908849,-0.66545950941889,-1.2934186730773007,-1.0375491224389493,-1.6267712763848279,-1.1052826942927116,-0.8515406069912713,-0.7366165086713361,-1.3608659941854793,-1.058279386090236,-0.7468010564066856,-1.2946846194090398,-1.2084625352606473,-0.9378363486183443,-0.7540269738573875,-1.039504285922341,-0.45397138454775615,-0.9320478423310284,-0.6886127536540098,-0.08531646244171782,-0.9050269095449496,-0.5648360764018399,-0.8451935429872455,-1.316572997157582,-0.9912964320052532,-1.19136004701501,-0.14717312402656207,0.560050743668733,-0.39904052027354714,-1.2456851973838399,-1.6078288345234417,-0.36165285380061635,-1.4301006034571049,-1.2189523143743635,-0.9318174561782289,-0.7672485327523506,-0.7678250505393461,-1.0570308365648338,-0.42295509559937133,-1.0024899523836401,-0.9882870804484006,-1.7643713578240308,-1.362982341421945,-1.4402051569587417,-1.2103112824028732,-1.0834406095115836,-1.2774930011885148,-1.1787181492819434,-1.0432847859972338,-0.9565473919789164,-0.6613772793471994,-0.6662320939657111,-1.1291903384620654,-0.7447537406193747,-1.2118063453655055,-1.1725180616094837,-1.3066090362153693,-0.28480335217774166,-1.5675976348482807,-0.8402519427278313,-1.5235381146704146,-0.33640842575058755,-1.530181045794345,-0.4441492197322262,-0.4660174552309123,-0.6970027976692819,-1.1288351686999325,-1.0381802780596985,-1.1847445561621865,-0.5674145185465657,-1.3347642699787747,-0.9479162777376711,-0.5115808735798519,-1.1820291343310094,-0.7654010864549804,-0.4565855288911428,-1.6490678488287076,-1.0984162045818027,-1.0825833854600249,-1.2770011713701737,-1.1325140979114243,-1.255909472308629,-0.47283039506883984,-0.9156866100873813,-0.6022730139911359,-0.8279943138025025,-0.6736557655927121,-0.7665117634062173,-1.1741150354109373,-0.5935387413293164,-1.0778223786312984,-0.8356676713714031
NR_3h_Amp.75_M00.07142015.Left.P3,0.1712753062070899,-0.9886351126915034,-1.8476523967283756,-0.6806410713733678,-0.6416939745634118,-0.7209619242766462,-0.5499730607786472,-1.4055830830221938,-0.2925042058149543,-1.578757389097794,-0.7054407650465621,-0.8057211236300691,-1.1602230541557899,-0.9134829584917269,-0.8995214555189509,-1.1710090275708058,-1.0491557943254637,-1.364562027456833,-1.0044400104146227,-1.4169500096738856,-1.0582018954073,-1.060176889853722,-0.8692769263917762,-1.2012695305669057,-0.8353434115415569,-1.3560829940826298,-0.9307406019151035,-0.4521629578311373,-0.571199976874077,-1.3886182115978687,-1.1951977920659083,-0.5703273104560067,-1.059184002846484,-1.2138702404377388,-0.6674376951679944,-0.49777018157669006,-0.77335233631281,-0.4021829341394295,-0.8549680631111537,-1.1083738863341253,-0.7908637800221521,-0.33378214642651577,-0.9394778518640805,-1.0422276806274964,-1.4012273285150385,-1.0695240976653657,-0.3808643814652454,-0.7347375029151666,-0.9039740001673138,-1.262029650005047,-0.5323594199860436,-1.0506128489844033,-1.0883324003678254,-0.671686544510332,-0.7355572020406915,-0.7671400158304997,-1.3751198044971122,-1.1537168793773303,-1.732567118005054,-1.067209262846706,-0.8313166025965342,-0.9417640606390512,-0.5842182350519942,-0.8583059396243026,-0.42619654822567743,-1.197716530502785,-0.2620747451510247,-1.5501396142282227,-1.0279622308154746,-1.148839286419276,-1.0690971118070365,-1.782994028498251,-0.8142363430058859,-1.5445008372975575,-1.0768547664689005,-1.467533071579722,-1.1856279675866304,-0.7540269738573875,-1.0053642810619243,-0.45397138454775615,-1.0741974231964084,-0.5813546691204339,-0.8657553798876522,-1.2885406637488817,-0.5648360764018399,-1.3937913047030388,-1.1148694641605612,-1.423961857840855,-1.1601283489382672,-1.0619484809914,-0.5990194840845772,-0.39904052027354714,-1.2456851973838399,-1.303536056909522,-0.36165285380061635,-1.6898249089978084,-0.8027417200377982,-0.9844146061131092,-1.2838442363371778,-0.6896954839932373,-0.8367723325404277,-0.5654597169754814,-0.8769912404372017,-0.5484199703660506,-1.7126318318951006,-1.4414852733480557,-1.4402051569587417,-1.0878156372623093,-1.0834406095115836,-1.2263587214208556,-1.118486535181411,-0.6772725168627821,-0.21157912284367214,-0.8466419018548886,-0.6662320939657111,-1.2979381216555759,-0.6280966937756439,-1.0509549495734187,-1.1473704536282872,-1.3930840108839133,-0.4335764661737454,-1.6627863017870395,-0.0069658192143239595,-1.165506642290476,-1.4506088003079012,-1.2962643205852347,-0.4441492197322262,-0.4660174552309123,-1.447861816404781,-1.230161644022502,-1.2821124729635776,-1.3343342596120493,-0.3388606558405164,-1.5794939786372462,-0.7616365058298808,-0.5115808735798519,-0.7317751515957149,-0.6454904487044385,-0.4565855288911428,-1.5249442322434978,-1.4286033378500826,-1.0825833854600249,-1.0149350933434464,-1.0938708353635582,-1.5293565840413175,-0.47283039506883984,-0.9613762134399719,-0.6022730139911359,-1.2820645111983358,-0.8429039630380267,-0.7665117634062173,-1.254996160468938,-0.9712846849697739,-1.8095016298170088,-0.7404143010790885
NR_6h_Amp.60_R1.07152015.Left.P3,0.26443518559675727,0.13408198240935473,0.7796643985995343,-0.4258256436141999,-0.6416939745634118,-0.39830921125160396,1.5183559347760522,-0.3163056164325612,-0.10809938040987442,-0.7617054803050098,0.521064201454847,0.567771260117926,-0.7055509564743728,-0.6835283070888738,-0.043781308139895565,0.7531935445388174,-0.33163516841990626,0.2231663894168008,-0.459173497118206,0.1829033034464594,-0.48329604047250274,-0.4868351960743067,-0.26502001003824355,-0.7582600372144531,-0.363096663227745,0.4844728200796563,-0.6142224348981719,-0.4521629578311373,-0.26410321511382057,0.87326013403957,0.036214922991338806,-0.4333775420670028,-1.057507804424517,0.21516515168554334,0.036563692775207365,-0.09228323591028526,0.015606882946497445,0.6844502612828823,-0.4926858980589396,-0.8158088305790642,-0.4372825016649115,0.14226780011621984,0.3700143884924018,-0.431361368695563,-0.10558148482024389,-0.7542619856882242,-0.26318482372179824,-0.6213485308161419,-0.4760894123657098,-0.2126157903240074,-0.24877952365636294,-0.7360349055004234,-0.2756120898892399,-0.6300263681558735,-0.38869686315527646,-0.7671400158304997,0.6388139482488999,0.270786661621048,-0.584482368818554,-0.5930393743442628,-0.10076564879957989,-0.6545684082611122,0.7503488241451568,1.5910108764715747,0.9156797144268964,0.029686090478134808,0.4148443601069964,-0.6114017528098104,-0.2663556655646891,-0.9575188421285483,1.341387260926791,-0.17454065637544808,-0.588965841697255,-0.020813959740296935,-0.4307061696528532,-0.810907021345558,-0.9850347522313512,-0.7540269738573875,-0.5956842227369248,-0.45397138454775615,-0.5766738901675788,-0.616136933676322,-0.0026309041281587105,-0.6242263659939027,-0.13380532275001808,0.723949848760971,-0.3856336140944099,0.24228617255411725,0.7012808564356088,0.6908937802950792,0.05440635681135141,0.29655470359126995,-0.9923551081543072,0.1958880005926123,-0.36165285380061635,-0.4333208362468373,0.01076080525639748,-0.6242556219340161,-0.838997936028021,0.24785931456006954,-0.5128627677986541,-0.4607563214801921,-0.12722063931028735,-0.26235889464978285,0.14999110154638473,0.128573365174155,0.07855664492502233,-0.52783554519116,-0.2943294079418242,0.02643113288680049,-0.05841012701204369,-0.19935002155412748,0.5365391178312559,-0.4592704184297201,0.05678149851274799,-0.28916387372476976,-0.11876542768920521,-0.4075493664050718,-0.7764432359056395,-0.7243442067805065,0.8693153503367115,1.0091484415453815,1.8868662796800109,1.0890175392859969,-0.6363242007028896,-0.7192697317360961,0.6443291497523845,-0.23695802808351474,-1.1295663442829076,0.42686398241925266,-0.3400076369889077,-0.6931500507106659,-0.281722190164004,-0.624925750014878,-0.2826313780669919,0.49995403554394624,1.6205043265409425,-0.18983002525237913,-0.20174901123134661,-0.3048090812108865,3.285735176035915,0.45337151563296546,-0.027932981294734135,-0.0505027465711768,-0.3655847542124655,0.06279778684508029,1.9856032028021233,-0.20414405557438314,-0.3366761705265424,-0.28680274286056456,-0.5950811119503281,1.0568559974389184,-0.215792797688859,-0.5314651244882475,-0.6043380578043532
NR_6h_Amp.74_M00.07152015.Left.P3,-0.7082465364779673,-0.8319404727611673,-0.544308270077329,-0.6218375111212521,-0.24765221862207706,-0.4628397538566124,0.07205005783246066,-1.3482526900437921,-0.5383773063550608,-0.5259511806826738,-0.6733752757262638,-0.9661289932648714,-1.1308893704344083,-1.005464819052868,-0.7413955587206471,0.37902992718065004,-1.1624485247316043,0.4686536292564934,-0.5838058430145298,0.4852612010275456,-1.0345636975199137,0.3413250282737376,-0.8930214393650181,-0.8239156357801608,-0.48184603789990704,-0.7208469166283894,-0.5352150066343004,-0.8768253639812437,-0.5273290109083261,-1.1670464552905278,-0.8324560620490448,-0.5292423799393056,-1.0528982587641074,-0.010082124604097527,-0.6729377060113007,-0.49777018157669006,-0.7207550550288562,-0.18983355241714184,-1.2172502281633677,-0.8523794625484468,-0.7426481511552556,-0.33378214642651577,0.0653851409989465,-0.19232672489611088,-0.8586756314678433,-0.6060169494509945,-0.649846227735982,-0.8129637685923137,-0.8055226790802191,-0.8581471267115875,-0.6324464422200486,-0.8933238772424134,-0.9545471604245114,-0.755006897219249,-0.8688755365813972,-0.7671400158304997,-0.856384090248146,-0.48894856024475375,-0.5996887893375804,-0.6984104606781391,0.6297853049973744,-0.7120075387367,-0.917859999851282,1.0194689804797494,0.06411572692888617,-0.19728195617019642,-0.9338067308285245,-1.281928796680105,-0.8840707341492992,-0.4668011394962065,-1.110657187198999,-0.8732353338586566,-0.588965841697255,-0.6030988050070458,-0.7907011887299159,-0.6429822100769212,-0.784441536876072,0.21151925500415023,-0.049444144970258654,-0.45397138454775615,-0.89615507316252,-0.4737901329167622,-0.44481071938226024,-0.31761976703006617,-0.13380532275001808,0.3736795740967686,-0.9131659311635406,-0.6513450259915661,-0.5667260854801524,-0.1267128813097149,0.8498183006070605,-0.39904052027354714,-0.6883590010788679,-0.9050444709871261,-0.36165285380061635,-1.18441544956725,-0.9351723636903416,-0.779417214241913,-0.32240223244319377,-0.2990476512626928,-0.6781862096428554,-0.6576627070869012,-0.6349266303468131,-0.829490289804953,-0.9882784688900786,-0.6957074200500055,-1.136452796581989,-0.9944856219171178,-0.38200843033846416,-0.3315088254868155,-0.8655137559591757,-0.9322522870871424,0.059668426406886466,-0.6276928025276195,-0.3499136472563853,-1.2322952339933004,-0.11663027375362946,-0.7506990107615235,-0.5375409600842731,-0.7185792084692703,-0.465134399445625,-1.2943745786631073,-1.092762889247076,-0.9146160880202342,-0.783008671166287,-0.9921725778133914,-0.4441492197322262,-0.4660174552309123,-0.4247692274416167,-0.6559782838612744,-0.8162939707316574,-0.9368530475881282,-0.5674145185465657,-0.7229399983325959,-0.7084137138562265,-0.5115808735798519,-1.236370132247338,-0.27576598230693417,-0.4085347408521005,-1.1937410486552966,-0.49307312692328936,-0.7753924052414268,-1.0727938378428539,-0.833028813165463,-0.8019872668323664,0.06279778684508029,0.7748287139584717,-0.12451826389103261,-0.35196556545448027,-0.6494774516719529,-0.7665117634062173,-0.9517593424389833,-0.9712846849697739,-0.9234866962067038,-0.8356676713714031
NR_6h_Amp.76_M00.11192015.Left.P3,1.0725537418427773,-0.0939087186892843,0.39993501802479736,-0.4454268303649051,-0.6416939745634118,-0.39830921125160396,0.16720176026296021,-0.8322791532381767,-0.661313856625114,0.24811376242293734,-0.07214735097067113,1.189351754952785,-0.7495514820564454,-0.6835283070888738,-0.4986516370833819,2.1345082480350537,-0.5015742640291172,0.5920079139520603,-0.4747525403552465,1.6832469380283976,-0.11690397321801714,0.46873429355805213,-0.2546488434522299,-1.0794640261571244,-0.12609962307128425,-0.8837279621294767,-0.3285989809426922,1.5012841104593517,-0.48345804494257516,-0.6408135340605929,-0.22152262202064313,-0.39229261155030165,-0.5035242259643735,1.2631553056045615,0.2895641915672955,-0.2544780141768472,2.9029346390291426,-0.47283007074188127,-1.2177677741134423,-0.5780997227780771,-0.4051387490869805,-0.09575717315514796,2.8188459610698815,-0.0860891054296877,-0.3935027834190871,0.027056563818467598,-0.46492120842485063,-0.26146859556842683,-0.312003877220552,1.1894074289958054,-0.5156782496137096,-0.398987108910445,-0.7713848244422686,-0.35604127499805177,-0.2744898829665994,-0.5786056051602921,0.2977751665338913,-0.8688161711776546,-0.18911543532386524,-0.15290434672766157,1.8473702279922983,-0.5790359516857142,0.5279209809456317,0.8711649924029093,1.8856376154808583,-0.046875623581477885,-0.9851592146756848,-1.224455050062651,-0.8448447429218227,0.49382335820851697,-0.15477545318386055,0.051152280590742456,0.4810690395187417,-0.4840391362173635,-0.8341711990303049,0.024242180279386936,-0.48945151429477907,0.32511292898786054,0.05297586961099124,-0.45397138454775615,0.06370997163095783,-0.5036691707511154,-0.19036470584462598,-0.30228943708187433,-0.4570783879888844,3.0679808967397855,-1.006259869469858,0.6308516713583214,-0.060772576636917604,2.3198922174917,-0.3092519271462496,0.04361098582224556,-0.8910230724624941,0.35360159335460073,-0.0233324421806849,0.13526480561254067,-0.3486937989433634,-0.23332730504301788,-0.021054738685377872,-0.3511340289600987,-0.24064916958966756,-0.24054918023795058,-0.47940780644119135,-0.5345819643242645,-1.143497046676869,0.1024057211987848,-0.07331953526335408,-0.8078255912267347,0.10022619284305556,0.15426683230594906,-0.6787957522475258,-0.6210979719596529,1.0004599262591471,-0.7199882690132683,0.1476100810678545,-0.1794778146489879,-0.13856412781908964,-0.042952869276341885,0.2671824953140136,-0.09595939085575363,-0.6208502587614422,1.2774587311406713,-0.03221691386624843,0.5714830459607957,-0.027999460711140445,0.5672722569140102,-0.4441492197322262,-0.4660174552309123,-0.061002973588047266,-0.19696935065003407,-0.24278368674438347,-0.07427607758094791,-0.3388606558405164,-0.316076857687887,-0.6019681299089179,-0.2418382311468391,0.0018153819418843845,-0.48811439835894943,-0.2646214353819342,-0.8844663706638158,0.3874258951254573,-0.5296396210665484,-0.39890963720269845,-0.2630406905844397,0.29138782981320976,-0.47283039506883984,1.8713791944206466,-0.2829735893409002,0.7012644470988235,-0.3170256352615136,-0.5950811119503281,0.8074725285100826,-0.5935387413293164,0.06412759591091188,-0.20971695230762116
NR_7d_Amp.63_L1.07232015.Left.P3,-0.7545371597771808,-0.8319404727611673,-0.8418826860169101,0.1426087721562516,-0.354072254898204,-0.5273702964616208,-0.9490123992437259,-0.2016448304757578,-0.7842504068951672,-0.5052814898644512,-0.7535389990270095,-0.9962054688213969,-0.9548872681061177,-0.2926053997040235,-0.432895034574937,-0.6964278002786268,-0.5959848727009011,-0.38383439764950394,-0.3501201944589227,-1.176627822454647,-0.6719039773002787,-0.6779490940007784,-1.0346697408950467,0.3848547782174491,-0.5491096697072155,-0.33807645970083433,-0.2184526126366458,-0.5795616796761692,-0.39571611301107334,-0.6223492210349812,-0.3360726420259684,-0.4333775420670028,0.12044063661289828,-0.7045752683542752,-0.8544380638404074,-0.49777018157669006,-0.8785468988807177,-0.585838291178142,0.4216452804061722,-0.35867593096178124,-0.2604918624862912,0.14226780011621984,-0.8867738298063893,-0.8828712514278615,-0.05159624133296078,-0.45282783696614476,-0.6330348623440609,-0.24582334243299742,-0.1755719182781795,-0.5119981226654451,-0.1820548421670263,-0.601215786864432,-0.606572084960979,-0.4356122118350674,-0.34468362893463317,0.5526008588609532,-1.0265868248552186,-1.1537168793773303,-0.5388631072614745,0.03918714365899495,0.6297853049973744,-0.4822510168343488,-0.6212895422519151,-0.24222831147726998,-1.0383797110027937,-0.8926168923772148,0.20735957688614703,0.6625996305437493,-0.7592264736080041,-0.6591708732437389,-1.027537036415074,-0.22548714327526537,-0.908099051884482,-0.181682954081705,-0.010112228931870642,-0.8785008794578981,0.5253141633848686,0.26831609199600537,-0.7322442421785913,-0.45397138454775615,0.16961140937566574,-0.24425783201490997,-0.6195779221813739,0.3571702561895105,-0.5648360764018399,-0.9866915489885981,0.8211741394831488,-0.33500617933327287,-0.6042041231722438,-1.260964493766193,-0.5990194840845772,-0.01962494362001054,-0.6883590010788679,-0.8304525249367193,-0.36165285380061635,-0.15955737905528494,-0.03653585319093948,-0.08973708572079454,-0.22195306785725513,-0.845954617085455,-0.2537351160052353,-0.6523625352041408,-0.6406377735975844,-0.3530999178746101,-0.8330598911032882,-0.5387015561977845,-1.136452796581989,-0.4461717817641174,-0.030853945639921096,-0.996254462466388,-0.6185641381469935,-0.2564022937213682,-1.0620714385583272,-0.22347908069266093,-0.5758553949059038,-0.5723226539234805,-0.6477012890022942,-0.4075493664050718,-0.41180292017829084,-0.430329292907457,-0.848337874889877,-1.4074139813477147,-1.0422606999432271,-1.3257257261804984,-0.9726899164458549,-1.1047644948807098,-0.08132309657068927,-0.4660174552309123,-0.020215682374715663,0.3741742152515164,-0.859434124836895,-0.6675915813783752,-0.5102760528700534,-0.9921426778569146,-0.20279719010651043,-0.5115808735798519,-0.7972948690834026,-0.6721372570934478,-0.34303267158494843,-0.9663879576100542,-1.0617287453297715,0.8220006918952831,-0.40912000387906444,-0.4852394502346691,-0.7280929543129748,-0.47283039506883984,-1.0984450234977439,-0.2837698472577337,-0.9503804216943482,-0.6857449225530918,0.5477898977556,-1.0662735353336028,-0.4676234267824973,-0.37817225072868405,-0.30497032259993584
NR_7d_Amp.65_R1.11182015.Right.P3,-1.7960761840094854,-0.9886351126915034,-0.19531644341668222,-0.6806410713733678,-0.6416939745634118,-0.7209619242766462,0.13163196155333903,-1.4055830830221938,-0.9071869571652205,-0.4554046272378707,-0.7695717436871586,-1.4573780940214536,-0.7495514820564454,0.8341723921699568,-0.8995214555189509,-1.149759121871156,2.5384473352023234,-1.364562027456833,-1.2069675724961488,-1.6002465931461862,3.935180790951286,-0.9327676245694074,1.8534272278732835,-1.3781196277135932,-0.48760704340192185,-1.2094900531316513,-0.44228664046922134,-1.174089048286318,-0.571199976874077,0.9932781687060463,-1.3861144920747837,0.08018408939176185,1.7065433933993148,-1.2138702404377388,-0.9204381939600825,-0.49777018157669006,-0.8785468988807177,-0.6593412311851202,0.4526980374106476,1.1224346637982157,0.8163238488743961,-0.33378214642651577,1.290307696730549,3.711905790494941,-1.4012273285150385,-0.5287657580819326,-0.7675257854794292,0.8532556903309189,1.115196043153905,-0.6664163782941867,-0.5240188347998767,-1.0506128489844033,-1.0049251435453104,0.5364585697689634,-0.523409116055631,-0.7671400158304997,0.3574648697402786,-1.1537168793773303,-0.18911543532386524,-1.467619390915436,-0.8313166025965342,0.43677507077505584,-0.917859999851282,-1.1997465528142242,-1.188125322921994,-1.575573948945258,-0.3113523811659764,-0.3144540619529656,2.8199094927788586,-0.3793603514291463,-1.2768974887668492,-1.9576676978690533,-1.527592930483217,-1.7936954929038693,-1.3807609974210682,-0.05371449928571653,-0.041066679971213826,3.3921421265480394,-1.312624324805674,-0.45397138454775615,-1.0741974231964084,-0.6886127536540098,-0.8657553798876522,-1.2885406637488817,-0.5648360764018399,-1.9324788602443694,-0.8976502747791545,-0.6947504659830992,0.4826589698984086,-0.14019010603446408,4.037261426928663,-0.39904052027354714,-1.2456851973838399,1.1385344162787399,-0.36165285380061635,-0.7421821725655118,0.020220136945864872,-1.08960890598287,-0.48025091964966876,3.6074306760427524,1.8711116287007996,-0.9724729162742657,1.617167524874049,-1.1017133594794346,1.6504373534853591,-1.1013059016682434,-1.4402051569587417,-1.2394769121982456,-1.0834406095115836,-1.2774930011885148,-0.7028883978877387,1.8536540492024263,0.09956806590954932,-0.8466419018548886,4.3044863543236955,-0.47259271405611586,0.22577077555143074,-0.10729342759317657,-1.8515034771017882,-1.606388948399655,0.6439015412518574,-0.8980272169488777,-0.03221691386624843,-0.9419159877892045,1.4512311461332523,0.5828667052612843,-0.4441492197322262,2.740814524832654,-0.6792237220121886,-1.3821513570063564,-1.076086516409521,2.1404208519519066,-0.5674145185465657,2.6298570102884637,-1.0277504656981524,-0.5115808735798519,-0.2569383364697005,-0.624173001993231,5.135952458100669,0.7506554051520132,-1.1167599342078183,-1.0825833854600249,0.7004065082860398,-0.9103153382611949,0.3052827586303243,-0.47283039506883984,-1.0870226226595963,-0.6022730139911359,-0.6287710146950807,-0.17195575173695823,-0.7665117634062173,-1.1943353166754374,-0.9712846849697739,1.4976915649957316,-0.8900981686812972
NR_7d_Amp.72_R2.11182015.Right.P3,-0.337921550084259,2.267479505060881,-0.19531644341668222,0.12300758540554636,0.2211711844322116,-0.26924812604158704,-0.4209453595770798,0.9449630290922766,-0.2925042058149543,1.220338132720639,0.3687531271834302,-0.2643445636126112,0.5704642854057335,0.23629029852253866,0.028434685577630438,-0.4792065420155399,-0.3693994118886198,-0.26536543115970196,-0.20990880532555842,-0.5778589831117982,0.42080282293610405,-0.8053583592850929,-0.36627534697011377,-0.3607894438772725,-0.006035424320584407,-0.29735619832556254,-0.32737784603907755,0.8689617877018433,-0.3079741810795715,0.39318799537366467,0.752152548024622,-0.04991819057779187,-0.46580976147011266,0.4529133045626876,-0.26593690360663713,-0.49777018157669006,-0.29997680475722555,-0.5994373550092204,0.10611476617736276,1.2321465597063634,-0.14814944722642243,0.06292614235909723,0.09838596711814696,-0.4048019638289572,0.5422414370271534,0.3854248405795458,-0.11188253519450893,0.7914178273131341,-0.271384101387415,1.2842958713831811,-0.006902553257517613,-0.3765172558044464,-0.5545259567037298,0.45313821706004653,-0.21909210875972576,0.5526008588609532,0.4476063490298537,0.14732968806785512,0.5255863290703797,-0.013814512766944833,-0.8313166025965342,1.9879187892683041,-0.3247190846525482,-0.3312997757876843,-0.5234928903266611,-0.21098819362408613,-0.00012520633470233886,-0.17076969540933107,0.9843499778036925,1.9817158079576132,-0.15477545318386055,0.8880574989635982,2.79065485418548,0.6251539641813982,-0.33359435856235936,-0.04759101388181101,-0.029267079067962113,-0.4700427888981117,0.7016359619589072,-0.3903715287415488,0.5040182983614718,-0.3361933330436892,-0.7567607802925062,-0.21541756737545403,0.18946774248884823,-0.0038951690315139273,-0.556305834322658,-0.8418080966744133,1.3259148179704665,0.3646122646143004,-0.4454426789072636,-0.39904052027354714,-0.4856949296952418,0.5271151685493687,1.4991094101090066,-0.328027198865471,0.039138800324799654,0.4751563045798202,0.3520421583481085,-0.22091808471658386,0.8475574041167949,-0.5078578489666117,0.46805621490473337,-0.8068050339987461,-0.0052274762404057136,-0.2377736504810275,-1.2883289767703654,0.037977672839063746,-0.4832777012065833,-0.35707596537064523,-0.5041240713559823,-0.28492842980498845,-0.14577971734805276,0.30401982630195984,-0.0335952005470594,0.9980442164753288,-0.40856404821780773,0.4503247444860574,0.21060037735632156,-0.04407440605462725,0.14280664365622672,0.025817014574720812,0.422302789868392,0.3648988863975713,-0.2544845297016697,0.13062770319033776,-0.4441492197322262,-0.4660174552309123,0.13452138785824633,0.7625923706546998,1.8861511976475354,0.5932359191276113,0.0896778367333261,0.7332017681853096,-0.25601998208016474,-0.1744025705385859,-0.06428656052347828,-0.6854606612879525,0.485066481485909,0.8334044828754864,1.2862686468002194,-0.22244864084795027,0.1558536188798537,-0.5045610815086021,0.4992394309058358,-0.47283039506883984,-0.11600432740866388,3.2993907784930405,1.4849257541825227,0.17862980011405052,0.8906512006673785,0.5580890595812467,0.6656144041388751,0.7907417764378999,0.4434490154111078
NR_7d_Amp.73_M00.07232015.Left.P3,-0.15021307260594813,2.4617808585744974,0.3116735944317504,3.376804586022613,0.7964146237626272,0.8923016408485652,-0.5466850961920435,0.4289894922866611,0.4451150958053652,0.6122298376338006,-0.4569332228142504,-0.8157466154822443,-0.29487938437502825,0.3052766939433946,-0.14183486669374562,-0.5335118565813116,0.5747066748292189,-1.364562027456833,-0.1475926323773965,-0.6959834480161697,0.007134359906846064,-0.8053583592850929,-0.7336329844641766,2.1743566987204943,0.09195357016413662,1.103420792983788,0.4705116999827711,-1.0042240858262754,0.284283859458066,-0.22536649098432873,0.23667745800065806,-0.4333775420670028,2.167497959440281,-0.9823725258543462,0.1850639855444765,-0.17338062504356622,-0.457768648609087,-0.22947482348473508,-0.47543436638978653,1.1041493478135243,0.3341675602054317,-0.33378214642651577,-0.8300156522057988,-0.8563118465612557,-0.06959132249538848,0.004267462364594432,-0.4144871122490875,0.5012374947837571,0.002742012921523405,-0.6821733431542624,0.7520906986836867,-0.241698137168455,0.4463611251664493,0.5503452952204496,2.6557151596204553,1.96660893888751,-0.81548265790071,-0.7738492684444295,0.3734460917775198,0.7698302562980932,-0.8313166025965342,1.3270815931466666,2.993162909740369,-0.24965093350313783,-0.7554483128036279,-0.35855667088094206,0.9854275139643321,1.3139687588748925,-0.48290010992502436,-1.0022885256188832,0.21926522534380233,0.8298329425066642,-1.058279386090236,1.1052690006495594,0.3523777576238016,-0.33680793988165103,0.7377069796433995,-0.4700427888981117,-0.49326420815567484,-0.3903715287415488,1.12912108021698,2.2896378021732944,-0.4465020148932194,1.4118969566251078,-0.34932069957592893,-1.3074368110666423,3.012295134086168,0.06571284266856059,-0.6666675193257295,-1.1492362058926249,-0.5990194840845772,0.8024421391293188,0.17296330230154308,0.29008680890108834,-0.36165285380061635,1.4198471816652094,0.40805273621402793,-0.09907307983423591,1.9018292691025904,-0.2990476512626928,1.1196414384998847,0.2944681701916554,-0.719788361470455,0.25940198889297367,-0.4191436836718469,1.2406982341273876,0.9898137260552808,0.5862915129920641,-0.2943294079418242,0.9468481687046701,1.1574854668354007,-0.7281806981812431,-0.768074094854496,0.7533707470751555,-0.5758553949059038,0.2376667054053702,-0.7253432502959586,1.168794312357378,0.8707250868627286,0.7745553541409224,-0.7175978656206616,0.022994462341403045,0.422302789868392,-0.5209604841384917,-0.12354784919151998,0.0682499098012417,-0.4441492197322262,-0.4660174552309123,0.6975406072601087,1.3296828775433478,0.04936397451240796,-0.1931785218659531,-0.5674145185465657,0.34151186947742607,0.1431509577222427,-0.5115808735798519,2.092662906769652,-0.4456393857868686,-0.33992490917446316,1.0777211348540408,-0.5664480454273516,1.7435736325510773,1.1054177197818909,-0.4562570033237696,-0.39105349101454495,4.776325787687577,-1.0641778209833008,-0.6022730139911359,-0.8705633948083619,0.10609485835177285,-0.19507625855325322,1.4073408726902552,-0.9712846849697739,-0.483421439563603,0.8652853695627869
NR_7d_Amp.75_M00.11182015.Left.P3,-1.3794605743165635,-0.9048034803287736,-0.8675400765962842,-0.5434327641184312,-0.5137023093123942,-0.7209619242766462,-0.4309088886273939,-1.2335919040869887,0.1992419952652587,0.18490644702228567,-0.5290805737849216,-0.6553387458474419,-1.1308893704344083,-0.3385963299845941,-0.4732016357196026,-1.4708688079991976,-0.8036882117788257,-1.364562027456833,-0.42801541064412507,-0.8507672296150014,0.047941354154544306,-1.2512907877801938,-0.6774103445505235,-0.8696755984168663,-0.6069792294797071,-1.1687697917563793,-0.5399774327583977,-0.834359123366233,-0.5492644938912016,-0.44693824729166964,1.0003442580361601,-0.3101227505168993,-0.9334691211989478,-0.2184300677291508,-0.5079373807121128,-0.49777018157669006,-0.8785468988807177,-0.6025651396903683,-0.4409313030514804,-0.6695263027015336,-0.7908637800221521,-0.33378214642651577,-0.39622100911557084,-1.0422276806274964,0.09236440796646085,-0.25630080612325123,-0.3640530160733244,-0.44921163319357976,-0.7324300316064669,0.6477144910361241,-0.4989970792413754,-0.6236856399704306,-0.33616575834238566,0.31427096254518494,-0.29835680465464787,-0.201536783819877,-1.0576719134392698,-0.36739092474622553,-0.3715924815521831,-0.5879815622002367,-0.8313166025965342,-0.26857745146516215,-0.6027538886519547,-0.39810337402049506,-1.0996098136332735,-0.06607643199705902,0.36297316430178406,-0.6018227950402347,-0.163434585216635,-0.8165642917644473,-1.1937773379829242,0.3058119343942578,2.4521859259692618,-1.3371155072429715,-0.8337873578797496,-0.8551845311891816,-0.6074475233272962,-0.29965227792254623,-1.0736442907827577,-0.45397138454775615,-0.6122112853839237,-0.6415724222942844,-0.564516857213481,-0.5220241663392905,-0.34932069957592893,-0.9003370553522017,-0.7269780545509062,-0.5365810426539526,-0.24191642548202635,-1.313337128706928,-0.5990194840845772,0.04361098582224556,0.32496135583926267,-0.9219607565265697,-0.36165285380061635,-0.3490859263417443,0.14319144890894095,-0.9712653186293891,-0.7959482940626187,-0.1948748958678809,-0.8238159499507568,-0.6440622660292514,-0.9411317723304806,-0.19430312723116244,-0.7295808392454278,-0.12001925259186169,0.07855664492502233,-0.3645080183370748,-0.645045497528384,-0.6127473642089424,-0.6968652364776854,-0.4288757011192573,-0.9955720393872226,-0.40874370320035025,1.6383737320593776,0.6252803634008639,-0.7447537406193747,-0.5040602038803238,-0.8330253538633315,-0.9664741358524296,-0.73563097034745,-1.0643289431281489,-1.0675117945951516,-0.816604972456226,-0.6012897915934172,0.037061013106693665,-0.26273615815145773,-0.4660174552309123,-0.13375622435876117,0.5937149117837505,-0.1750599889394704,0.17455570912908114,0.2896624666011193,-0.6983446626124195,-1.0277504656981524,-0.5115808735798519,-0.22329867109292562,-0.7334249163881693,-0.2892444760188564,0.2709176270501778,-0.9516663675736782,-1.0825833854600249,-0.6916068152585235,-0.6687949473370325,-0.8298407168181612,-0.47283039506883984,-0.6072817874573946,-0.6022730139911359,-0.4537411432926557,-0.37142684158322187,-0.023645607097364026,-0.27768256601809493,-0.9712846849697739,-1.1286965442181698,-0.019210211722991886
