,GSM5429653_T1,GSM5429654_T2,GSM5429655_T3,GSM5429656_T-7P,GSM5429657_T-7V,GSM5429658_T-14P,GSM5429659_T-14V,GSM5429660_T-30P,GSM5429661_T-30V
Xkr4,13,3,0,0,1,1,1,0,0
Rp1,5,0,0,0,0,3,0,0,0
Sox17,0,0,0,0,0,0,0,0,0
Mrpl15,1238,148,51,11,70,25,31,23,26
Lypla1,888,102,40,9,45,12,13,10,10
Gm37988,1,0,0,0,1,0,0,0,0
Tcea1,1890,295,101,31,156,61,81,48,55
Rgs20,0,2,0,0,2,0,0,0,0
Gm16041,2,0,0,0,0,0,0,0,0
Atp6v1h,1043,427,111,16,133,60,57,15,34
Rb1cc1,2248,274,79,27,140,44,77,44,39
4732440D04Rik,68,24,10,4,13,7,9,6,5
St18,2,0,0,0,0,0,0,0,0
Pcmtd1,2349,255,58,19,122,54,41,41,39
Gm26901,24,2,0,0,0,0,1,0,0
Sntg1,4,2,4,0,2,0,0,1,0
Rrs1,527,128,29,6,54,14,32,16,15
Adhfe1,39,8,0,1,11,1,7,1,2
Mybl1,30,8,3,2,7,2,2,1,0
Vcpip1,739,89,39,12,62,17,37,18,5
1700034P13Rik,1,1,0,0,0,0,0,0,0
Sgk3,301,27,7,5,17,9,5,6,7
Mcmdc2,11,5,6,0,5,2,0,1,3
Snhg6,1415,323,81,31,141,41,43,32,37
Tcf24,18,3,3,0,1,1,0,3,0
Ppp1r42,1,0,0,0,1,0,0,0,0
Cops5,1354,185,65,22,65,33,29,28,29
Cspp1,815,95,23,14,74,27,26,10,15
Arfgef1,1393,170,42,13,80,41,43,24,33
Cpa6,112,6,2,3,3,7,3,2,5
Prex2,728,35,11,19,88,21,18,33,37
A830018L16Rik,2,1,1,0,0,0,0,0,0
Sulf1,1090,144,77,9,114,45,49,49,40
Slco5a1,84,5,0,0,7,0,3,4,4
Prdm14,1,0,0,0,0,0,0,1,1
Ncoa2,854,98,31,11,38,20,26,18,15
Tram1,3549,465,118,27,250,86,94,50,50
Lactb2,291,28,9,4,14,7,14,10,6
Eya1,58,1,0,1,5,3,4,2,2
Gm9947,4,3,0,0,5,1,2,0,0
Msc,29,6,0,2,2,6,6,1,6
Terf1,313,42,8,8,30,17,17,6,9
Sbspon,22,0,1,4,7,7,4,3,2
4930444P10Rik,10,0,1,0,1,0,0,0,0
Rpl7,47691,6570,1910,539,2730,909,1134,703,973
Rdh10,802,152,82,11,129,24,70,14,11
Stau2,232,25,7,4,12,2,5,9,10
Ube2w,1052,105,31,12,76,26,25,27,22
Eloc,2303,540,179,62,308,81,116,72,83
Tmem70,544,85,27,8,39,14,20,17,9
Ly96,555,97,23,3,38,8,10,10,8
Jph1,24,5,2,0,6,4,0,1,0
Pi15,1416,25,16,2,33,3,12,14,24
Gm28154,5,0,0,0,0,0,0,0,0
Gm16070,1,0,0,0,0,0,0,1,0
Crispld1,130,4,3,6,22,18,7,15,13
Tfap2b,2,0,0,0,0,2,0,0,0
Pkhd1,0,0,0,0,0,0,0,0,0
Gm28653,1,0,0,1,1,0,1,1,0
Il17a,1,0,0,0,0,2,2,2,3
Il17f,0,0,0,0,0,3,2,0,0
Mcm3,266,29,7,2,13,10,4,4,7
6720483E21Rik,0,0,0,0,0,1,0,0,0
Paqr8,55,5,2,3,2,6,8,5,3
Efhc1,44,5,0,0,4,0,3,0,0
Tram2,849,110,28,4,58,24,31,10,9
Tmem14a,219,26,4,3,17,16,8,5,2
Gsta3,321,8,2,0,4,1,8,3,3
Gm28836,2,0,0,0,1,0,0,0,0
Khdc1a,0,0,0,0,0,0,0,0,0
Khdc1c,0,0,0,0,0,0,0,0,0
Khdc1b,0,0,0,0,0,0,0,0,0
Kcnq5,1,0,0,0,0,0,0,0,0
Gm26580,1,0,0,0,0,0,0,0,0
Rims1,13,0,0,0,2,0,0,0,0
Gm29107,22,12,9,1,10,5,10,0,0
Ogfrl1,210,44,13,4,22,9,12,6,7
B3gat2,0,0,1,0,0,0,0,0,1
Smap1,2248,248,71,32,122,63,64,43,48
Sdhaf4,750,117,43,14,88,26,25,7,23
Fam135a,398,23,13,2,17,14,8,13,10
Col9a1,6,0,0,0,0,3,0,0,1
Col19a1,0,0,0,0,0,0,0,1,1
Lmbrd1,1237,189,57,15,85,19,51,33,22
Adgrb3,4,1,0,1,2,3,1,2,2
Phf3,1621,231,62,22,144,51,58,40,44
Ptp4a1,3718,1520,504,98,728,191,309,101,147
4931428L18Rik,0,0,0,0,0,0,0,0,0
Khdrbs2,1,0,0,0,1,0,1,1,1
Prim2,228,37,8,5,15,6,12,8,8
Rab23,656,51,13,7,35,6,12,6,10
Bag2,188,34,10,8,12,7,11,29,10
Zfp451,1136,205,72,17,91,32,39,17,16
Bend6,132,11,11,0,7,2,5,1,0
Dst,3587,351,120,56,235,157,113,107,89
Gm37233,22,6,1,2,4,1,1,1,0
Ccdc115,432,44,19,5,28,8,5,13,11
Imp4,560,80,25,12,40,11,23,8,11
Ptpn18,13,13,13,3,3,4,4,4,0
4930568A12Rik,1,0,0,0,0,0,0,0,0
Arhgef4,6,0,0,0,0,0,1,0,0
Gm38336,11,3,1,1,1,0,0,0,1
Fam168b,1349,157,58,19,75,29,53,16,24
Plekhb2,227,26,15,6,20,8,7,6,3
1110002O04Rik,6,0,0,0,0,0,0,0,0
Hs6st1,541,80,25,9,41,27,26,15,17
Gm33280,1,0,0,0,0,0,0,0,1
Uggt1,981,148,49,15,66,19,26,12,14
Neurl3,8,1,4,1,2,4,1,3,3
Arid5a,426,293,95,20,122,41,93,31,32
4930403P22Rik,12,41,10,1,21,7,9,5,4
Kansl3,673,87,27,10,53,21,20,13,15
Fer1l5,0,1,0,0,3,4,0,0,1
Lman2l,97,17,13,13,19,9,5,11,7
Cnnm4,83,34,9,9,27,9,5,5,3
Cnnm3,361,28,12,7,20,7,10,5,3
Gm38033,2,1,0,1,0,0,0,1,2
Ankrd23,6,2,1,0,0,0,1,1,0
Gm42417,2,0,0,0,0,0,0,0,0
Ankrd39,390,33,15,6,25,10,15,6,20
Sema4c,481,80,23,3,60,20,30,9,17
Fam178b,10,5,1,0,2,6,1,1,3
Cox5b,6538,1041,339,149,591,166,182,139,157
Actr1b,1278,150,43,21,60,47,42,21,20
4933424G06Rik,6,1,1,0,1,0,0,0,0
Gm33533,0,0,0,0,0,0,0,0,0
Zap70,3,0,0,0,0,0,1,1,0
Tmem131,1709,165,55,12,89,36,38,18,24
Vwa3b,31,4,1,1,1,1,2,0,0
Inpp4a,363,41,9,7,23,21,17,10,17
Coa5,882,96,16,8,38,16,24,11,14
Unc50,1115,143,50,13,82,41,33,29,40
Mgat4a,117,24,9,2,11,1,7,1,6
2010300C02Rik,1,0,0,0,0,0,0,0,0
Tsga10,132,11,3,5,11,6,5,1,2
Lipt1,40,4,0,0,2,1,0,0,0
Mitd1,398,97,29,10,68,13,27,11,16
Mrpl30,2752,362,117,44,199,64,73,50,55
Txndc9,1503,151,49,32,115,29,45,32,34
Eif5b,2571,364,116,52,199,58,93,74,59
Rev1,466,60,18,8,40,15,19,7,16
Aff3,1193,55,14,6,44,10,22,10,15
Gm16152,19,0,0,0,2,0,3,0,1
Lonrf2,23,3,1,0,3,3,2,1,1
Chst10,55,9,3,0,7,5,0,0,0
Pdcl3,1566,208,61,27,124,60,41,47,28
Npas2,299,21,11,1,25,8,10,6,7
Rpl31,12850,2359,725,178,970,334,352,224,277
Tbc1d8,38,2,4,1,6,5,3,2,0
Cnot11,339,43,24,9,28,9,10,10,6
Rnf149,2057,249,70,21,97,46,47,31,25
Creg2,4,0,1,0,0,0,1,1,0
Rfx8,1,2,0,0,1,0,3,0,0
1700066B17Rik,0,0,0,0,0,0,0,0,0
Map4k4,4867,761,192,61,347,189,163,75,125
Il1r2,14417,1239,539,18,360,62,112,34,120
Gm16894,95,5,3,0,0,1,0,1,2
Il1r1,3779,577,153,14,139,51,111,37,57
Il1rl2,1522,214,65,2,108,21,28,28,26
Il1rl1,2302,265,116,30,174,14,17,19,22
Il18r1,2,4,6,0,18,0,1,3,1
Il18rap,2,2,0,0,2,0,0,0,0
Slc9a4,1,0,0,0,2,0,0,0,0
Slc9a2,0,0,0,0,0,0,0,0,0
Mfsd9,47,2,2,1,5,0,1,0,1
Tmem182,0,0,0,0,0,0,0,0,0
Pantr1,6,1,0,0,1,0,0,0,0
Pou3f3,15,5,0,0,1,0,1,1,0
Mrps9,607,56,18,12,39,18,21,20,20
Gpr45,1,0,0,2,3,0,1,3,0
Tgfbrap1,396,50,12,7,22,8,8,7,12
8430432A02Rik,3,0,0,0,0,0,0,0,0
AI597479,175,15,8,1,9,3,4,2,5
Fhl2,246,57,26,6,29,15,17,12,2
Nck2,122,40,10,2,25,7,5,4,3
1500015O10Rik,267,17,1,0,21,6,5,1,4
Gm29155,2,0,0,0,0,0,0,0,0
Gm29156,2,0,0,0,0,0,1,0,0
Uxs1,718,129,31,17,63,17,25,22,13
Tpp2,1291,230,68,15,106,35,39,25,29
Mettl21c,1,0,0,0,0,0,1,0,1
Gm8251,11,12,3,8,11,7,5,1,0
Tex30,222,63,31,24,43,11,11,6,14
Kdelc1,443,80,25,9,36,27,18,9,7
Bivm,162,8,5,2,9,5,4,0,1
Ercc5,462,35,12,5,24,10,12,12,10
Mettl21e,1,0,0,0,0,0,0,1,0
Gulp1,1221,112,43,17,68,40,54,18,31
Col3a1,533966,27693,6577,2487,20213,10168,10161,2607,5216
Col5a2,41737,2543,536,326,1817,890,703,241,358
Wdr75,557,71,19,2,34,9,8,1,2
Gm5269,0,0,0,0,0,0,0,0,0
Slc40a1,113,3,0,11,4,7,7,0,13
Dnah7b,14,4,0,0,3,0,1,0,1
Dnah7c,1,0,0,0,0,0,0,0,0
Slc39a10,498,36,12,5,43,11,7,8,6
Gm28151,12,4,0,0,1,1,1,0,1
Gm28826,0,1,2,0,0,0,0,0,0
4933411E06Rik,2,7,2,1,3,0,3,0,1
Tmeff2,290,140,36,2,160,20,54,14,20
Gm28322,1,0,1,0,0,0,0,0,0
Gm29325,3,3,0,0,0,0,0,0,0
9330175M20Rik,0,0,0,0,1,0,1,0,0
Cavin2,348,30,15,2,28,4,7,2,5
1700072G22Rik,5,2,3,0,1,0,1,1,0
Nabp1,154,94,28,1,15,12,18,10,8
Gm17767,0,0,0,0,0,0,0,0,0
Gm28055,2,0,0,0,0,0,0,0,0
Myo1b,558,47,11,21,51,38,18,23,31
Stat4,0,0,0,0,0,0,0,2,0
Gm31812,5,0,0,0,1,0,0,1,2
Stat1,480,99,15,8,61,22,27,13,13
Gls,2920,816,265,74,438,133,200,99,142
Nab1,1296,254,63,19,81,16,51,15,17
Nemp2,40,3,0,1,5,2,2,0,2
Mfsd6,272,20,6,2,4,10,6,2,4
Inpp1,417,41,13,6,22,5,23,11,10
Hibch,383,51,12,4,24,6,9,9,7
1700019D03Rik,370,16,18,1,28,3,7,3,9
Mstn,10,0,0,0,0,0,0,0,0
Pms1,48,0,3,0,4,1,3,3,0
Ormdl1,185,18,5,3,7,5,7,3,0
Osgepl1,152,32,5,1,6,2,4,4,0
Gm28551,1,0,0,0,0,0,0,1,0
Asnsd1,642,88,31,2,36,15,15,12,12
Dnah7a,0,0,0,0,0,0,0,0,0
Stk17b,350,81,26,12,52,20,35,15,13
Hecw2,545,58,15,11,25,12,13,14,10
Ccdc150,1,0,0,0,0,1,0,0,0
Gtf3c3,286,23,11,4,21,9,6,2,4
Pgap1,150,14,4,0,6,5,6,1,5
Ankrd44,322,25,11,4,25,11,18,6,11
Sf3b1,4174,869,236,97,457,177,231,132,157
Coq10b,830,425,130,44,207,62,129,48,39
Hspd1,3279,765,295,102,425,217,156,352,181
Hspe1,7094,1476,513,221,945,388,269,651,401
Mob4,1351,178,66,30,147,44,46,47,39
Rftn2,880,64,17,22,57,9,21,12,9
Gm10561,132,15,2,5,18,6,9,8,10
Mars2,49,20,6,2,16,3,2,0,5
Boll,0,0,0,0,0,0,0,0,0
Plcl1,196,20,5,1,14,7,5,4,4
Satb2,64,6,2,1,4,3,0,3,4
4930558J18Rik,0,0,0,1,0,0,0,0,0
1700066M21Rik,104,6,6,2,8,3,0,3,2
Tyw5,222,15,7,2,7,6,2,4,10
Maip1,525,45,19,3,38,14,15,9,12
Spats2l,330,41,9,6,21,15,23,8,7
Kctd18,292,22,13,2,21,8,5,5,5
Sgo2a,49,1,0,2,7,7,1,0,1
Aox1,231,19,8,0,13,0,6,5,1
Aox3,222,41,5,0,15,1,4,2,4
Aox4,0,2,0,0,1,0,0,0,0
Aox2,1,1,0,0,1,0,1,0,1
Bzw1,3188,555,183,52,250,99,109,46,49
Clk1,2772,816,294,102,555,143,267,131,137
Ppil3,556,75,30,10,40,10,16,14,8
Nif3l1,240,17,6,3,9,4,5,4,5
Orc2,344,31,16,5,14,10,5,6,6
Gm15834,10,0,0,0,1,0,0,0,1
Fam126b,483,48,14,8,27,10,12,10,11
Ndufb3,2383,354,120,41,214,83,72,59,78
Als2cr12,3,1,0,1,1,0,0,0,0
Cflar,1720,264,60,22,125,56,66,41,68
Casp8,556,72,25,7,29,16,17,8,11
Trak2,524,88,29,5,56,18,29,12,13
Stradb,155,13,9,5,11,7,5,5,5
Tmem237,460,74,26,9,37,17,17,7,12
G730003C15Rik,12,2,0,1,0,0,0,1,0
Mpp4,1,1,1,0,0,0,1,0,0
Als2,92,20,2,1,10,1,9,0,2
Cdk15,64,4,3,1,0,1,5,1,2
Fzd7,393,44,10,3,32,16,13,5,3
Gm973,22,0,1,0,1,0,1,0,0
Sumo1,3083,569,178,92,361,130,153,89,102
Nop58,1775,593,233,72,385,145,177,83,90
Bmpr2,2586,237,75,24,161,65,60,45,51
Fam117b,524,47,16,7,42,12,10,14,8
Ica1l,11,2,0,0,0,0,0,0,0
Wdr12,270,63,27,5,31,12,8,10,28
Carf,204,8,7,0,10,5,4,6,4
Nbeal1,1956,243,67,18,123,56,58,29,56
Cyp20a1,1253,150,63,11,71,35,29,13,25
Abi2,716,79,23,16,33,19,19,17,11
Raph1,705,211,84,24,99,45,69,29,25
Cd28,2,0,0,0,0,0,0,0,0
Gm11579,0,0,0,0,0,0,0,0,0
2310016D23Rik,0,0,0,0,0,0,0,0,0
Ctla4,0,0,0,0,0,2,2,0,0
Icos,11,0,1,1,3,0,3,1,1
Pard3b,1745,131,40,13,68,32,28,25,22
Nrp2,2011,136,81,15,79,27,53,21,29
Gm29083,1,1,0,0,0,1,0,0,0
Gm4208,4,0,0,0,2,0,0,0,0
Ino80d,1064,169,57,25,86,39,47,28,27
Ino80dos,22,9,2,4,6,9,3,5,4
Gm20342,226,39,7,6,21,9,10,15,12
Ndufs1,963,94,32,14,54,21,19,13,15
Eef1b2,27995,4138,1150,329,1751,514,616,469,586
Gpr1,420,47,23,1,10,2,0,4,3
Zdbf2,9,9,3,0,4,1,0,0,3
Adam23,495,117,20,1,47,33,18,13,6
Fastkd2,143,30,16,3,6,2,2,5,2
Klf7,1814,219,70,39,174,41,91,88,46
Gm26649,5,1,0,0,0,0,2,2,0
Gm13748,0,0,0,0,0,0,0,0,0
Creb1,902,123,32,20,76,16,34,24,17
Mettl21a,390,35,9,4,17,14,16,2,7
Ccnyl1,172,62,27,9,41,17,29,7,6
Fzd5,118,55,16,8,27,3,10,5,4
Plekhm3,215,17,10,2,12,3,8,4,4
Akr1cl,131,7,1,0,5,0,0,2,1
Crygd,19,1,0,0,0,0,1,0,1
D630023F18Rik,1,1,0,0,1,0,0,0,0
Idh1,2853,276,83,20,126,40,37,24,40
Pikfyve,928,74,37,10,51,24,23,15,14
Map2,30,0,1,4,6,7,0,1,6
Unc80,0,0,0,0,0,0,0,0,0
Rpe,569,62,25,6,43,11,17,8,15
Kansl1l,332,146,44,16,86,26,41,23,17
Acadl,1767,272,84,32,139,31,47,54,49
Myl1,0,0,0,1,3,0,0,2,1
Lancl1,492,56,15,6,31,16,19,13,15
Cps1,0,0,0,0,0,0,0,0,0
Gm29113,0,0,0,0,0,0,0,0,0
Ikzf2,259,40,12,6,12,10,8,4,9
Bard1,17,5,1,1,2,1,0,0,0
Abca12,0,0,0,0,0,0,0,0,0
Atic,662,110,32,10,50,19,21,16,27
Fn1,40547,812,472,179,1873,596,553,195,371
Apol7d,23,2,0,0,1,0,0,0,0
4933417E11Rik,3,0,0,0,0,0,0,0,0
Gm4319,0,0,0,0,0,0,0,0,0
Mreg,3,5,0,1,0,1,1,0,0
D230017M19Rik,28,2,0,0,1,0,3,0,4
Pecr,301,36,6,3,15,5,5,3,14
Tmem169,6,1,0,0,0,0,1,0,3
Xrcc5,225,32,12,3,19,7,9,1,4
Smarcal1,188,17,6,0,7,4,13,3,9
Rpl37a,71360,14387,4255,1218,7171,2103,2521,1560,2020
Igfbp2,8852,234,19,55,295,297,248,17,305
Igfbp5,18574,1201,506,98,1607,549,650,501,737
C530043A13Rik,2,0,0,0,0,1,0,0,0
Tns1,2455,201,65,11,116,58,60,35,51
Rufy4,2,0,0,0,1,0,0,0,0
Cxcr2,9,2,0,0,3,2,0,11,15
Cxcr1,0,0,0,0,0,0,0,0,0
Arpc2,6465,1000,329,97,545,192,206,121,141
Aamp,2014,307,99,47,209,59,91,48,64
Pnkd,940,122,37,19,72,35,33,22,20
Tmbim1,1662,341,96,22,179,52,78,38,53
Catip,34,5,1,2,5,4,2,0,1
Slc11a1,6,4,1,1,3,1,2,0,0
Ctdsp1,1150,158,56,20,100,49,46,18,32
Vil1,1,3,0,0,0,0,0,0,0
Usp37,281,94,23,17,50,12,19,10,14
Cnot9,299,26,8,3,16,3,6,3,4
Plcd4,1,1,0,0,2,0,0,0,0
Zfp142,237,64,20,3,37,6,14,3,6
Bcs1l,158,30,11,4,16,9,3,6,6
Rnf25,240,17,11,2,20,6,13,9,5
Stk36,28,6,1,0,4,1,2,1,0
Ttll4,262,33,11,11,26,9,18,7,10
Cyp27a1,497,40,17,2,18,6,12,3,5
Prkag3,5,0,0,1,0,1,0,0,0
Wnt6,94,2,2,12,22,15,7,3,5
Wnt10a,36,0,1,16,2,1,2,2,1
Cdk5r2,1,0,0,0,0,0,0,0,0
Ihh,0,0,0,0,2,0,0,0,0
Nhej1,72,15,5,2,5,3,5,2,6
Slc23a3,15,13,3,0,13,0,4,2,3
Cnppd1,1116,166,45,13,78,21,25,12,29
Retreg2,1302,135,43,12,80,27,35,11,21
Zfand2b,504,52,17,14,34,7,13,4,5
Abcb6,194,23,4,2,16,12,9,6,3
Atg9a,608,67,21,9,39,27,25,15,12
Ankzf1,183,14,5,0,5,2,2,2,3
Glb1l,195,30,8,4,22,8,12,3,4
Stk16,974,104,44,16,94,22,38,27,22
Tuba4a,200,119,33,6,43,9,14,3,3
Dnajb2,383,69,9,9,37,17,24,11,9
Ptprn,45,5,13,4,2,1,0,1,2
Dnpep,1147,180,60,12,88,20,23,23,15
Des,198,5,7,5,7,3,3,3,1
Speg,123,2,2,1,7,4,2,2,2
Gmppa,977,126,35,12,82,26,34,16,22
Chpf,1502,123,35,12,139,32,41,18,48
Obsl1,367,34,9,3,35,11,11,8,6
Tmem198,22,5,1,0,2,1,2,0,1
Inha,69,3,0,2,6,1,2,1,1
Stk11ip,142,11,2,0,7,1,1,1,1
Slc4a3,253,56,8,1,20,9,12,5,6
Epha4,193,23,10,19,32,38,33,22,13
Pax3,5,0,0,0,0,4,0,3,0
Sgpp2,0,0,0,0,0,0,0,0,0
Farsb,629,84,23,5,24,15,13,10,3
Mogat1,11,2,3,0,0,0,0,0,0
5730419F03Rik,0,0,0,0,0,0,0,0,0
Acsl3,286,79,21,8,40,17,20,13,14
Utp14b,118,49,12,6,23,10,11,10,4
Kcne4,650,100,42,3,42,50,33,4,3
Gm29187,2,1,0,0,0,0,0,0,0
Scg2,6,1,0,0,1,0,0,0,0
Ap1s3,1,1,1,1,0,0,0,0,0
Wdfy1,553,55,18,8,36,6,14,19,11
Mrpl44,252,15,6,2,8,3,3,5,4
Serpine2,1073,180,30,113,459,156,271,436,423
Fam124b,0,1,0,0,0,0,0,0,0
2310015K22Rik,0,0,0,0,0,0,0,0,2
Cul3,1868,334,116,32,168,68,62,43,52
Dock10,188,39,11,5,21,15,8,10,7
Irs1,955,69,13,12,60,29,35,22,24
Rhbdd1,220,21,7,3,13,6,3,3,6
Col4a4,381,33,9,1,17,4,1,5,3
Col4a3,102,16,4,0,5,0,2,1,0
Mff,1541,151,72,17,100,35,39,31,47
Agfg1,1168,159,56,13,103,35,34,26,25
A030005L19Rik,4,2,0,0,3,2,0,1,1
A030014E15Rik,0,0,0,0,0,0,1,0,0
Ccl20,17,0,0,0,0,0,0,0,0
Sphkap,20,1,1,0,2,0,1,0,0
Pid1,1712,185,61,14,70,31,35,20,31
Dner,4,0,0,0,0,0,1,0,0
Trip12,2227,296,89,27,212,86,68,56,40
Fbxo36,189,17,6,1,10,4,3,3,1
Slc16a14,0,0,0,0,0,0,0,0,0
C130026I21Rik,6,1,0,0,0,0,0,0,0
A530032D15Rik,4,1,0,0,2,0,0,0,0
A530040E14Rik,2,2,0,0,0,2,3,1,0
Gm16028,0,0,0,0,0,0,0,0,0
Sp110,106,57,13,0,34,7,4,2,2
Gm16094,0,0,0,0,0,0,0,0,0
Sp140,354,70,14,2,30,4,14,7,6
Gm17017,0,0,0,0,0,0,0,0,0
Sp100,523,152,37,2,62,28,28,15,11
A630001G21Rik,4,4,0,0,2,3,4,0,0
Cab39,1209,166,47,21,73,39,25,23,31
Itm2c,5654,660,160,72,443,150,221,118,127
4933407L21Rik,0,0,0,0,0,0,0,0,0
Gm28884,0,0,0,0,0,0,0,0,0
Gpr55,0,0,0,0,0,0,1,0,0
Gm28100,0,0,0,0,0,0,0,0,0
2810459M11Rik,0,0,0,0,0,0,0,0,0
Psmd1,1914,308,88,21,122,39,31,46,39
Htr2b,16,0,0,0,0,0,0,0,0
Armc9,160,20,3,1,6,3,5,0,3
Gm16341,0,0,0,0,0,0,0,0,0
B3gnt7,0,0,1,0,1,0,0,0,0
Ncl,6220,1322,398,108,553,184,226,152,138
Ptma,29508,6562,2223,1086,4105,1352,1662,1170,1278
Pde6d,716,95,27,10,74,20,27,12,25
Cops7b,169,21,5,5,14,6,6,7,8
Nppc,13,6,0,1,3,0,2,3,0
Dis3l2,311,35,9,2,16,9,13,0,5
Gm29371,0,0,0,0,4,0,0,0,0
Ecel1,1,0,0,0,0,0,0,0,0
Prss56,1,1,0,0,0,0,0,0,0
Chrnd,0,0,0,0,0,0,0,0,0
Chrng,0,0,0,0,0,2,0,0,0
Eif4e2,2049,270,97,31,183,55,50,43,35
Efhd1,48,20,12,4,40,4,7,13,4
Gigyf2,827,98,28,8,74,30,37,27,19
Kcnj13,4,0,0,0,0,0,0,0,0
3110079O15Rik,0,0,0,0,0,0,0,0,0
Ngef,26,5,2,0,6,3,2,1,0
Neu2,0,1,1,0,0,0,0,0,0
Inpp5d,2,0,4,1,1,2,1,0,0
Atg16l1,403,51,14,8,24,8,14,5,5
Sag,32,12,3,2,10,7,3,51,4
Dgkd,319,16,12,5,20,6,12,7,2
Usp40,476,44,16,2,18,8,7,12,14
Ugt1a7c,17,1,1,0,3,0,0,2,0
Ugt1a6b,0,0,0,0,0,0,0,0,0
Ugt1a6a,15,1,0,0,0,0,0,0,0
Ugt1a5,4,1,0,0,0,0,1,0,0
Ugt1a2,0,0,0,0,0,0,0,0,0
Dnajb3,41,5,1,1,2,1,2,2,4
Mroh2a,1,0,0,0,1,0,0,0,0
Hjurp,752,73,20,15,66,37,29,17,23
Gm29538,0,0,0,0,0,0,0,0,0
Glrp1,1,0,0,0,0,0,0,0,0
Gm19589,3,0,0,0,0,0,0,0,0
Gm29336,0,0,0,0,0,0,0,0,0
Arl4c,303,13,28,18,24,12,6,6,5
Platr5,2,1,0,0,0,0,0,0,0
Sh3bp4,387,45,11,1,26,10,11,4,10
Agap1,538,65,13,19,78,26,14,25,27
Gbx2,3,0,0,0,0,1,0,0,0
Ackr3,2085,704,320,18,573,92,131,108,87
Gm28723,11,1,0,0,1,0,1,1,1
Cops8,1193,155,74,29,128,44,46,36,40
Gm9991,6,1,0,0,2,0,1,0,1
Col6a3,17305,1121,257,265,1633,674,476,369,311
Mlph,34,3,3,1,0,0,5,1,1
Prlh,0,0,0,0,0,0,0,0,0
Gm28199,1,0,0,0,0,0,0,0,0
Lrrfip1,703,92,39,14,54,43,25,15,16
Rbm44,0,1,0,0,4,1,0,0,2
Ramp1,2072,94,37,27,83,52,60,15,43
Ube2f,1029,213,64,20,91,44,39,26,26
Scly,317,54,18,4,25,12,10,8,7
Klhl30,3,2,0,1,1,4,1,0,0
Erfe,16,0,1,1,2,4,0,1,1
Ilkap,1343,156,42,23,102,39,35,38,37
Hes6,460,33,11,8,28,16,6,10,6
Per2,175,46,16,4,22,11,11,5,7
Traf3ip1,126,20,5,1,6,0,2,2,4
Asb1,232,22,6,2,9,3,9,3,3
Gm29100,28,0,0,0,1,1,0,0,1
Twist2,3793,345,105,29,131,53,93,26,41
Hdac4,1135,128,49,17,69,50,48,36,23
Gm26720,15,1,1,0,1,2,1,1,1
Ndufa10,1783,265,107,32,141,42,52,24,43
Olfr12,0,0,0,0,0,0,0,0,0
Cops9,3082,569,198,59,301,106,109,56,84
Otos,2,0,0,0,0,0,0,0,0
Gm29483,2,0,0,0,0,0,0,0,0
Gpc1,406,25,20,25,55,28,15,10,13
Gm29480,2,0,0,0,0,0,1,0,0
Ankmy1,1,0,2,0,4,1,0,0,1
Dusp28,100,18,1,1,12,4,5,5,3
5033417F24Rik,2,0,1,0,0,0,1,0,0
Rnpepl1,667,64,21,7,40,16,15,12,10
9430060I03Rik,15,3,0,2,1,0,3,0,0
Capn10,121,15,3,6,15,2,4,3,5
Gpr35,53,0,3,0,2,1,0,0,0
Kif1a,72,3,2,5,8,6,4,13,4
Agxt,13,4,3,0,1,0,0,0,0
2310007B03Rik,1,0,0,0,0,0,0,0,0
Crocc2,9,16,0,0,0,0,2,0,0
Sned1,2749,523,143,10,174,49,133,45,70
Mterf4,166,25,4,0,16,4,1,7,9
Gm28535,4,5,1,0,0,0,0,2,1
Pask,23,4,0,1,1,0,0,1,1
Ppp1r7,646,74,28,10,29,11,11,9,12
Ano7,2,1,0,0,0,0,0,0,0
Hdlbp,7017,971,268,107,566,192,265,103,146
Sept2,138,18,8,11,17,5,6,3,7
Farp2,98,13,4,3,8,3,6,1,0
Stk25,1378,135,36,20,97,45,42,26,31
Bok,376,50,17,20,55,17,11,16,12
Thap4,455,41,13,1,17,5,9,5,4
Atg4b,571,56,16,6,45,10,18,16,13
Dtymk,1380,204,68,27,116,42,41,34,33
Ing5,276,41,11,5,15,6,8,6,7
D2hgdh,143,18,2,1,10,5,1,1,2
Gal3st2c,1,0,0,0,0,0,0,0,0
Pdcd1,0,0,0,0,0,3,1,0,0
Fam174a,883,95,34,8,54,31,33,22,21
St8sia4,4,0,4,0,1,2,1,1,0
Slco4c1,0,0,0,0,0,0,0,1,0
Panct2,0,0,0,0,1,0,0,0,1
D1Ertd622e,98,44,12,11,35,13,9,18,9
Ppip5k2,293,41,14,4,18,7,10,7,6
Gin1,274,27,11,3,21,5,7,3,8
Pam,5115,597,198,41,299,190,143,68,145
1810006J02Rik,0,0,0,0,0,0,0,0,0
Gm7967,29,1,0,0,2,0,0,0,0
Gm28187,1,1,0,0,0,0,0,1,0
Cdh20,1,0,0,0,0,1,0,0,0
Rnf152,72,1,1,1,8,2,2,1,3
Gm17634,4,0,0,0,2,0,0,0,0
Pign,349,33,13,3,13,6,13,5,8
2310035C23Rik,709,51,21,6,28,22,23,12,5
Tnfrsf11a,2,1,2,2,1,0,0,0,0
Gm7160,31,6,1,0,8,1,0,1,2
Zcchc2,191,36,16,4,18,11,8,8,10
Gm20753,0,0,0,0,0,0,0,0,0
Phlpp1,192,27,10,3,26,6,8,9,7
Bcl2,711,65,19,35,65,47,39,56,31
Kdsr,912,109,31,8,59,17,40,26,34
Vps4b,1136,109,52,11,59,22,35,10,22
Serpinb5,6,0,0,0,0,0,0,0,0
Serpinb12,0,0,0,0,0,1,0,0,0
Serpinb3a,0,0,0,0,0,0,0,0,0
Serpinb3b,0,0,0,0,0,0,0,0,0
Serpinb7,4,1,0,0,0,0,0,0,0
Serpinb2,414,268,61,0,19,0,1,2,2
Serpinb8,222,42,10,1,21,13,9,3,12
Gm15389,0,1,0,0,0,0,0,0,0
Cdh7,5,0,1,0,0,1,0,0,0
Cdh19,59,3,1,3,6,27,7,9,5
Dsel,1960,137,32,22,76,32,31,26,22
Tsn,2755,327,85,42,150,64,65,30,57
Nifk,689,95,23,17,51,17,19,20,16
Clasp1,775,89,26,3,40,18,23,13,17
2900060B14Rik,84,18,4,5,9,5,6,3,10
Tfcp2l1,0,1,1,0,0,0,1,1,0
Gli2,280,31,12,5,21,10,22,15,21
Gm26831,5,0,0,0,0,0,0,0,0
Gm29455,1,0,1,0,0,0,0,0,0
Inhbb,1189,120,34,5,18,16,12,3,12
Ralb,856,130,38,15,70,25,27,17,21
Gm27184,0,0,1,0,0,0,0,0,0
Tmem185b,173,28,13,5,25,4,10,6,6
Epb41l5,76,8,1,2,18,5,6,4,2
Ptpn4,144,13,3,1,14,9,7,6,4
Tmem177,76,1,0,0,3,2,1,1,1
Sctr,2,0,0,0,0,0,0,0,0
Tmem37,6,1,2,0,0,1,0,0,0
Dbi,4848,1248,443,165,565,309,261,157,178
3110009E18Rik,132,18,6,2,18,5,2,3,4
Steap3,1493,285,94,15,135,40,65,24,35
En1,1015,264,100,68,197,102,117,77,55
2610027F03Rik,2,0,0,0,0,0,1,0,3
Gm29346,5,1,0,0,0,0,0,0,0
Celrr,3,0,0,0,1,1,0,0,1
Insig2,1196,105,44,9,64,33,37,18,26
2210011K15Rik,0,0,1,0,0,0,0,0,0
Ccdc93,311,34,19,4,14,4,6,5,3
Ddx18,789,143,40,9,74,23,23,19,19
Dpp10,6,0,0,0,1,0,0,0,0
Actr3,4643,684,194,76,347,101,127,83,96
Slc35f5,1477,195,78,17,119,56,51,23,19
Gpr39,12,2,1,1,0,0,3,2,0
Lypd1,109,2,3,0,7,14,4,2,4
Nckap5,142,16,7,2,12,2,2,1,1
Mgat5,152,19,9,2,23,4,6,1,8
Tmem163,0,0,0,0,0,0,0,0,0
2900009J06Rik,10,5,2,0,3,1,2,2,1
Ccnt2,1089,118,41,17,78,27,36,23,22
Rab3gap1,642,70,24,8,48,17,18,17,19
Zranb3,44,4,0,2,5,1,0,1,0
Gm28800,1,0,0,0,0,0,0,0,0
R3hdm1,1314,121,37,21,85,34,39,24,30
Ubxn4,2045,345,123,50,253,71,78,59,62
Mcm6,318,36,9,9,25,13,4,5,10
Dars,904,95,45,11,55,22,15,13,19
Cxcr4,41,1,10,19,41,6,19,5,8
Cd55b,0,3,1,0,3,0,0,1,1
Gm15675,182,22,10,0,25,0,5,7,10
Cd55,2400,274,107,11,252,24,68,48,88
Gm16083,1,1,0,0,0,0,0,0,0
Pfkfb2,83,8,1,0,3,1,2,3,2
Yod1,266,123,40,6,57,5,10,11,7
AA986860,13,5,1,0,1,0,0,0,1
Fcmr,4,0,0,0,0,0,0,0,0
Il24,24,0,0,0,0,1,0,0,0
Il19,842,19,22,1,3,0,2,3,1
Il10,0,2,1,0,0,0,0,0,0
Mapkapk2,1536,237,79,32,149,63,64,39,22
Dyrk3,2,3,1,1,0,0,2,0,0
Eif2d,320,35,11,4,20,9,14,9,9
Rassf5,191,36,14,3,14,11,10,5,1
Ikbke,225,30,7,4,14,9,9,1,6
Gm28913,5,0,0,0,1,0,0,0,0
Srgap2,855,89,43,8,83,24,23,13,21
Fam72a,70,9,0,0,9,5,0,1,2
Ctse,0,0,0,0,0,0,0,0,0
Rab7b,987,94,25,9,44,16,31,19,16
Slc26a9,0,0,0,0,0,0,0,0,0
Pm20d1,7,0,0,0,1,1,0,1,2
Slc41a1,489,96,30,9,67,30,44,18,19
Rab29,210,29,6,1,13,6,3,3,7
Nucks1,2832,295,120,59,219,104,75,52,61
Slc45a3,13,4,0,0,0,0,0,0,1
Elk4,1221,129,31,13,77,29,56,23,20
Mfsd4a,139,15,6,2,11,5,11,4,3
Cdk18,2,1,0,1,0,0,0,1,0
Klhdc8a,26,0,0,1,1,0,2,0,1
Nuak2,77,11,8,2,6,1,2,2,2
Tmcc2,304,34,17,6,25,10,15,2,7
Dstyk,763,75,21,5,54,24,20,12,15
Rbbp5,199,22,9,0,19,5,3,5,5
Tmem81,39,1,1,2,1,1,0,1,1
Cntn2,4,3,1,1,0,0,0,0,1
Nfasc,256,64,16,5,17,13,11,6,2
Lrrn2,52,2,0,1,8,1,5,3,5
Mdm4,1284,78,32,14,58,29,34,15,27
Pik3c2b,82,7,4,3,6,3,5,0,0
Ppp1r15b,1063,242,70,43,171,62,77,38,35
Plekha6,150,11,8,1,11,8,5,4,1
Gm19461,3,0,0,0,0,0,0,0,0
Etnk2,32,0,1,0,2,0,1,0,0
Sox13,29,10,6,3,4,4,2,6,0
Snrpe,4837,711,228,112,443,149,143,111,137
Zc3h11a,110,32,8,2,18,6,8,7,9
Gm38394,83,6,2,3,4,2,4,2,0
Lax1,6,8,1,0,1,5,1,0,1
Atp2b4,1226,115,33,18,102,31,46,26,42
Gm28441,1,0,0,0,0,0,1,1,0
Optc,13,1,0,1,2,0,0,0,1
Gm15851,0,0,1,0,1,1,0,0,0
Prelp,5298,961,254,29,343,101,148,92,75
Gm1627,3,0,0,0,0,0,0,0,0
Fmod,627,1,0,17,66,42,239,37,7
Btg2,6041,1841,408,153,712,236,524,181,209
Chit1,1,0,0,0,0,0,0,0,0
Chil1,7,1,2,0,0,1,1,0,1
Mybph,0,0,0,0,0,0,0,0,0
Adora1,1,0,4,0,0,3,0,0,0
Myog,0,0,0,20,17,8,9,15,20
Ppfia4,5,3,0,1,2,1,0,0,2
Tmem183a,610,120,39,23,70,17,23,16,20
Cyb5r1,447,69,15,6,35,10,12,10,3
Adipor1,1417,175,54,24,98,36,55,29,29
Platr1,1,2,0,0,0,0,1,0,0
Klhl12,308,28,9,7,22,7,13,5,9
Rabif,425,25,12,3,27,12,10,8,5
Kdm5b,1312,118,29,28,96,45,56,35,25
Syt2,0,1,0,1,2,1,1,2,0
Ppp1r12b,637,46,24,1,38,9,10,3,6
Ube2t,38,3,1,3,5,7,5,1,0
Lgr6,10,0,0,1,1,0,1,0,3
Ptpn7,1,3,2,1,0,0,2,1,1
Arl8a,1475,168,63,21,117,41,43,39,27
Gm15445,23,4,3,0,3,0,0,0,1
Gpr37l1,27,0,0,0,0,13,1,5,0
Elf3,0,0,0,0,0,0,0,0,1
Rnpep,604,90,31,18,43,20,18,29,30
Timm17a,1419,207,57,29,123,31,43,35,58
Lmod1,5,0,1,0,0,0,1,0,1
Shisa4,91,24,2,6,17,17,13,7,5
Ipo9,565,61,15,2,33,13,11,11,10
Nav1,2874,306,60,5,168,42,93,51,37
Gm4793,2,0,0,0,0,0,0,0,0
Gm38399,59,2,1,0,3,0,4,1,1
Csrp1,1473,127,44,81,211,87,59,55,55
Phlda3,1137,112,50,26,97,52,51,18,20
Tnni1,1,0,0,0,1,2,1,0,1
Lad1,0,0,1,0,0,0,0,0,1
Tnnt2,5,0,0,4,4,3,3,1,3
Pkp1,5,0,0,0,0,0,1,0,0
Tmem9,805,79,29,21,78,32,31,16,14
Cacna1s,0,0,0,0,0,0,0,0,0
Kif21b,26,1,0,1,2,3,1,2,2
5730559C18Rik,21,4,1,0,4,4,0,0,0
Gm37552,2,0,0,0,0,0,0,0,0
Camsap2,723,90,29,11,68,23,32,14,17
Ddx59,86,5,2,1,4,2,2,1,1
Kif14,13,0,0,1,1,3,1,0,1
Zfp281,670,124,37,13,57,33,18,9,19
Gm19705,88,22,13,3,5,3,4,0,2
Platr22,5,0,0,1,1,0,0,0,0
Nr5a2,0,0,0,0,0,0,0,0,0
A430106G13Rik,8,5,5,1,5,1,0,0,0
Ptprc,7,1,12,2,4,3,5,1,3
Gm28556,0,0,0,0,0,0,0,0,0
Atp6v1g3,0,0,0,0,0,0,0,0,0
Nek7,1294,145,53,12,75,37,42,24,21
2310009B15Rik,707,108,38,14,65,22,13,22,13
Dennd1b,564,56,14,4,29,16,10,8,11
Zbtb41,396,35,8,5,27,13,10,5,10
Aspm,65,4,3,4,8,8,3,0,0
Cfh,431,320,49,1,109,26,68,26,19
Kcnt2,19,12,0,0,2,0,6,5,4
Cdc73,1013,158,49,20,72,28,37,23,37
B3galt2,27,0,0,0,0,5,3,2,1
Glrx2,1397,166,44,12,84,30,38,22,35
Trove2,1085,118,36,13,37,26,17,14,24
Uchl5,558,60,21,12,42,21,15,14,5
Rgs2,539,123,43,17,83,31,51,14,22
Rgs13,0,0,0,0,0,0,0,0,0
Rgs1,2,3,1,2,3,5,1,13,5
Rgs18,1,0,0,0,0,0,0,0,0
Brinp3,125,0,0,0,4,3,5,1,0
Gm15584,0,0,1,0,0,0,0,1,0
Pla2g4a,780,82,15,4,36,5,13,6,4
Ptgs2,6253,1830,568,22,456,159,161,71,68
Ptgs2os2,26,5,6,0,7,0,0,1,0
Pdc,2,0,0,0,0,1,0,0,0
BC003331,1301,132,30,15,68,28,28,18,20
Tpr,2885,386,96,39,194,87,104,63,78
Prg4,1776,3369,667,8,214,7,116,168,198
Hmcn1,2574,92,53,9,56,36,11,10,21
C730036E19Rik,3,0,0,0,0,0,0,0,0
Gm10138,137,9,2,1,4,6,5,0,2
Ivns1abp,1289,193,65,35,123,58,57,27,34
Swt1,1216,162,81,24,142,48,56,64,72
Trmt1l,395,70,29,7,63,27,26,28,27
Rnf2,620,85,42,13,72,25,37,16,25
Fam129a,1155,112,33,14,66,31,38,15,17
2810414N06Rik,8,1,0,0,0,0,0,0,0
Edem3,528,66,23,3,32,18,20,4,11
1700025G04Rik,850,95,28,17,70,36,30,32,27
Tsen15,437,74,31,5,39,13,10,12,13
Colgalt2,8,0,0,0,4,0,1,0,3
Rgl1,1221,142,50,5,97,29,58,21,19
Arpc5,3228,449,163,53,221,96,74,68,99
Ncf2,3,1,7,2,1,1,0,1,1
Smg7,472,82,24,5,65,11,29,11,13
Nmnat2,13,1,0,0,0,1,1,0,0
Lamc2,64,38,10,0,15,4,3,9,6
Lamc1,4888,651,174,20,450,148,177,104,79
Shcbp1l,1,0,0,0,0,0,0,0,0
Dhx9,1018,190,53,61,80,33,40,30,36
Npl,50,4,1,1,6,4,5,3,0
Rgs8,1,0,0,0,1,0,0,0,0
C230024C17Rik,0,0,0,0,0,0,0,0,0
Rgs16,163,14,1,3,34,26,78,9,6
Gm28513,1,0,0,0,0,0,0,0,0
Rnasel,660,64,21,2,24,5,15,6,4
Rgsl1,3,1,0,0,0,0,0,0,0
Teddm2,29,2,1,0,4,0,0,0,1
Teddm1b,0,0,0,1,1,0,0,0,0
Glul,3495,990,331,22,477,89,173,77,88
Gm29290,1,6,1,0,5,0,3,0,1
Gm29291,0,0,0,0,0,0,0,0,0
A830008E24Rik,7,1,0,0,2,1,0,1,0
Cacna1e,4,7,0,1,2,1,6,0,2
Gm9530,3,1,1,0,0,0,0,2,0
Ier5,2261,1759,623,173,1023,313,565,133,173
Mr1,457,40,22,4,28,17,19,12,12
Stx6,739,107,33,12,51,25,34,14,18
BC034090,195,23,7,6,20,10,5,5,2
Xpr1,673,124,40,11,63,22,20,14,29
Gm5532,13,4,2,0,4,0,3,0,0
Acbd6,1468,200,52,23,112,37,49,37,29
Qsox1,1606,161,47,23,126,42,72,32,25
Cep350,623,85,22,10,62,27,12,29,20
Tor1aip1,1999,377,103,17,198,74,83,52,34
Tor1aip2,1026,215,71,35,139,38,56,36,30
Tdrd5,0,0,0,0,1,0,1,0,0
Axdnd1,8,1,0,0,3,0,3,0,0
Gm2000,1906,532,116,20,152,48,55,27,46
Soat1,638,94,32,19,71,20,30,12,13
Gm10031,45,8,2,2,13,4,0,3,3
Abl2,569,166,43,8,92,37,46,14,17
Tor3a,600,116,34,5,47,23,25,11,8
Fam20b,516,78,14,3,32,13,13,7,20
Ralgps2,282,31,4,1,7,7,5,5,4
Angptl1,2709,196,118,14,93,69,77,8,49
Rasal2,263,25,9,5,22,17,10,5,12
Cryzl2,685,48,8,5,36,13,16,3,13
Gm15486,2,0,0,0,2,0,0,0,0
Sec16b,532,29,10,6,29,5,10,2,6
Astn1,5,0,0,0,0,1,0,0,0
Pappa2,249,32,3,6,18,65,83,33,42
Cop1,1911,226,89,19,121,41,69,35,52
Tnr,3,1,1,1,0,0,1,0,0
4930523C07Rik,871,208,31,23,102,24,41,11,41
Tnn,297,1,1,7,37,8,8,0,10
Mrps14,2521,317,99,44,203,73,67,55,65
Cacybp,1375,354,138,67,206,92,73,156,122
Rabgap1l,976,101,23,4,41,13,29,20,14
Gm36975,2,1,0,0,0,0,0,0,0
Gm37083,1,0,0,0,0,0,0,0,0
Rc3h1,1163,276,111,38,178,82,64,27,40
Serpinc1,19,30,10,5,25,12,14,1,4
Zbtb37,383,20,6,2,15,6,14,12,8
Gm37362,0,3,2,0,0,2,1,1,3
Dars2,91,6,10,1,5,4,1,1,4
Gm37634,6,2,0,0,0,0,1,0,0
Cenpl,64,12,2,3,14,7,7,4,1
Klhl20,318,23,15,4,14,3,10,5,7
Prdx6,11138,1331,425,71,408,130,138,107,123
Tnfsf4,2,0,3,0,0,0,0,0,0
Tnfsf18,83,2,2,1,2,1,0,0,0
Fasl,1,0,0,0,0,0,0,0,0
Suco,501,112,32,18,66,14,25,17,21
4930558K02Rik,1,1,0,0,0,0,0,1,0
Pigc,474,38,12,6,29,7,8,5,14
Dnm3,777,91,30,9,42,17,14,13,15
2810442N19Rik,15,1,0,0,0,0,0,0,2
Dnm3os,1099,385,77,83,193,24,48,141,87
Mettl13,171,20,4,2,5,2,5,6,4
Vamp4,1038,112,41,12,72,25,37,6,28
Myoc,402,350,10,3,324,157,159,87,61
Prrc2c,3090,557,159,73,339,139,154,112,120
Fmo4,4,1,0,0,1,0,1,0,0
Fmo1,1673,175,43,8,101,38,72,14,15
Fmo2,889,110,20,1,53,13,37,11,5
Prrx1,13735,1680,449,105,683,210,279,220,280
Gm26523,1059,88,40,6,47,5,16,19,19
Gorab,454,55,9,9,38,15,11,4,10
Kifap3,819,148,35,8,70,26,21,23,20
Scyl3,235,25,7,1,13,2,5,5,8
BC055324,14,4,1,0,0,4,2,0,0
Mettl18,45,6,0,1,0,1,2,0,0
Sele,2,1,0,0,0,0,0,0,0
Sell,2,3,1,1,1,0,0,0,0
Selp,2,0,0,0,0,0,0,0,0
Gm16587,1,1,0,0,1,0,0,0,0
Gm16548,0,0,0,0,0,0,0,1,0
F5,98,0,2,8,51,18,34,56,31
Slc19a2,84,21,7,2,11,9,6,1,2
Ccdc181,33,3,1,2,8,0,1,2,1
Blzf1,361,54,21,4,31,15,6,7,10
Nme7,186,29,4,4,16,6,6,6,4
Atp1b1,32,7,1,2,9,10,14,6,5
Dpt,25133,2388,890,76,2016,606,962,256,395
Gm32569,4,0,0,0,0,0,0,0,0
Xcl1,0,0,0,3,1,0,0,0,2
Sft2d2,158,24,4,2,16,5,17,5,1
Tiprl,1027,146,38,22,100,28,49,30,32
Gpr161,309,26,10,1,21,8,5,5,0
Dcaf6,463,53,20,9,56,19,18,14,14
Mpc2,3834,503,135,58,305,103,129,88,91
Adcy10,2,1,0,1,1,1,0,0,0
Mpzl1,609,24,4,9,42,17,26,7,15
Rcsd1,12,0,0,0,6,2,0,1,0
Creg1,1364,273,67,14,142,44,46,26,26
Cd247,0,1,0,1,0,1,0,2,2
Gm37469,0,0,0,0,0,0,0,0,0
Pou2f1,438,56,15,6,32,17,11,6,7
Dusp27,0,0,0,0,0,0,0,0,1
Ildr2,98,65,25,3,29,1,8,15,5
Gm15853,20,2,2,0,1,1,1,1,1
Tada1,362,28,15,4,26,14,9,4,9
Pogk,224,41,15,5,22,11,15,0,5
Gm16701,10,1,1,0,0,0,1,0,0
Gm16701-1,8,2,0,0,1,0,0,0,0
Fam78b,240,34,6,0,11,5,2,1,1
Uck2,459,72,16,9,38,11,9,4,11
Gm2453,3,0,0,0,0,0,0,0,0
Tmco1,2525,409,114,39,221,84,90,43,62
Aldh9a1,314,64,24,4,29,6,7,9,7
Mgst3,1795,129,17,24,123,67,34,37,50
Rxrg,42,2,0,0,1,8,3,3,2
Lmx1a,25,5,3,0,5,1,3,0,0
Gm20711,3,1,0,0,0,0,0,0,0
Pbx1,9532,750,257,75,318,134,205,133,112
Nuf2,53,5,4,2,3,4,1,1,1
Rgs5,28,2,0,0,0,1,0,5,3
Rgs4,87,4,3,1,4,2,0,2,2
Hsd17b7,207,84,30,4,42,17,12,10,12
3110045C21Rik,14,1,1,0,2,1,3,2,1
Ddr2,5591,606,190,36,341,103,142,75,89
Uap1,2853,1503,584,57,667,91,242,82,84
Gm37748,2,0,1,0,0,0,0,0,0
Uhmk1,428,59,17,5,23,7,8,8,5
4930500M09Rik,3,2,0,0,0,0,0,0,1
Sh2d1b1,0,0,0,0,0,0,0,0,1
Gm7694,18,4,1,0,5,3,2,0,0
Nos1ap,48,5,4,2,4,1,2,1,1
Olfml2b,4111,380,110,36,275,146,135,36,75
Atf6,658,106,47,12,51,18,28,13,19
Dusp12,454,35,11,7,21,12,8,8,6
Gm26620,27,1,0,0,2,0,0,0,0
Fcrlb,1,0,0,0,0,0,0,0,0
Fcrla,0,0,0,0,0,0,12,0,0
Fcgr2b,178,21,22,11,8,21,30,5,0
Gm10522,0,0,0,0,0,0,0,0,0
Fcgr4,1,1,0,0,2,0,0,0,1
Fcgr3,42,7,2,1,4,1,2,0,1
Cfap126,15,3,2,1,0,0,0,0,0
Sdhc,1746,236,71,21,108,46,45,22,19
Mpz,47,1,1,2,1,13,0,119,23
Pcp4l1,1,0,0,0,0,0,0,0,0
Tomm40l,237,41,15,3,13,5,8,5,4
Apoa2,7,0,0,0,1,0,1,1,0
Fcer1g,24,19,57,10,17,11,10,5,6
Ndufs2,3085,383,124,42,210,82,95,42,58
Adamts4,1055,280,45,19,112,32,72,12,17
B4galt3,298,44,5,6,22,9,16,7,12
Ppox,293,50,8,4,22,12,19,3,9
Usp21,155,18,6,4,20,10,6,7,5
Ufc1,3409,407,117,48,257,69,95,57,70
Gm20045,77,27,9,3,16,2,6,6,5
Dedd,307,49,7,5,18,10,10,7,7
Nit1,402,60,25,8,30,12,17,9,10
Pfdn2,1846,294,95,38,170,39,60,50,46
Klhdc9,5,1,1,0,0,0,0,1,0
Nectin4,3,1,1,0,1,1,2,0,0
Arhgap30,3,1,5,0,2,2,3,8,5
Usf1,347,36,9,12,47,11,9,15,11
Tstd1,2,1,0,0,0,1,0,0,1
F11r,11,2,6,1,4,0,1,1,0
B930036N10Rik,120,30,9,4,29,3,5,4,3
Alyref2,179,11,7,1,12,9,6,6,3
Cd244,1,0,0,0,0,0,0,0,0
Ly9,1,0,0,0,1,1,0,0,0
Slamf7,0,0,0,0,1,1,0,0,0
Gm37787,0,0,0,0,0,0,0,0,0
Cd48,2,2,6,0,0,2,3,0,0
Slamf1,9,19,4,27,2,2,2,5,19
Cd84,2,2,0,0,0,2,0,1,0
Gm10521,0,1,0,0,0,0,0,0,0
Gm37065,2,7,1,0,0,0,2,1,4
Slamf6,0,0,0,0,0,0,7,0,0
Vangl2,242,16,7,6,14,2,9,4,6
Ncstn,1277,164,43,18,91,34,46,18,23
Copa,4333,465,138,40,260,91,110,45,86
Gm37756,4,0,0,0,1,1,2,0,0
Pex19,764,90,19,10,40,33,32,18,9
Dcaf8,1867,168,47,14,86,50,38,30,34
Pea15a,916,139,46,18,83,40,43,9,19
Casq1,3,0,0,0,0,0,0,0,0
Gm17224,4,0,0,1,0,0,0,0,0
Atp1a4,2,0,0,0,1,1,0,0,0
Igsf8,1374,215,60,10,131,35,42,23,33
Atp1a2,2537,74,50,10,91,54,66,23,26
Kcnj10,4,0,0,0,0,0,1,2,0
Pigm,352,40,18,0,22,11,4,9,10
Slamf9,3,0,3,0,0,1,0,1,0
Igsf9,5,0,1,0,2,2,0,0,1
Tagln2,7987,1255,460,144,764,227,266,130,160
Cfap45,51,15,8,0,4,1,1,2,7
Vsig8,10,4,1,1,0,0,0,0,1
Slamf8,36,17,6,0,12,2,9,0,3
Fcrl6,0,0,0,0,0,0,0,0,0
Dusp23,717,75,21,3,40,7,14,4,7
Crp,87,2,0,0,1,0,0,1,1
Fcer1a,2,0,0,0,0,0,0,0,0
Ackr1,1767,212,94,1,92,22,39,13,28
Cadm3,3412,615,198,10,174,59,76,41,82
Aim2,7,9,1,0,5,1,1,0,0
Ifi206,5,13,7,0,1,0,0,0,0
Ifi214,0,0,0,0,0,0,0,0,0
Ifi213,1,1,1,0,4,1,0,0,0
Ifi209,5,6,1,0,1,0,5,0,1
Ifi208,0,0,1,0,0,0,1,0,0
Ifi207,1562,966,268,14,252,62,153,59,62
Ifi204,3249,1196,327,9,380,67,191,76,44
Mndal,1804,637,173,12,285,74,139,32,38
Ifi211,1110,945,293,12,335,95,211,56,27
Ifi203,1525,1558,289,13,442,140,283,37,51
Ifi202b,1,6,0,0,11,10,0,7,8
Ifi205,2532,2931,750,10,1068,299,660,127,134
Olfr433,3,3,0,0,2,1,0,1,0
Olfr432,8,19,0,0,4,2,1,0,0
Spta1,2,2,0,0,7,1,0,0,0
Fmn2,98,10,1,0,5,2,1,3,4
Grem2,1620,153,68,13,63,45,31,7,25
Rgs7,29,4,2,0,0,3,1,3,5
Fh1,940,140,27,9,62,21,24,17,28
Kmo,0,0,0,0,0,0,0,0,0
Opn3,38,6,2,2,9,1,1,4,2
Chml,114,28,4,1,10,8,3,1,3
Exo1,12,2,2,1,0,0,0,0,1
Pld5,2,1,0,0,0,0,4,0,0
Rbm8a2,17,6,1,2,1,0,2,3,0
Cep170,1278,196,44,15,88,26,41,30,34
Sdccag8,276,57,15,3,28,7,7,7,10
Akt3,274,38,14,4,27,11,14,8,4
Gm26801,1,0,0,0,0,0,0,0,0
Zbtb18,112,9,5,1,6,7,3,2,1
2310043L19Rik,0,0,0,1,0,0,0,0,1
1700016C15Rik,0,0,0,0,0,0,0,0,0
Adss,869,173,35,4,70,33,50,20,21
Catspere2,9,1,0,0,1,1,0,0,1
Desi2,1317,162,52,27,126,35,50,37,38
B230369F24Rik,20,42,12,3,24,8,12,2,4
Cox20,929,184,45,22,111,37,36,24,24
Hnrnpu,4652,909,291,116,448,169,210,147,125
Efcab2,55,7,2,1,0,4,2,0,1
Kif26b,328,2,0,16,33,20,16,8,11
Smyd3,232,22,5,1,13,9,9,4,9
Tfb2m,363,53,18,11,21,8,10,10,18
Cnst,166,10,4,6,20,7,5,9,5
Sccpdh,325,40,16,6,26,14,7,10,7
Ahctf1,750,149,44,31,94,30,52,26,28
Gm10518,0,1,0,0,0,0,0,0,0
Cdc42bpa,1734,144,43,27,95,40,30,23,30
Coq8a,245,7,1,3,12,0,4,2,3
Gm37336,1,0,0,0,0,0,0,0,0
Psen2,679,84,28,3,36,20,22,16,9
Itpkb,593,90,45,24,49,12,39,18,17
Stum,4,1,0,0,1,0,0,0,1
Parp1,442,72,29,11,38,16,18,15,10
Lin9,99,10,6,1,9,7,6,5,3
Acbd3,1408,189,68,25,124,73,72,42,43
Gm37768,3,0,2,0,2,1,2,1,0
Gm38293,0,0,0,0,0,0,0,0,0
H3f3a,23498,3816,1092,837,2610,810,1195,744,748
Gm17275,5,2,4,1,1,0,0,0,1
H3f3aos,15,0,0,0,0,0,2,0,1
Sde2,686,319,115,60,217,53,79,40,53
Pycr2,708,63,17,8,46,16,14,24,14
Lefty1,571,48,13,6,29,12,18,8,10
Tmem63a,1058,99,28,11,66,16,28,12,16
Ephx1,477,89,20,6,56,20,24,12,18
Nvl,467,49,21,10,24,11,10,28,26
Cnih4,1715,290,99,29,127,45,38,24,33
Wdr26,2648,350,112,36,187,81,77,47,55
A430110L20Rik,26,2,1,0,2,1,1,0,0
Cnih3,3,0,0,0,0,0,0,0,0
Ccdc121,3,0,0,0,0,0,0,0,0
Lbr,399,48,23,5,45,26,19,11,12
Enah,1039,202,47,18,103,32,31,25,16
Srp9,5106,648,215,84,396,129,131,122,123
Degs1,2658,400,116,28,189,91,83,45,53
1700047M11Rik,18,1,1,1,2,5,5,3,1
Fbxo28,571,60,26,7,40,7,17,7,12
Trp53bp2,637,119,43,15,81,30,48,8,15
Capn2,3059,390,98,28,159,64,81,42,57
Gm37885,2,0,0,0,0,0,0,0,0
Capn8,1,0,0,0,0,0,0,0,0
Susd4,3,1,0,0,0,0,2,0,0
Tlr5,129,5,1,0,3,1,0,2,0
Gm38079,11,3,0,0,4,0,0,0,0
Disp1,169,38,9,0,17,11,8,2,6
Brox,669,84,20,9,63,19,28,14,21
Aida,1927,288,93,14,139,45,65,28,37
Mia3,3413,388,99,23,203,73,87,25,42
Taf1a,106,8,2,1,15,5,5,0,3
Gm37986,9,7,0,0,0,0,1,2,2
Hhipl2,5,1,1,0,2,0,1,1,0
Gm33973,0,0,0,0,0,0,0,0,0
Dusp10,153,99,48,14,100,24,34,23,20
1700056E22Rik,40,2,1,1,6,1,2,0,1
Gm37800,6,0,1,0,0,0,0,0,0
Hlx,74,9,2,0,10,2,1,1,0
Gm34342,37,1,0,0,0,0,3,0,1
Marc1,5,1,1,0,0,1,0,1,1
Marc2,2449,335,86,35,179,59,73,59,60
C130074G19Rik,2,1,0,0,1,0,1,0,0
Mark1,381,47,16,5,16,12,9,7,9
Gm38251,17,5,1,0,2,0,3,0,3
Rab3gap2,403,69,25,10,37,14,23,10,9
Iars2,572,69,15,6,35,22,12,6,18
Bpnt1,283,34,16,5,21,8,8,7,11
4930532G15Rik,31,8,2,0,2,2,1,2,5
Eprs,3586,478,113,34,232,73,86,52,57
9630028B13Rik,0,0,0,0,0,1,0,0,1
Slc30a10,0,1,0,0,0,0,1,1,0
Lyplal1,179,16,1,0,11,6,6,2,2
Tgfb2,2560,194,34,16,78,38,39,35,38
Rrp15,662,79,28,7,30,6,16,12,16
A430105J06Rik,18,0,1,0,1,0,0,0,2
Spata17,0,0,1,0,0,0,0,0,0
Gpatch2,325,31,7,3,22,9,6,10,4
Kctd3,413,41,12,3,20,6,10,8,10
Kcnk2,145,20,1,0,6,11,4,9,10
A430027H14Rik,2,0,0,0,0,0,0,0,0
Cenpf,186,6,12,28,29,51,9,8,6
Ptpn14,298,28,6,1,25,11,9,5,5
Gm37422,2,0,0,0,2,0,0,0,0
Smyd2,660,78,23,10,47,12,13,11,21
Prox1,31,5,5,3,5,2,3,2,0
Prox1os,0,0,0,1,0,0,0,0,0
Rps6kc1,238,25,7,0,15,4,7,0,8
Angel2,894,76,23,14,58,21,38,18,28
Vash2,181,16,1,5,11,4,5,2,1
Flvcr1,229,44,18,13,32,14,13,11,9
A230020J21Rik,1,0,0,0,0,0,0,0,0
Tatdn3,164,20,5,4,11,10,6,4,4
Nsl1,12,0,1,3,0,2,1,1,0
Batf3,15,1,1,1,5,0,4,1,2
Fam71a,81,15,16,3,17,3,10,5,0
Atf3,3887,2013,772,174,2402,438,1133,301,394
D730003I15Rik,159,9,3,2,6,6,1,3,3
Gm37168,0,0,0,0,1,0,0,0,1
Nenf,7559,958,284,119,649,218,242,164,197
Tmem206,57,6,3,0,5,2,1,0,1
Ppp2r5a,1668,241,58,31,113,43,69,25,39
Gm32200,3,0,0,0,0,0,0,0,0
Dtl,70,9,9,4,16,4,4,0,4
Ints7,276,22,7,7,28,7,6,6,2
Lpgat1,1756,188,61,17,88,25,49,33,29
Gm38037,8,0,0,0,2,0,1,0,1
Nek2,22,2,1,0,3,4,0,0,0
1700034H15Rik,1,1,0,0,2,1,1,0,2
Slc30a1,128,53,21,6,26,5,12,15,8
Gm26670,14,2,2,0,1,0,3,0,3
Traf5,388,45,9,9,17,12,17,8,12
Gm26879,0,4,2,0,2,0,0,0,0
Rcor3,646,58,17,11,33,17,33,10,15
Gm10516,14,3,2,0,2,0,0,2,0
Kcnh1,1,0,0,0,1,0,1,0,0
Hhat,92,8,4,1,6,2,5,3,3
Sertad4,317,20,10,9,40,15,16,12,13
Gm15867,73,9,2,3,9,7,10,1,7
Syt14,0,0,0,0,0,0,1,0,0
Diexf,194,18,9,1,10,2,10,5,1
Irf6,3,0,0,0,0,1,0,0,0
A130010J15Rik,118,4,2,3,2,0,1,1,2
Traf3ip3,12,1,0,0,2,8,2,0,2
4930570N18Rik,0,0,0,0,0,0,0,0,0
Lamb3,9,0,0,0,0,0,0,0,2
Hsd11b1,1597,498,106,7,183,64,42,56,46
G0s2,345,43,14,8,76,22,25,21,25
4631405K08Rik,2,0,0,0,0,0,0,0,0
Plxna2,408,38,18,4,37,17,19,7,5
Cd34,17442,1588,552,55,1042,178,390,180,326
Gm16897,1,2,0,0,0,0,0,0,0
Cd46,62,3,0,0,4,1,1,1,2
Cr1l,1974,301,79,16,116,39,43,38,37
Cr2,2,0,0,0,0,1,0,0,1
Fam171a1,690,55,21,4,31,9,21,8,13
Nmt2,848,182,57,20,94,39,26,25,21
Rpp38,75,14,4,1,12,1,2,3,7
Acbd7,1,0,1,0,2,1,0,0,0
Meig1,0,0,0,1,0,0,0,0,0
Dclre1c,76,10,5,2,5,6,0,2,1
Suv39h2,61,13,4,2,5,3,1,1,1
Gm13184,0,0,0,0,0,0,0,1,0
Hspa14,823,90,34,14,56,21,23,22,19
Gm45902,66,6,5,0,3,2,1,1,0
Cdnf,14,1,0,0,1,0,0,0,1
Fam107b,421,67,47,8,42,17,31,4,7
Frmd4a,687,84,24,11,37,31,21,15,7
Gm13179,3,1,0,0,1,0,0,0,0
Prpf18,557,67,23,10,26,22,26,11,14
Bend7,42,2,4,3,7,1,1,2,4
Sephs1,501,37,21,9,22,10,18,12,13
Phyh,913,110,30,13,56,24,14,16,22
Ucma,1,0,0,0,1,3,1,0,0
Mcm10,21,5,3,1,6,1,3,4,0
Optn,258,25,1,2,15,3,8,0,8
4930551O13Rik,0,0,0,0,0,0,0,0,0
Ccdc3,122,14,3,2,30,4,6,5,9
Camk1d,140,23,7,3,11,3,11,1,3
Cdc123,1065,109,42,17,90,27,24,24,25
Nudt5,535,87,35,18,40,21,11,15,19
Gm13199,12,0,3,1,5,1,1,0,0
Sec61a2,405,54,19,6,30,17,21,8,10
Gm13267,0,0,1,0,0,0,0,0,1
Dhtkd1,41,4,1,0,1,2,2,1,0
Upf2,455,87,33,18,65,24,33,25,22
Proser2,11,0,0,2,5,1,0,0,2
Echdc3,88,10,6,1,6,2,2,1,0
Gm13383,0,0,0,0,0,0,0,0,0
Usp6nl,263,35,10,1,16,8,8,9,8
Gm13391,0,0,0,0,0,0,0,0,0
Celf2,9129,1172,349,46,476,146,225,87,120
Gm26565,4,0,1,0,0,0,0,0,0
Gm13219,0,0,0,0,0,0,0,0,0
Gata3,2,0,0,3,0,0,1,0,1
Gm13256,0,0,0,0,0,0,0,1,0
9230102O04Rik,0,0,0,0,0,0,0,0,0
Taf3,464,56,14,6,37,14,16,11,15
Atp5c1,6771,836,252,120,511,159,174,120,122
Kin,428,87,27,13,55,12,15,12,8
Itih2,2,2,0,0,0,2,1,1,0
Itih5,1676,137,28,26,338,184,107,66,69
Sfmbt2,21,2,0,0,5,1,0,1,1
Prkcq,31,0,4,0,1,2,2,0,1
Pfkfb3,160,18,1,2,19,10,9,5,5
Gm10851,0,0,0,0,0,0,0,0,0
Rbm17,1260,158,57,16,108,34,30,20,28
Il2ra,21,2,1,0,1,1,3,0,0
Il15ra,1005,144,36,9,47,19,33,11,13
Fbxo18,825,85,33,8,56,15,21,12,11
Ankrd16,522,35,9,5,34,11,13,15,16
Itga8,78,3,2,3,16,9,7,4,9
Mindy3,582,82,31,9,50,16,15,11,11
Pter,159,36,7,0,9,4,3,3,4
C1ql3,10,1,1,0,1,7,0,2,0
Rsu1,2358,295,113,31,180,66,70,50,46
Cubn,45,1,5,0,6,1,0,2,3
Trdmt1,102,9,4,1,5,3,2,2,1
Vim,77398,12923,3621,1896,8603,2545,2906,1868,2440
St8sia6,0,0,0,0,1,0,0,0,0
Hacd1,907,131,33,17,99,26,25,11,26
Stam,639,97,22,15,68,14,19,13,17
Tmem236,2,5,2,0,1,1,0,1,0
Mrc1,5,1,2,1,0,2,2,1,0
Slc39a12,4,0,0,0,0,0,0,0,0
Cacnb2,58,6,2,0,0,1,2,1,0
Gm10848,3,0,0,0,0,0,0,0,0
Nsun6,164,21,2,3,14,4,3,4,6
Arl5b,886,259,84,23,119,50,57,25,45
Plxdc2,1388,194,51,6,232,87,48,50,27
Nebl,10,3,0,0,3,0,0,0,3
A930004D18Rik,61,5,3,1,4,2,1,0,2
Skida1,39,4,1,1,1,0,2,1,1
Mllt10,847,120,35,18,69,31,34,21,21
Dnajc1,2953,295,75,38,164,70,58,56,54
Commd3,2220,304,79,34,172,48,68,37,50
Bmi1,535,78,21,5,23,19,14,16,14
Carlr,1,0,0,0,0,0,0,0,0
Pip4k2a,536,73,25,9,38,15,21,8,12
4930426L09Rik,4,1,0,0,0,0,0,0,0
Armc3,7,4,0,0,0,0,0,0,0
Msrb2,295,25,9,4,16,8,5,10,8
Otud1,418,29,14,2,19,11,10,8,10
Etl4,235,8,4,12,22,8,3,11,12
Arhgap21,1459,181,71,11,102,29,59,30,18
Gm13375,11,2,0,0,4,1,0,0,3
Enkur,25,4,1,0,2,1,2,1,0
Thnsl1,49,4,5,0,2,1,1,1,3
Gad2,20,1,0,0,0,0,0,0,1
Apbb1ip,2977,287,110,5,109,31,33,21,39
Pdss1,120,10,4,1,7,2,1,2,7
Abi1,1698,242,109,14,142,56,49,29,37
Acbd5,809,110,28,8,48,33,26,20,18
Mastl,46,7,0,2,1,4,1,0,4
Yme1l1,1425,217,64,15,117,38,48,33,56
4931423N10Rik,3,1,0,0,0,0,0,0,1
Spopl,680,43,12,5,28,9,13,7,13
Hnmt,93,9,4,1,9,2,5,2,0
Il1f9,1,1,0,0,0,0,0,0,0
Il1f6,1,0,0,0,0,0,0,0,0
Il1f5,0,0,0,0,0,0,0,0,0
Il1rn,29,4,14,4,7,3,0,1,3
Psd4,4,2,1,0,1,1,1,0,0
Pax8,0,0,0,0,0,0,0,0,0
Cacna1b,1,0,0,1,2,0,0,0,0
Ehmt1,778,76,25,9,45,26,26,13,13
Arrdc1,248,28,11,3,19,6,8,3,7
Zmynd19,211,34,24,0,17,9,8,3,2
Dph7,136,9,0,4,7,7,5,1,5
Mrpl41,801,109,25,9,54,24,15,14,22
Pnpla7,361,18,5,1,16,6,3,3,4
Nsmf,581,47,12,4,37,19,15,17,11
Noxa1,0,0,0,0,0,0,0,0,0
Nrarp,8,0,2,0,1,0,1,0,0
Gm38287,0,3,0,0,2,0,0,0,2
Tor4a,7,1,0,0,2,0,0,3,2
Nelfb,657,70,19,14,69,15,31,16,14
Stpg3,2,1,0,0,0,0,0,0,0
Tubb4b,2846,824,231,63,410,161,163,66,75
Cysrt1,0,2,0,0,0,0,0,0,0
Rnf208,3,2,1,0,1,0,0,0,0
AL732309.1,0,1,0,0,0,0,0,0,1
Ndor1,40,1,1,0,1,1,1,1,1
Tmem203,450,55,8,3,30,14,12,4,6
Tprn,93,3,4,1,5,3,0,2,2
Ssna1,1146,136,45,17,76,34,32,17,30
Anapc2,828,101,37,10,52,21,20,11,14
Grin1,1,0,0,0,0,0,0,1,1
AA543186,12,1,0,0,1,0,0,0,0
Man1b1,641,77,32,9,50,23,31,8,12
Dpp7,606,129,38,9,61,25,15,16,13
Uap1l1,1212,229,47,6,76,23,30,14,24
Sapcd2,19,0,1,0,4,1,4,0,0
Entpd2,3176,461,83,28,350,114,145,88,110
Npdc1,4017,581,163,60,373,146,150,66,113
Fut7,1,0,0,0,1,0,0,0,0
Abca2,219,29,9,7,19,7,11,8,4
Paxx,761,60,23,8,49,18,19,6,11
Clic3,3,0,0,0,0,0,0,0,0
Ptgds,0,0,0,0,2,3,1,1,3
C8g,17,0,0,0,1,0,1,0,0
Fbxw5,427,44,14,3,26,8,11,6,7
Traf2,305,38,17,10,17,3,15,8,7
Edf1,3344,661,207,95,415,130,147,101,113
Mamdc4,11,1,0,0,2,1,2,1,0
Phpt1,697,211,82,35,161,70,79,38,46
Gm996,1,0,0,0,0,0,1,2,0
Rabl6,878,113,42,15,58,33,28,22,22
Tmem141,133,25,4,2,14,6,5,1,3
Fcna,1,0,0,1,0,0,0,0,0
A230005M16Rik,0,0,0,0,0,0,0,0,0
Bmyc,439,52,24,6,49,28,15,14,23
Kcnt1,0,0,0,0,0,0,0,0,0
Camsap1,462,65,23,10,34,16,18,10,17
Ubac1,391,46,24,6,29,13,8,4,8
Nacc2,577,47,15,2,33,12,11,8,13
Tmem250-ps,481,72,23,7,23,9,19,9,8
Qsox2,297,22,13,3,18,5,6,6,5
Gpsm1,401,39,9,9,43,14,28,9,11
Dnlz,985,140,36,22,96,19,28,22,18
Card9,0,1,0,0,0,0,0,0,0
Snapc4,145,14,7,0,4,2,3,3,3
Gm13563,7,0,0,0,1,1,0,0,0
Sdccag3,791,90,32,12,70,25,27,19,15
Pmpca,439,54,16,7,36,15,19,15,11
Inpp5e,131,28,8,1,16,13,7,4,4
Sec16a,861,100,36,3,69,25,32,14,19
Notch1,148,25,7,41,76,20,20,41,29
Egfl7,19,4,6,0,4,0,0,0,0
Agpat2,424,61,26,2,32,11,16,12,8
Fam69b,200,20,7,6,18,12,10,10,9
Snhg7os,2,0,0,0,0,0,0,0,0
Lcn4,0,0,0,0,0,0,0,0,0
Surf6,128,25,11,1,11,4,3,4,8
Med22,253,38,12,8,17,9,5,5,10
Rpl7a,23436,3955,1162,391,1802,553,694,494,572
Surf1,791,97,24,18,68,17,29,20,18
Surf2,411,58,12,8,30,11,13,6,17
Surf4,5066,634,197,52,319,126,124,61,89
Stkld1,1,1,0,0,0,0,0,0,0
Rexo4,375,50,16,17,24,13,14,8,10
Adamts13,0,0,0,1,0,2,1,1,0
Cacfd1,715,61,25,4,51,20,17,7,9
Slc2a6,4,1,1,0,4,0,0,0,1
Gm13398,0,0,0,0,2,1,0,0,0
Mymk,0,0,1,1,2,1,0,1,2
Adamtsl2,340,10,5,2,16,3,12,3,3
Dbh,0,0,0,1,0,0,0,2,0
Sardh,70,12,2,1,12,7,6,6,2
Vav2,85,14,2,2,14,6,3,3,3
Brd3os,50,6,3,3,3,4,8,2,3
Brd3,1074,96,36,22,66,35,30,22,29
Wdr5,357,58,19,7,39,16,16,8,10
Rxra,883,105,33,4,33,14,24,8,8
Col5a1,19121,834,243,200,1263,512,526,170,233
Fcnb,0,0,0,0,0,0,0,0,0
F730016J06Rik,0,0,0,0,0,0,0,0,0
Olfm1,838,160,50,16,63,36,43,14,28
Gm13373,1,0,0,0,0,0,0,0,0
Ppp1r26,25,3,0,0,2,0,1,0,0
1700007K13Rik,1,0,0,0,0,0,0,0,0
Mrps2,211,18,5,0,8,3,5,4,2
Gbgt1,0,0,1,0,0,0,0,0,0
Gm10134,0,1,0,0,0,0,0,0,0
Ralgds,762,69,22,22,48,24,30,24,14
Gtf3c5,175,18,5,1,14,5,6,2,7
Gfi1b,0,0,0,0,0,0,0,0,0
Tsc1,607,48,20,5,30,16,19,2,10
Spaca9,4,1,0,0,0,0,0,0,0
Ak8,1,0,0,0,0,0,0,0,0
Gtf3c4,299,33,11,4,19,14,8,10,13
Ddx31,113,13,3,0,5,4,4,2,0
Cfap77,11,0,0,1,0,0,0,0,0
Ttf1,312,32,10,3,12,14,12,5,20
Setx,648,49,18,11,44,13,13,11,18
Ntng2,9,1,0,1,1,1,2,2,0
Med27,251,34,12,4,26,10,11,8,8
Rapgef1,575,67,20,8,44,18,18,20,20
Gm13547,1,1,2,0,0,0,0,1,0
Trub2,291,7,5,1,15,5,6,2,1
Coq4,177,38,11,0,18,7,12,6,2
Slc27a4,378,39,10,5,31,8,8,4,7
Urm1,613,77,33,16,55,14,17,11,16
2600006K01Rik,69,4,1,1,5,1,5,1,0
Cercam,848,76,20,13,68,26,42,12,18
Odf2,664,46,14,8,27,18,16,10,18
Gle1,737,47,9,7,33,15,13,9,13
Sptan1,1964,278,80,30,161,78,98,52,67
Wdr34,138,24,7,5,10,4,2,9,17
Set,3780,810,246,156,418,167,170,140,129
Pkn3,18,1,0,2,3,1,1,0,0
Zdhhc12,199,25,5,1,15,2,5,1,3
Zer1,416,30,10,2,17,13,15,6,4
Tbc1d13,314,42,11,4,22,3,10,5,5
Endog,718,76,19,3,33,15,17,4,18
Spout1,309,30,14,7,21,7,7,4,5
Kyat1,80,8,2,0,1,0,0,0,0
1700084E18Rik,17,0,2,1,1,2,2,0,0
Lrrc8a,794,159,44,17,87,37,49,18,24
Gm28035,0,0,0,0,0,0,0,1,0
Phyhd1,10,5,2,0,2,3,1,0,0
Dolk,316,57,9,6,25,11,11,7,8
Nup188,274,35,13,3,16,6,10,8,7
Sh3glb2,567,75,18,11,47,19,23,10,6
Miga2,145,23,3,3,9,2,4,1,0
Dolpp1,167,20,5,5,15,5,8,3,4
Crat,441,61,24,7,31,10,14,8,9
Ptpa,1164,164,47,20,89,38,27,28,25
Ier5l,371,129,43,22,117,32,38,44,30
Cstad,24,1,0,0,2,0,1,0,0
9330198N18Rik,1,0,0,0,0,0,0,0,1
Gm14486,1,1,0,0,0,0,0,0,0
1700001O22Rik,4,1,0,1,1,1,0,1,0
Ntmt1,749,81,20,11,41,13,13,15,12
Asb6,273,15,5,4,16,4,4,6,7
Prrx2,1774,325,96,38,168,76,112,43,46
Ptges,2161,377,77,26,166,20,43,39,33
Tor1b,1287,135,41,16,81,30,37,23,20
Tor1a,790,90,28,12,52,25,18,10,26
BC005624,1037,145,52,30,89,37,37,28,19
Usp20,117,10,1,3,4,2,3,0,7
Fnbp1,1170,119,34,8,70,21,41,23,31
Gpr107,1062,78,29,6,68,29,20,11,16
Ncs1,206,23,2,2,22,14,13,11,11
Hmcn2,209,44,9,2,153,39,77,27,14
Ass1,704,93,30,7,41,16,20,13,11
Fubp3,645,59,22,13,39,13,14,16,10
Exosc2,262,77,22,24,29,12,22,151,26
Abl1,1062,120,26,19,94,30,36,17,35
Qrfp,1,1,4,0,0,1,0,0,0
Fibcd1,1,0,0,0,0,0,0,0,0
Lamc3,561,26,12,56,76,32,18,49,26
Aif1l,102,14,11,3,31,2,6,3,4
Nup214,425,50,12,5,26,16,7,6,10
Fam78a,1,1,0,0,0,0,1,0,0
Plpp7,151,10,2,1,4,3,2,6,3
Prrc2b,1827,196,57,22,112,66,73,40,41
Gm13610,3,2,0,0,0,0,0,1,0
Pomt1,176,31,8,1,19,5,7,3,10
Uck1,357,37,13,1,24,11,11,11,7
Swi5,6236,947,261,117,529,175,184,135,165
Golga2,886,87,17,3,48,18,22,9,13
Dnm1,1510,196,47,11,112,53,71,34,33
Ciz1,475,54,16,6,38,8,15,7,6
1110008P14Rik,1023,138,49,10,80,25,33,18,25
Lcn2,2408,498,470,2,3,1,4,22,19
Ptges2,300,36,12,9,14,7,6,3,6
Slc25a25,384,214,52,13,80,19,48,10,11
Naif1,39,8,0,1,1,1,2,0,1
Fam102a,1219,172,38,8,54,29,31,11,34
Dpm2,954,107,46,19,111,28,38,22,24
9430097D07Rik,0,0,0,0,0,0,0,0,1
Pip5kl1,0,2,0,1,0,0,0,0,0
St6galnac4,360,39,17,3,19,9,11,8,7
St6galnac6,688,80,33,7,43,20,35,12,19
Ak1,947,115,27,19,73,26,45,15,21
Eng,1083,182,64,13,90,26,56,27,31
Fpgs,286,35,12,0,18,7,7,5,6
Cdk9,1198,143,32,23,86,47,58,18,25
Sh2d3c,8,1,1,1,0,1,1,1,0
Ttc16,11,11,2,0,7,4,1,1,1
Tor2a,771,93,33,18,70,20,21,9,16
Ptrh1,181,39,10,4,9,7,2,1,0
Stxbp1,522,91,18,12,53,13,25,13,15
Gm13524,4,1,0,0,0,0,1,0,0
Gm13523,3,3,0,0,0,0,1,0,0
Fam129b,755,130,44,17,61,36,32,18,24
Lrsam1,136,15,14,3,10,4,4,0,0
Rpl12,42364,6819,1943,428,2021,745,890,544,757
Slc2a8,331,26,12,3,17,11,12,9,6
Garnl3,42,15,4,2,11,4,4,6,1
Ralgps1,62,8,2,0,5,0,3,2,3
Angptl2,2959,352,93,42,203,120,117,48,62
Zbtb34,240,10,2,0,11,6,7,2,3
Zbtb43,271,47,20,6,29,15,16,12,13
Lmx1b,16,4,1,0,0,0,0,0,0
C130021I20Rik,8,0,0,0,0,0,0,0,0
Mvb12b,151,17,5,7,11,11,3,4,4
Gm13403,5,0,0,0,0,0,0,0,1
Gm13404,0,0,0,0,0,0,0,0,0
Pbx3,234,39,15,9,27,10,9,7,11
Mapkap1,640,91,28,13,53,29,21,19,13
Gapvd1,1187,136,48,21,81,26,39,21,20
Hspa5,13335,4186,1468,342,1862,591,684,398,421
Rabepk,419,55,17,5,23,11,13,6,9
Fbxw2,1023,148,59,31,98,41,35,86,30
Gm34653,2,0,0,1,0,0,0,0,1
Psmd5,470,52,24,4,13,6,14,8,12
Cutal,0,0,0,0,0,0,0,0,0
Phf19,22,4,0,0,0,1,2,0,0
Traf1,70,6,39,3,2,4,3,3,7
Hc,16,3,0,1,11,10,3,0,0
AI182371,7,1,0,0,0,0,0,0,0
Cntrl,297,49,23,13,31,11,22,12,7
Rab14,3728,461,145,74,296,112,102,67,94
Gsn,94850,17253,3963,357,15010,2001,4949,2574,3828
Stom,463,72,17,14,36,11,21,4,5
Ggta1,213,16,8,3,19,4,11,0,5
Dab2ip,591,68,24,8,49,24,12,9,14
Ttll11,18,3,2,2,0,1,1,0,0
Ndufa8,2381,342,88,46,211,69,66,63,75
Morn5,2,0,0,0,0,0,0,0,0
Lhx6,2,0,0,0,3,0,0,0,0
Rbm18,781,161,53,38,131,37,38,33,38
Mrrf,318,51,13,5,31,5,6,7,7
Gm13431,0,0,0,0,0,0,1,0,0
Ptgs1,180,36,10,1,18,4,4,6,8
Olfr338,1,0,0,0,1,0,0,1,1
Olfr344,0,2,0,0,0,0,0,0,0
Olfr352,1,0,0,0,0,0,1,0,0
Olfr354,0,0,0,0,0,0,0,0,1
Olfr365,0,1,0,0,0,0,0,0,0
Olfr366,2,1,0,0,1,0,0,0,0
Pdcl,492,48,17,12,31,18,11,7,4
Rc3h2,1344,150,44,23,122,47,43,37,42
Zbtb6,221,19,5,4,11,6,7,8,5
Zbtb26,94,2,0,3,4,1,2,3,2
Rabgap1,843,80,21,7,48,14,23,18,14
Strbp,171,29,5,2,11,10,12,3,6
Gpr21,45,2,0,0,1,0,1,0,0
Dennd1a,1036,108,39,7,58,20,19,13,9
Lhx2,22,0,0,0,0,1,0,0,0
Nek6,526,96,30,9,49,15,16,14,9
Psmb7,1973,269,87,36,142,50,56,41,35
Nr6a1,58,9,1,2,5,1,5,2,4
Nr6a1os,3,0,0,0,0,0,0,0,0
Olfml2a,118,1,0,5,3,45,14,1,14
Gm13496,1,1,1,0,1,0,0,0,0
Wdr38,2,1,1,0,0,0,0,0,1
Rpl35,20506,6969,2282,735,3699,974,1243,740,956
Arpc5l,1247,184,46,25,96,38,48,40,37
Golga1,314,28,8,3,19,7,2,3,6
Scai,535,43,14,6,34,19,12,10,18
Ppp6c,839,109,36,11,69,19,30,19,17
Kynu,2,4,0,0,1,0,0,0,1
Arhgap15,565,49,29,6,23,6,13,2,9
Gtdc1,252,11,6,0,11,11,9,2,3
Zeb2,10257,780,250,79,510,180,263,129,182
Zeb2os,133,20,3,1,4,4,13,1,2
Gm13479,0,0,0,0,0,0,0,0,0
Gm13470,49,2,1,0,1,2,1,2,0
Acvr2a,451,54,11,4,28,13,31,10,13
Orc4,519,64,32,9,37,15,18,15,15
Mbd5,427,35,18,3,24,12,7,12,12
Epc2,784,124,39,16,66,21,42,29,25
Kif5c,5,0,0,2,1,1,0,0,2
Lypd6b,0,0,0,0,0,0,0,0,0
Lypd6,23,0,1,0,3,1,0,0,0
Mmadhc,1251,127,48,11,59,34,27,10,24
Gm13483,2,3,0,0,1,0,0,1,1
Rnd3,878,395,167,43,283,143,144,93,85
Gm13499,3,0,0,0,0,0,0,0,0
Gm13490,1,0,0,0,0,0,0,0,0
Rbm43,370,46,11,2,25,5,9,6,3
Nmi,560,92,27,4,27,14,19,9,10
Tnfaip6,20828,9037,2699,274,4062,774,1800,237,572
Rif1,784,99,30,10,66,47,16,20,12
Neb,12,1,2,1,0,2,2,3,1
Gm13522,1,0,0,0,0,0,1,0,0
Arl5a,1075,105,44,13,77,42,37,31,22
Cacnb4,9,1,1,0,5,1,0,1,0
Stam2,612,82,21,9,51,18,20,14,14
Fmnl2,1174,134,29,11,60,28,23,18,20
Gm26603,1,0,1,0,0,0,0,0,1
Prpf40a,2186,255,84,31,116,59,67,53,46
Arl6ip6,463,66,19,9,51,22,13,19,14
Rprm,22,3,0,0,1,1,0,0,0
Galnt13,6,0,0,0,1,0,2,0,1
Gm14033,3,0,0,1,3,1,10,1,6
Kcnj3,6,0,0,0,1,0,2,9,5
Nr4a2,720,868,187,63,225,114,182,46,91
Gpd2,330,35,11,1,22,13,11,5,4
Gm33594,0,0,0,0,0,0,1,0,0
Galnt5,135,8,0,0,3,3,1,0,2
Ermn,0,0,0,0,0,0,0,3,2
Cytip,3,4,10,3,8,7,10,3,4
Gm13546,0,0,0,0,0,0,0,0,0
Acvr1c,73,4,0,1,2,0,0,2,1
Acvr1,814,105,35,11,53,22,31,16,18
Upp2,197,30,8,3,21,6,11,4,5
Ccdc148,4,1,1,0,1,0,0,1,0
Pkp4,238,24,12,2,16,8,5,7,3
Dapl1,2,0,0,0,0,0,0,0,0
Tanc1,765,64,13,9,51,19,17,13,25
Wdsub1,382,51,16,3,21,8,9,8,16
Baz2b,1158,162,30,19,81,38,41,33,37
Gm13620,6,0,2,0,1,1,3,0,0
March7,1430,233,63,33,78,34,61,27,24
Cd302,6641,1682,538,80,614,225,333,180,226
Ly75,13,1,0,0,0,0,1,0,0
Pla2r1,1236,90,25,4,30,12,16,7,7
Itgb6,0,0,0,0,2,0,0,0,0
Rbms1,5553,831,270,47,335,140,178,112,130
Tank,638,65,17,3,45,15,17,13,7
Psmd14,1403,198,54,16,99,33,31,37,32
Tbr1,3,1,0,0,0,0,0,0,0
Slc4a10,0,0,1,0,8,0,0,0,0
Dpp4,1257,239,90,3,236,27,27,33,41
Gm13561,0,0,0,0,0,0,0,0,0
Gcg,1,1,0,0,0,1,3,2,1
Fap,623,145,25,9,94,25,36,31,18
Ifih1,363,63,23,5,21,9,12,5,10
Gca,4,1,3,1,3,0,1,4,1
Kcnh7,2,3,1,0,1,0,0,0,0
Fign,200,15,6,3,7,24,9,1,7
Grb14,341,34,10,17,19,22,16,15,5
Cobll1,39,9,0,0,8,3,2,1,1
Gm13594,1,1,0,0,0,0,0,0,1
Slc38a11,0,0,0,0,0,0,0,0,0
Scn3a,0,0,0,0,1,0,2,0,0
Scn2a,37,0,0,0,5,1,1,2,1
Csrnp3,3,0,0,0,2,0,4,1,2
Galnt3,5,0,0,0,1,1,0,2,0
Ttc21b,201,18,5,4,11,4,6,2,6
Scn7a,2635,380,117,5,170,58,84,36,29
Xirp2,2,0,0,0,0,0,0,0,0
B3galt1,7,1,1,2,3,0,2,1,3
Stk39,232,46,15,12,31,15,5,3,9
Cers6,237,22,13,9,34,8,11,14,4
Nostrin,31,4,2,1,4,0,2,0,2
Spc25,71,4,7,8,10,5,5,0,2
Gm13613,0,2,0,0,0,0,0,0,0
Dhrs9,13,4,4,0,7,0,1,3,0
Bbs5,142,26,5,5,8,7,2,3,3
Klhl41,1,1,0,0,1,0,0,1,0
Fastkd1,92,12,5,1,2,1,0,2,2
Ppig,2318,292,104,33,154,63,64,61,57
Ccdc173,77,1,4,1,7,1,3,2,2
Phospho2,342,42,19,2,22,7,10,2,4
Klhl23,68,3,1,2,7,4,2,1,2
Ssb,4008,547,181,69,314,107,123,73,91
Mettl5,354,43,16,6,22,6,9,6,13
Mettl5os,5,1,0,1,4,0,4,2,2
Ubr3,890,93,31,8,58,18,23,18,33
Myo3b,5,0,0,0,0,0,0,0,0
Sp5,604,10,4,0,1,2,2,0,6
Gad1os,8,0,0,0,0,0,0,0,0
Erich2os,7,0,1,0,0,1,0,0,0
Erich2,211,10,1,1,2,0,2,1,2
Gad1,25,0,0,0,2,0,0,0,0
Gm26558,6,0,0,0,0,0,0,1,0
Gorasp2,2813,284,91,24,138,51,70,38,46
Tlk1,723,48,17,11,47,24,20,15,19
Mettl8,138,15,2,1,7,4,4,0,0
Dcaf17,450,50,27,7,30,19,18,30,29
Cybrd1,203,18,1,4,16,16,16,5,9
Dync1i2,2126,387,156,36,197,115,63,61,57
Slc25a12,449,44,23,5,25,10,7,7,5
Hat1,485,66,26,13,34,13,21,16,12
Metap1d,412,48,16,10,25,15,24,16,14
Dlx1as,0,0,0,0,0,0,0,0,0
Dlx1,2,0,1,0,2,0,0,0,0
Dlx2,2,0,0,0,0,1,0,0,1
Platr26,2,0,0,0,0,0,0,0,0
Itga6,78,1,17,9,11,21,9,1,3
Pdk1,275,19,6,4,23,3,8,7,3
Rapgef4,24,0,1,0,2,4,0,0,0
Map3k20,799,112,29,6,53,17,29,13,13
Cdca7,86,5,1,2,2,3,2,2,3
Sp3,1762,181,58,14,112,42,46,39,32
Sp3os,270,29,18,2,22,14,15,6,9
Ola1,1339,197,55,34,105,38,38,36,51
Sp9,100,4,4,1,0,0,0,0,1
Cir1,1429,102,31,11,61,25,32,18,22
Scrn3,170,10,5,3,5,2,1,6,5
Gpr155,208,18,1,0,8,8,5,4,4
Gm13703,2,0,0,0,1,0,0,0,0
Wipf1,1610,181,68,11,87,32,49,26,26
Chrna1,107,17,2,1,7,2,1,1,4
Chrna1os,139,9,3,4,7,4,2,5,1
Chn1os3,39,1,0,0,1,1,1,1,0
Chn1,16,3,1,1,3,3,1,0,2
Atf2,788,123,51,19,84,27,37,30,27
Atp5g3,4179,783,252,106,481,162,159,102,124
Lnpk,609,71,26,13,55,29,22,20,25
Hoxd10,1,0,0,0,0,0,0,0,0
Gm28793,2,1,0,0,0,0,0,0,0
Hoxd9,203,16,6,2,10,6,9,4,5
Hoxd3os1,369,43,18,14,50,15,11,4,21
Hoxd8,680,78,20,6,56,25,31,17,21
Hoxd3,20,4,0,0,2,0,0,0,0
Hoxd4-1,9,0,0,0,0,1,1,0,0
Gm28230,2,0,0,0,0,0,1,0,1
Gm14424,3,0,0,0,0,0,0,0,0
Hoxd1,3,0,0,0,0,1,0,0,0
Mtx2,1394,162,48,23,101,27,28,22,36
2600014E21Rik,9,2,0,1,8,1,0,0,0
Hnrnpa3,5220,945,360,176,481,197,177,220,188
Nfe2l2,2316,719,197,44,338,87,123,73,77
Agps,546,54,23,7,41,9,15,7,7
Ttc30b,140,9,0,1,1,1,2,1,3
Ttc30a2,1,0,0,0,0,1,0,0,0
Ttc30a1,45,16,2,0,3,2,2,1,1
Pde11a,30,37,5,0,8,4,5,4,3
Rbm45,89,11,5,3,17,2,6,3,0
Osbpl6,115,13,3,6,12,6,6,7,8
Prkra,581,69,22,8,48,22,25,17,16
Pjvk,1,0,0,1,0,2,0,0,0
Fkbp7,5038,459,144,67,362,127,140,70,101
Plekha3,579,78,26,9,41,8,13,12,18
Ttn,2,2,1,0,1,0,0,1,7
Ccdc141,109,13,3,1,16,2,5,1,3
Sestd1,767,85,21,2,45,6,11,11,11
Zfp385b,405,45,12,1,14,5,10,0,2
Cwc22,431,23,4,4,12,7,5,4,7
4930440I19Rik,0,0,0,0,0,0,0,0,0
Gm14461,0,0,0,0,0,0,0,0,1
Ube2e3,1679,199,73,23,146,41,65,46,48
Itga4,26,0,0,0,2,7,3,1,0
Cerkl,9,0,0,0,1,0,0,0,0
Ssfa2,251,30,10,9,19,16,12,6,9
Pde1a,267,65,14,1,22,4,7,15,3
Prdx6b,1,0,0,0,0,0,0,0,0
Dnajc10,1757,194,61,11,118,44,55,18,23
Frzb,48,1,0,5,19,17,10,15,19
Nckap1,2125,246,70,21,118,50,57,42,38
Dusp19,197,33,10,1,20,7,4,1,10
Nup35,301,45,16,8,25,10,12,8,7
Zfp804a,5,0,0,0,0,0,0,0,0
Zc3h15,2199,394,147,39,193,76,86,47,56
Itgav,2178,254,74,23,175,59,62,37,36
Fam171b,802,55,21,13,54,26,28,8,22
Calcrl,348,63,24,8,52,6,16,18,17
Tfpi,1087,142,57,8,99,42,41,22,27
Gm13710,0,0,0,0,0,0,0,0,0
Ctnnd1,1166,106,41,16,55,28,24,28,31
Selenoh,1426,265,131,53,119,63,39,21,30
Tmx2,629,60,23,12,47,12,23,10,14
Med19,453,55,22,11,39,7,6,8,6
Zdhhc5,764,124,33,6,73,12,31,21,15
Clp1,136,59,13,17,25,11,12,4,4
Ypel4,124,21,2,2,14,1,7,2,4
Gm19426,30,3,2,1,2,0,2,0,0
Serping1,38431,4755,1549,162,2380,712,1315,376,531
Ube2l6,442,143,43,12,78,14,47,14,15
Smtnl1,0,0,0,0,0,0,0,0,0
Timm10,819,113,32,14,75,16,22,12,19
Slc43a1,341,53,15,3,32,10,12,6,3
Rtn4rl2,1,1,1,0,0,0,2,0,0
Slc43a3,2607,524,134,12,271,61,102,42,47
Prg2,1,0,1,0,2,3,0,1,1
P2rx3,1,1,1,0,1,0,0,0,0
Ssrp1,1656,182,65,29,82,38,26,32,20
Tnks1bp1,989,141,33,8,74,20,28,12,14
Aplnr,4,0,0,0,0,0,0,0,0
Gm13713,1,1,0,0,1,0,1,0,0
Lrrc55,11,1,0,0,0,3,2,1,0
4833423E24Rik,0,0,0,0,0,0,0,0,0
Olfr1033,32,35,13,1,13,4,8,2,0
Olfr1034,3,5,1,0,0,0,0,0,0
Olfr52,1,2,0,0,0,0,0,0,0
Olfr1055,2,1,0,0,0,0,0,0,0
Olfr1087,0,0,0,0,0,0,0,0,0
Olfr1090,1,1,0,0,0,0,0,0,0
Olfr259,0,0,1,0,0,0,0,0,0
Olfr1116,0,1,1,0,0,0,0,1,0
Olfr1122,0,0,0,0,0,1,2,1,1
Olfr1124,0,0,0,0,0,0,0,1,0
Pramel7,1,0,2,0,0,0,1,0,0
Olfr1129,1,0,0,0,0,0,0,0,1
Olfr1137,0,3,0,0,0,0,0,0,0
Olfr152,0,0,0,0,1,0,0,0,0
Olfr1152,1,1,0,0,0,0,0,2,1
Olfr1156,2,2,1,0,1,1,0,0,1
Olfr1160,2,0,0,0,2,0,0,0,0
Olfr73,1,1,0,0,0,0,2,0,1
Olfr1167,6,5,2,0,3,1,1,0,0
Olfr1173,0,0,0,0,0,0,0,0,0
Olfr1175-ps,1,1,0,0,0,0,0,0,0
Olfr1178,0,0,0,0,1,0,0,0,0
Olfr1191-ps1,2,1,0,0,0,0,1,0,0
Olfr1195,0,1,1,0,0,0,0,0,1
Olfr1198,0,0,0,0,0,0,0,0,0
Olfr1209,0,0,0,0,1,0,0,0,0
Olfr1217,1,0,0,0,2,0,0,0,2
Olfr1233,2,1,2,0,1,0,0,0,1
Olfr1238,0,1,0,0,1,0,2,9,3
Olfr1247,0,0,1,1,0,0,0,0,0
Olfr1258,0,0,0,17,0,0,0,0,0
Olfr1259,0,0,0,0,0,0,0,0,0
Olfr1260,0,3,0,0,0,0,0,1,2
Gm13769,0,1,0,0,0,0,0,0,0
Olfr1274-ps,2,0,1,0,0,0,0,0,0
Ptprj,143,32,21,5,16,12,6,5,2
4933423P22Rik,0,1,0,0,0,0,0,0,0
Nup160,226,19,11,3,13,4,3,7,3
Fnbp4,672,84,28,15,89,28,31,15,28
Agbl2,20,2,3,0,2,4,2,0,3
Mtch2,2316,278,79,13,159,68,66,42,46
C1qtnf4,48,4,1,4,7,3,6,5,5
Ndufs3,2118,260,79,35,146,45,56,40,45
Kbtbd4,160,13,3,3,7,5,3,4,1
Celf1,1687,161,83,25,96,46,52,22,32
Rapsn,131,25,3,1,13,3,2,0,1
Psmc3,2871,442,136,32,167,63,74,49,54
Slc39a13,1106,172,37,21,92,39,40,18,35
Spi1,4,3,28,3,3,4,4,1,1
Mybpc3,0,0,0,0,0,0,0,0,0
Madd,89,13,9,1,8,2,4,3,2
Nr1h3,147,36,6,2,11,3,6,6,5
Acp2,597,76,27,7,24,19,27,13,8
Ddb2,125,11,4,1,10,7,5,3,3
A330069E16Rik,117,77,59,2,53,4,8,3,4
Gm17281,0,1,0,0,0,0,0,0,1
Pacsin3,182,16,7,3,13,3,7,4,1
Arfgap2,914,97,34,10,56,26,31,13,20
1110051M20Rik,312,26,17,4,30,7,11,5,8
Lrp4,506,89,25,1,24,9,19,11,12
Ckap5,560,59,32,10,34,28,10,12,9
F2,0,0,0,1,1,0,0,0,0
Zfp408,97,9,3,1,8,3,1,1,0
Arhgap1,914,123,34,4,72,11,20,12,14
Atg13,328,32,10,4,22,11,8,7,4
Harbi1,111,11,1,0,10,1,3,3,1
Ambra1,349,44,11,4,19,12,11,6,11
Mdk,962,39,6,139,408,115,150,212,127
Dgkz,216,36,10,6,14,13,12,7,5
Creb3l1,6049,567,148,34,326,105,141,28,114
2900072N19Rik,4,0,0,0,1,0,0,0,0
Phf21a,1188,104,41,10,72,33,36,16,16
Large2,1,0,0,0,2,0,0,1,0
Pex16,392,27,9,4,20,2,10,5,7
1700029I15Rik,19,2,0,0,1,0,0,0,1
Mapk8ip1,327,75,21,8,48,23,22,11,10
Cry2,986,118,32,5,58,13,21,9,12
Slc35c1,139,18,6,3,10,5,6,1,2
Gm13814,0,0,0,0,0,0,0,0,0
Chst1,76,12,4,1,16,1,4,6,9
Gm13816,4,0,0,0,0,0,0,0,0
Syt13,150,24,1,5,12,23,19,9,11
Prdm11,82,9,1,3,6,3,2,3,1
Trp53i11,39,5,1,1,4,4,3,3,1
Tspan18,345,32,16,7,28,14,16,4,13
Cd82,336,30,9,12,25,26,21,12,19
Gm10804,0,0,0,0,0,0,0,0,0
Alx4,42,0,0,8,18,23,12,14,9
Ext2,1534,194,55,12,128,39,43,23,33
Accs,167,10,0,2,11,4,4,4,7
Gm13889,210,31,9,23,49,28,19,6,9
Alkbh3,398,53,17,11,32,12,9,11,12
Hsd17b12,1211,205,55,19,111,24,34,28,23
Mir670hg,0,1,0,0,0,0,0,0,0
Ttc17,336,43,15,7,23,8,7,7,2
Api5,1003,166,54,20,91,30,35,23,20
Lrrc4c,15,5,0,0,4,2,4,1,0
Gm10801,0,0,0,0,0,0,0,0,0
Gm10800,0,0,0,0,1,0,0,0,1
B230118H07Rik,576,83,16,10,32,9,17,13,18
Rag1,1,0,0,0,0,0,1,1,0
Traf6,268,24,9,5,22,7,6,10,4
Prr5l,116,12,2,3,8,2,8,6,4
Commd9,752,69,22,9,45,17,11,6,6
Ldlrad3,183,27,4,1,8,10,11,4,4
Trim44,930,97,31,11,66,34,32,24,15
Fjx1,100,19,6,6,14,8,2,13,11
Pamr1,1365,77,7,15,74,25,23,16,20
Slc1a2,13,2,4,1,1,0,0,0,4
Cd44,4018,717,207,62,286,150,171,54,62
Pdhx,222,23,4,9,12,5,4,8,7
Apip,529,84,22,20,47,20,23,16,15
Ehf,2,0,1,0,0,0,0,0,0
A930006I01Rik,1,0,0,0,0,0,0,3,0
Elf5,0,0,0,0,0,0,0,0,0
Cat,1276,109,31,8,64,38,43,14,19
Abtb2,128,14,4,2,18,8,8,7,2
Nat10,277,46,12,6,17,8,13,5,7
Caprin1,2172,357,100,26,161,66,64,30,43
Lmo2,222,43,14,0,15,0,4,5,5
Fbxo3,702,61,28,9,32,24,14,6,26
Cd59b,25,9,6,4,4,5,10,1,2
Cd59a,125,10,2,6,15,37,14,14,3
D430041D05Rik,57,1,0,3,0,0,0,0,2
Hipk3,1230,215,76,23,127,35,74,29,34
Cstf3,336,86,17,9,47,21,15,17,10
Tcp11l1,149,34,2,3,11,5,3,6,7
Pin1rt1,0,0,0,0,0,0,0,0,0
Depdc7,26,13,0,0,4,1,0,3,0
Qser1,747,66,23,8,37,25,13,4,11
Prrg4,2,1,0,0,1,1,0,1,0
Ccdc73,98,11,4,3,15,7,8,0,2
Eif3m,3934,482,156,48,211,85,79,72,74
Wt1,53,0,0,0,0,0,0,0,0
Rcn1,5320,472,147,55,324,120,122,43,63
Pax6,1,1,0,0,0,0,0,0,2
Elp4,228,26,7,6,11,7,7,3,3
Immp1l,1094,142,39,21,104,36,45,32,23
Dnajc24,469,61,26,6,33,14,8,11,13
Mpped2,234,11,11,17,41,11,10,13,8
Arl14ep,369,35,11,12,24,11,9,7,9
Mettl15,64,3,3,2,8,2,3,1,3
Kif18a,49,9,1,2,6,6,3,2,0
Bdnf,83,51,14,9,38,15,20,13,14
Lin7c,715,111,40,19,63,21,28,15,21
Lgr4,592,47,23,16,46,22,25,32,17
Ccdc34,1488,151,63,21,90,46,47,24,36
Gm13936,1,0,0,0,0,0,0,1,0
Bbox1,0,0,0,0,0,1,0,0,1
Fibin,1899,62,31,16,120,89,40,47,36
Ano3,6,7,1,0,8,1,0,1,0
Muc15,0,0,0,0,0,0,0,0,0
Olfr1276,0,0,0,0,0,0,1,0,0
Olfr1284,1,0,0,0,0,0,0,0,0
Olfr1286,0,0,0,0,0,0,0,1,0
Olfr1307,1,0,0,1,0,0,0,0,1
Olfr1310,0,1,0,0,0,0,1,0,0
Olfr1312,0,0,0,0,0,0,0,0,0
Lpcat4,13,1,3,2,6,2,8,1,1
Nop10,2305,412,156,36,226,76,108,63,92
Slc12a6,485,39,10,3,22,9,14,9,9
Emc4,937,141,40,24,72,29,24,21,20
Katnbl1,428,70,20,10,39,12,14,6,10
Emc7,2757,400,135,32,192,81,90,48,74
Aven,245,55,12,3,18,4,7,10,9
Ryr3,0,0,0,0,0,0,0,0,0
Fmn1,244,15,7,2,11,3,5,7,4
Gm13963,0,0,0,0,0,0,0,0,0
Grem1,3603,248,167,10,21,28,0,12,15
Scg5,7,1,0,0,0,0,0,0,0
Arhgap11a,83,1,4,3,5,6,1,1,1
Actc1,0,0,0,4,6,1,5,2,15
Aqr,722,63,22,7,44,11,16,14,8
Zfp770,137,11,7,2,6,2,1,3,3
Dph6,302,33,9,5,18,4,6,6,9
Gm13977,0,1,1,0,0,0,0,0,0
BC052040,46,5,3,1,2,3,1,1,0
Meis2,1487,180,48,17,102,56,68,20,28
2700033N17Rik,75,4,0,0,1,0,4,3,3
G630016G05Rik,9,0,0,0,0,0,0,0,0
D330050G23Rik,24,3,1,0,3,4,1,3,2
Gm29340,34,8,4,0,3,0,1,1,0
Spred1,2090,377,77,34,136,66,58,35,30
Fam98b,385,49,19,6,30,10,11,8,6
Rasgrp1,1,1,0,0,0,0,2,0,0
Thbs1,9268,2555,758,67,594,239,375,78,72
Gm29233,0,0,0,0,0,0,0,0,0
Fsip1,14,0,0,0,0,0,0,0,0
Gpr176,284,14,2,4,11,5,1,3,4
Eif2ak4,141,15,10,4,17,6,9,6,10
Srp14,3110,467,157,56,275,113,108,66,74
Bmf,338,17,5,1,14,4,5,3,5
Bub1b,69,5,2,0,3,3,5,1,0
Pak6,0,0,0,0,0,0,0,0,0
Plcb2,0,1,0,0,0,0,0,0,1
Inafm2,182,29,8,1,9,3,7,3,3
A430105I19Rik,179,8,1,1,2,1,2,2,0
Knstrn,109,18,19,7,10,8,2,0,0
Gm14091,1,0,0,0,0,0,0,0,0
Ivd,273,32,11,4,36,12,12,7,11
Bahd1,216,25,12,5,21,8,10,8,9
Chst14,461,42,12,9,28,21,15,6,9
Ccdc32,593,53,16,4,35,14,14,17,8
Rpusd2,12,0,0,0,3,0,0,0,0
Knl1,62,9,6,0,2,5,2,2,1
Rad51,59,4,3,4,2,2,1,0,0
Rmdn3,266,34,7,1,23,8,10,4,6
Gchfr,8,0,0,0,0,0,0,0,0
Dnajc17,187,9,3,3,12,4,9,2,3
Gm14137,1,0,0,0,0,0,0,0,0
Zfyve19,244,20,8,4,20,6,7,6,6
Ppp1r14d,0,0,0,0,0,0,0,0,0
Spint1,5,0,0,0,1,0,0,0,0
Rhov,0,1,1,0,0,4,0,0,0
Vps18,164,14,5,2,11,4,3,2,1
Dll4,1,0,0,0,0,0,0,0,0
Chac1,23,3,1,1,5,2,1,7,3
Ino80,426,72,17,11,38,19,24,19,10
Exd1,18,6,0,0,0,0,0,0,2
Chp1,1782,216,61,22,130,36,49,24,32
1700020I14Rik,1808,143,65,31,115,46,48,28,39
Oip5,29,4,1,2,3,3,1,0,0
Nusap1,113,3,5,6,14,17,7,0,0
Ndufaf1,222,24,4,3,11,7,9,5,4
Rtf1,1507,232,66,44,141,47,52,33,43
Itpka,4,0,0,1,1,0,1,0,0
Ltk,0,0,0,0,0,0,0,0,1
Rpap1,137,18,5,1,9,4,4,4,5
Tyro3,87,15,6,0,5,3,3,0,3
Mga,1764,170,64,30,107,34,54,35,34
Mapkbp1,344,35,20,5,36,6,13,7,6
Jmjd7,51,12,6,1,8,7,4,4,2
Pla2g4b,1,1,1,0,0,1,0,0,0
Ehd4,305,53,22,6,35,11,14,6,9
Pla2g4f,0,0,0,0,0,0,0,0,0
Vps39,263,19,6,1,15,4,5,2,1
Tmem87a,260,34,14,10,16,12,12,7,4
Ganc,261,24,11,2,18,5,8,5,6
Capn3,6,1,0,0,0,1,0,0,0
Zfp106,1419,130,34,16,86,24,41,29,26
Gm26899,1,1,0,0,0,0,0,1,0
Snap23,1265,162,50,21,86,37,36,26,28
Lrrc57,238,23,10,3,14,10,7,2,4
Haus2,273,40,15,5,25,8,7,7,10
Stard9,939,71,25,7,32,28,28,8,17
Cdan1,136,14,5,4,18,3,7,6,8
Ttbk2,290,51,13,9,18,8,19,8,10
Ubr1,669,80,38,5,46,14,22,17,15
Tmem62,86,10,5,4,4,3,3,1,0
Ccndbp1,621,83,22,5,43,19,16,20,17
Tgm5,0,0,0,0,0,0,0,0,0
Lcmt2,92,9,1,1,9,5,3,2,2
Adal,92,16,4,2,5,4,4,2,1
Zscan29,201,25,12,2,14,3,6,16,10
Tubgcp4,526,57,17,9,40,22,16,22,10
Trp53bp1,241,39,11,2,22,9,6,7,8
Map1a,399,41,7,7,20,17,19,5,11
Ppip5k1,129,15,8,2,12,8,10,3,3
Ckmt1,0,0,0,0,0,0,0,0,1
Catsper2,29,2,0,0,3,0,5,1,1
Pdia3,8738,1852,601,181,1039,342,343,241,278
Ell3,0,2,0,0,0,0,0,0,0
Serinc4,0,0,1,0,2,0,1,1,0
Serf2,24094,3421,961,498,2392,830,801,436,536
Hypk,1401,518,165,55,276,96,93,65,89
Mfap1b,696,81,31,9,34,13,31,16,22
Mfap1a,485,49,25,2,25,14,11,4,7
Wdr76,50,8,3,2,7,3,11,7,1
Frmd5,12,3,0,0,0,1,1,1,0
Gm14019,3,0,0,0,0,1,0,0,0
Casc4,729,90,22,16,51,25,34,27,22
Mageb3,2,0,0,0,0,0,0,0,0
Ctdspl2,529,60,21,14,38,20,26,15,18
Eif3j1,1178,413,96,53,221,61,76,39,43
Spg11,310,38,7,2,14,4,5,3,8
B2m,23136,4602,1471,462,3148,1157,1475,447,722
Trim69,21,15,5,3,14,3,2,0,0
Terb2,1,1,0,0,5,3,1,1,0
Sord,543,80,20,3,34,15,6,9,13
Duox2,4,0,0,0,2,0,0,1,1
Duoxa1,341,16,8,1,16,1,0,8,5
Duox1,228,6,4,0,11,1,2,4,2
Shf,171,10,5,1,11,9,9,7,2
Slc28a2,0,0,0,0,1,1,0,0,0
Gm14085,0,0,0,0,0,0,0,0,0
Gatm,40,3,25,19,10,25,8,6,2
AA467197,43,6,6,0,6,1,2,2,2
Slc30a4,897,97,27,3,50,12,15,19,18
Bloc1s6os,8,2,0,0,1,0,0,0,0
Bloc1s6,319,26,13,1,23,8,11,3,5
Sqor,832,114,50,3,61,9,22,21,13
Sema6d,418,52,6,4,15,14,20,6,7
Slc24a5,82,15,4,10,27,12,7,12,9
Myef2,298,43,14,13,34,25,17,18,14
Slc12a1,5,0,0,0,0,0,0,1,2
Gm14002,8,1,1,0,2,0,0,0,1
Dut,1097,128,59,12,71,31,17,11,23
A530010F05Rik,3,0,0,0,1,0,0,0,0
Gm14003,0,0,1,0,2,0,1,0,0
Fbn1,22054,1477,490,65,969,283,353,157,360
Gm9913,96,16,8,0,6,1,1,1,2
Cep152,66,4,1,1,8,2,2,0,1
Shc4,118,2,0,3,8,7,9,3,2
Eid1,6444,555,182,105,382,162,178,105,143
Secisbp2l,1272,100,29,5,72,29,32,30,28
Cops2,1451,201,60,16,75,22,37,29,39
Galk2,777,78,30,5,28,32,27,14,13
Fgf7,2304,374,160,12,101,127,189,37,56
Dtwd1,306,22,11,2,12,6,9,6,6
Gm17555,1,0,0,0,0,2,0,0,0
Atp8b4,13,3,1,0,2,0,0,0,0
Hdc,17,5,4,0,0,2,0,0,2
Gabpb1,201,60,12,7,18,7,22,7,4
Gm27003,20,1,1,0,4,0,1,0,0
Usp8,869,115,39,9,56,23,38,16,17
Usp50,245,107,50,16,76,25,29,20,23
Trpm7,1932,226,73,15,113,41,66,30,32
Sppl2a,2207,269,90,13,150,51,50,32,39
Ap4e1,199,14,6,3,18,3,5,4,8
Blvra,479,75,24,6,45,14,13,8,15
Ncaph,40,1,7,1,5,5,1,0,0
Itpripl1,55,7,2,3,3,4,3,3,2
1810024B03Rik,133,23,6,3,14,7,8,5,3
Snrnp200,733,71,28,11,41,23,14,10,107
Ciao1,568,64,27,7,28,10,19,11,11
Tmem127,937,114,28,7,37,18,22,8,20
Stard7,843,71,33,2,33,14,17,6,6
Dusp2,15,10,0,2,18,1,7,11,5
Astl,0,0,0,0,0,0,0,0,0
Adra2b,0,0,0,0,0,0,0,0,0
Fahd2a,84,12,6,0,10,0,3,6,1
Kcnip3,14,1,0,1,3,1,1,0,1
Prom2,0,0,0,0,0,0,0,0,0
Zfp661,38,2,1,1,1,0,2,0,0
Mrps5,594,105,25,13,46,17,15,12,17
Mal,31,0,0,8,3,18,6,5,1
Mall,0,0,0,0,0,0,0,1,0
Nphp1,241,34,2,4,32,3,9,6,3
1500011K16Rik,589,98,29,10,48,21,17,14,24
Bub1,30,1,4,2,4,3,1,0,1
Acoxl,0,0,0,0,0,0,0,0,0
Bcl2l11,464,183,38,22,68,29,78,24,22
Gm14005,613,84,24,2,38,18,19,13,11
Gm14009,0,1,0,0,0,0,0,0,0
Gm14010,1,0,1,0,0,0,0,0,2
Gm29010,0,0,0,0,0,0,0,0,0
Gm39929,0,1,0,0,1,0,1,2,0
Anapc1,1089,82,26,12,52,20,24,14,11
Mertk,424,73,13,6,25,10,18,3,5
Tmem87b,1305,139,36,13,53,28,41,26,22
Fbln7,303,45,0,7,60,32,43,26,3
Zc3h8,88,16,4,3,9,1,4,4,1
4933427J07Rik,14,2,1,0,0,0,0,0,1
Gm10762,67,2,2,1,8,1,0,3,2
Zc3h6,309,20,12,2,15,13,9,11,7
Ttl,338,59,20,7,19,19,5,6,13
Polr1b,156,18,3,4,11,1,1,0,1
Chchd5,407,41,17,5,42,11,16,6,15
AI847159,0,0,0,0,0,0,0,0,0
Gm14029,0,0,0,0,0,0,0,0,0
Slc20a1,554,148,46,16,71,34,27,24,12
A730036I17Rik,0,2,0,0,0,0,0,0,0
Ckap2l,97,4,3,3,3,9,0,1,0
Il1a,1,4,1,0,1,1,0,0,0
Il1b,36,40,24,8,28,19,9,5,5
Il1bos,0,0,0,0,0,0,0,0,0
Sirpa,2229,215,57,9,103,32,47,23,36
Stk35,158,80,21,4,40,9,20,8,5
Tgm3,0,0,0,0,0,0,0,0,0
Tgm6,0,0,0,0,0,0,0,0,0
Snrpb,3956,676,237,107,426,153,148,129,152
Tmc2,0,0,0,0,0,0,0,0,1
Nop56,1095,262,77,41,128,43,63,29,43
Idh3b,1046,130,52,27,107,32,43,35,37
Ebf4,57,5,2,3,6,2,3,8,1
Cpxm1,11906,2663,478,177,1248,299,358,157,112
1700020A23Rik,30,7,3,0,1,0,0,0,0
Pced1a,212,26,9,5,16,5,7,0,2
Vps16,499,52,18,2,25,12,11,7,5
Ptpra,2154,251,81,25,139,51,60,33,37
Mrps26,1257,126,44,12,70,40,26,33,29
Oxt,13,5,0,0,4,5,4,0,1
Avp,14,0,0,0,0,0,0,0,0
Ubox5,30,2,2,0,6,1,2,0,0
Fastkd5,75,1,1,2,5,3,0,5,3
Lzts3,32,12,2,2,6,3,4,1,3
Ddrgk1,2774,323,97,26,169,61,76,65,65
Itpa,898,102,34,14,61,16,12,8,11
Slc4a11,22,4,2,2,3,1,0,1,0
4930402H24Rik,736,99,20,17,58,33,40,19,14
Atrn,627,62,14,13,32,17,13,21,22
Gfra4,121,23,4,1,10,7,7,5,3
Adam33,3916,267,89,18,167,59,97,24,37
Siglec1,1,1,0,1,0,1,0,0,0
Hspa12b,332,13,5,1,17,5,6,7,3
1700037H04Rik,163,32,18,1,13,3,5,5,7
Spef1,154,16,10,3,16,10,10,3,3
Cenpb,2231,311,77,29,120,62,63,34,33
Cdc25b,271,18,5,4,9,6,3,0,8
Ap5s1,342,17,4,1,8,5,5,1,4
Mavs,224,19,4,0,10,3,6,3,4
Pank2,689,66,23,6,51,13,13,7,7
Rnf24,341,64,25,13,35,14,19,13,11
Smox,192,28,8,9,25,17,20,10,12
Gm14285,0,0,0,0,0,0,0,0,1
5330413P13Rik,0,0,0,0,0,0,0,0,0
Erv3,4,0,0,0,0,0,0,0,0
Prnp,9072,838,321,65,532,218,336,108,110
Rassf2,981,105,29,6,75,25,27,16,15
Slc23a2,354,46,17,2,19,7,17,8,3
Tmem230,619,100,37,10,64,24,23,19,17
Pcna,514,205,68,27,116,43,55,25,20
AV099323,32,8,0,1,5,2,2,1,0
Cds2,556,77,24,6,40,15,12,8,19
Prokr2,45,0,0,2,7,0,0,0,0
4921508D12Rik,3,0,0,0,0,0,0,0,0
1700026D11Rik,2,0,0,0,0,0,0,0,0
Gpcpd1,546,57,22,6,33,18,18,17,11
AU019990,0,0,0,0,0,0,0,0,0
1110034G24Rik,162,14,3,1,11,6,4,1,4
Trmt6,475,60,13,1,22,5,10,9,13
Mcm8,22,0,3,1,2,5,1,3,0
Crls1,517,88,24,11,35,18,22,14,9
Fermt1,0,0,0,0,0,0,0,0,0
Bmp2,199,110,29,7,49,13,21,11,7
Tmx4,488,60,21,7,46,26,22,10,9
Plcb1,203,12,3,2,9,10,1,4,4
Plcb4,215,55,18,7,30,14,14,10,7
Ankef1,6,0,0,0,1,0,1,0,1
Snap25,0,0,0,0,0,0,0,0,0
Mkks,166,24,9,2,13,4,5,4,3
Slx4ip,119,16,3,4,10,5,4,3,3
Jag1,163,58,9,58,150,35,27,76,27
Btbd3,213,30,10,3,17,13,17,4,11
Sptlc3,0,0,0,0,0,0,0,0,0
Ism1,3097,246,91,2,64,14,24,10,22
Tasp1,337,36,4,2,15,4,11,7,6
Esf1,1172,165,52,21,76,37,29,30,24
Ndufaf5,169,16,7,3,14,2,6,1,6
Macrod2,463,35,6,3,23,16,6,4,6
Flrt3,259,34,20,2,24,14,10,4,5
Kif16b,274,21,16,2,20,8,6,3,2
Kif16bos,0,0,0,0,0,0,0,0,0
Snrpb2,1747,228,74,23,116,42,52,23,30
Pcsk2os1,0,0,0,2,0,0,0,0,0
Pcsk2,4,0,1,2,2,3,0,0,1
Bfsp1,189,14,5,1,10,5,4,1,1
Dstn,7178,710,246,106,508,174,216,145,169
Rrbp1,12914,1837,469,174,1101,404,429,231,204
Banf2os,3,0,0,0,4,0,0,0,1
Gm5535,4,0,0,0,2,0,0,0,0
4930444E06Rik,0,0,0,0,0,0,0,0,0
Snx5,1194,141,50,15,84,30,32,27,46
Mgme1,164,25,11,1,17,4,9,6,2
Ovol2,2,0,0,0,0,0,0,0,0
Kat14,358,33,15,0,23,11,7,3,5
Dzank1,16,2,1,0,0,0,0,1,0
Polr3f,306,24,10,3,12,9,4,5,5
Rbbp9,332,38,18,3,15,8,12,5,11
Sec23b,678,102,32,11,56,10,16,21,16
Smim26,566,61,20,6,54,13,37,16,18
Dtd1,574,71,12,5,41,14,14,15,13
Slc24a3,26,0,0,0,2,1,1,1,0
Rin2,2267,151,55,14,97,43,42,22,20
Naa20,1509,206,82,19,120,46,41,21,33
Crnkl1,466,50,20,5,20,6,12,8,10
Insm1,0,0,0,0,2,0,0,0,0
Ralgapa2,155,6,4,2,8,5,6,0,3
Kiz,402,41,14,4,25,9,14,9,8
Xrn2,1385,159,50,17,94,19,24,27,28
AI646519,2,0,0,0,10,6,11,1,4
Pax1,10,1,2,0,10,13,8,5,12
Thbd,1682,234,99,1,82,11,51,23,11
Cd93,3,3,0,0,2,0,0,1,0
Nxt1,441,41,14,14,40,11,13,12,10
Gzf1,211,36,11,2,19,5,7,4,11
Napb,153,3,2,0,9,5,2,2,1
Cst3,17597,3169,877,294,2055,554,639,517,590
Syndig1,2,0,1,0,2,1,1,0,1
Zfp120,249,16,5,0,14,7,3,1,3
Zfp937,56,2,1,1,4,2,1,2,2
Gm21994,9,0,0,0,1,0,0,1,0
3300002I08Rik,38,3,0,2,3,1,1,2,0
Gm10130,2,1,0,0,0,0,0,0,0
Zfp442,101,14,6,4,4,6,4,5,6
Cst7,2,0,1,0,0,0,0,0,0
Apmap,421,41,18,5,21,12,7,5,8
Acss1,11,0,0,0,0,0,0,0,1
Platr15,0,0,0,0,0,0,0,0,0
Entpd6,131,12,2,2,14,2,3,6,5
Pygb,572,61,8,6,43,19,21,8,7
Abhd12,791,102,38,10,51,27,23,14,25
Gins1,59,5,2,1,4,0,2,0,0
Ninl,105,15,2,3,11,5,7,2,4
Nanp,4,1,0,0,0,0,0,0,0
Gm14149,0,0,0,0,0,0,1,0,0
Nsfl1c,867,132,38,21,105,34,28,23,25
Gm14167,47,5,3,0,1,1,3,1,0
Fkbp1a,6259,892,291,142,526,171,178,129,173
Sdcbp2,22,3,1,0,1,0,0,1,2
Snph,1,3,0,0,1,1,0,0,0
Tmem74b,3,0,0,0,1,0,0,0,0
Psmf1,475,54,6,3,22,13,8,15,10
Gm14155,3,0,0,0,0,1,0,0,0
Rspo4,50,12,3,2,4,15,28,6,1
Angpt4,30,33,3,1,6,2,17,7,9
Gm14154,7,0,0,0,0,0,0,0,0
Fam110a,78,8,1,4,7,7,3,3,2
Slc52a3,0,2,2,0,0,1,0,1,0
Srxn1,557,200,35,7,87,28,62,12,19
Tcf15,3,3,1,0,6,0,0,0,0
Csnk2a1,1253,207,68,42,132,46,50,41,39
Tbc1d20,1279,127,33,18,85,26,16,20,27
Rbck1,1144,138,32,12,84,27,36,26,33
Trib3,47,4,4,1,1,0,1,0,1
Sox12,97,7,4,4,12,4,4,4,0
Zcchc3,96,9,3,2,11,5,9,3,5
Gm14161,0,0,0,0,0,0,0,0,0
Defb25,5,2,2,0,0,4,3,1,0
Rem1,16,7,1,1,6,4,1,1,2
H13,2519,317,86,26,170,55,56,42,44
Mcts2,281,34,7,2,13,5,6,3,6
Gm26841,0,0,1,0,1,0,0,0,0
Id1,356,121,33,46,91,23,27,17,21
Cox4i2,86,3,0,14,25,8,16,22,13
Bcl2l1,313,49,22,5,14,10,11,11,6
Tpx2,155,17,10,9,11,17,4,0,4
Mylk2,19,2,0,0,0,0,0,0,0
Foxs1,44,6,0,1,6,21,10,9,8
Dusp15,4,1,0,0,0,1,1,1,1
Ttll9,1,0,0,0,0,0,0,0,0
Pdrg1,992,95,30,24,89,32,38,31,25
Ccm2l,2,0,0,0,2,0,0,1,0
Hck,46,2,4,1,10,5,4,5,2
Tm9sf4,1381,187,46,10,113,51,63,32,25
Tspyl3,125,8,1,0,5,5,1,0,2
Plagl2,165,26,12,3,13,8,7,7,3
Pofut1,832,67,27,7,50,16,22,13,18
Kif3b,355,29,8,3,18,11,5,4,2
Asxl1,427,31,18,12,43,9,22,9,11
Nol4l,35,12,20,7,34,6,4,7,10
Commd7,843,106,45,12,56,29,23,28,35
Dnmt3b,90,17,1,5,11,3,5,0,3
Mapre1,3031,723,218,74,343,101,102,60,75
Efcab8,2,1,0,0,0,0,0,0,0
Bpifb2,0,0,0,0,1,0,0,0,0
Cdk5rap1,80,7,3,4,2,2,2,1,2
Snta1,370,55,14,9,23,3,13,8,10
Cbfa2t2,423,38,10,5,29,13,19,17,8
Necab3,41,1,1,0,4,0,1,0,0
1700003F12Rik,4,2,0,1,0,0,1,0,1
E2f1,384,47,11,8,22,11,11,4,14
Pxmp4,411,48,34,2,27,16,10,8,2
4930519P11Rik,0,0,0,0,0,0,0,0,0
Zfp341,30,3,0,0,1,1,1,1,0
Chmp4b,3275,793,247,60,387,117,157,73,85
Gm14214,2,0,0,0,0,0,0,0,0
Raly,2738,437,152,100,388,123,147,99,91
a,2897,161,46,51,41,19,14,63,85
Eif2s2,7162,1222,313,152,572,232,246,183,203
Gm14226,9,1,0,0,0,42,9,52,1
Ahcy,62,15,7,4,4,1,5,3,1
Itch,1264,124,45,21,80,34,37,21,25
Dynlrb1,5628,786,225,85,392,154,152,125,126
Map1lc3a,3501,421,136,92,315,132,168,133,98
Pigu,367,46,5,1,16,6,8,8,7
Trp53inp2,633,52,11,12,46,21,20,13,9
Ncoa6,582,50,28,6,38,14,18,13,11
Ggt7,79,9,4,5,8,4,3,2,3
Acss2,206,31,5,2,15,5,7,2,6
Gss,241,35,8,0,11,3,7,4,8
Gssos2,0,1,0,0,0,0,0,0,0
Trpc4ap,1471,153,36,20,100,39,48,24,44
Edem2,497,96,27,4,38,16,16,10,5
Procr,690,644,106,2,225,16,64,30,39
BC029722,665,88,27,4,35,30,23,11,14
Eif6,2753,584,177,57,222,71,79,99,99
Gm16098,5,1,3,0,0,1,0,0,0
Fam83c,1,0,0,0,0,0,0,0,0
Uqcc1,308,32,10,1,19,8,6,4,5
Cep250,224,21,5,3,18,10,10,8,7
6430550D23Rik,4,0,0,1,0,0,0,0,0
Ergic3,3914,528,152,65,322,127,160,102,121
Spag4,8,0,1,0,4,2,1,2,1
Cpne1,1,2,3,1,2,3,0,0,1
Rbm12,364,36,18,2,25,9,12,3,7
Nfs1,436,48,15,5,35,13,14,9,10
Romo1,3455,686,200,100,465,148,142,105,121
Rbm39,6793,1138,349,179,733,210,348,172,167
Phf20,879,86,27,8,44,18,24,13,17
Scand1,3910,451,142,70,286,95,108,83,78
Cnbd2,49,7,1,0,8,3,3,2,1
Gm14252,0,1,0,0,0,0,0,0,0
2900097C17Rik,3700,395,124,40,228,98,80,53,46
Epb41l1,398,55,12,2,29,7,15,7,8
Aar2,268,34,10,2,19,7,5,6,2
Gm14168,3,0,0,0,1,1,0,0,0
Dlgap4,2326,322,90,27,173,50,92,36,36
Myl9,628,26,0,41,142,90,27,59,63
Tgif2,86,21,4,9,26,7,15,3,8
4930518I15Rik,43,1,0,1,1,0,0,1,1
1110008F13Rik,2502,388,109,48,201,72,70,58,63
Sla2,1,0,0,0,0,1,0,0,0
Ndrg3,874,87,17,11,48,15,18,20,16
Dsn1,38,2,3,1,6,0,0,3,2
Soga1,190,21,8,8,10,6,15,6,10
Samhd1,2328,322,103,11,135,43,63,41,38
Rbl1,99,10,5,3,18,4,4,0,3
Rpn2,6616,893,293,81,432,128,162,87,107
Manbal,1032,85,25,13,65,31,36,15,17
Src,328,48,14,5,31,14,26,5,10
Gm14286,31,12,3,2,1,0,2,1,0
Blcap,468,58,21,12,37,16,22,7,6
Nnat,10,3,0,5,2,2,0,6,1
Platr27,0,0,1,0,0,0,0,0,0
Ctnnbl1,546,70,21,20,32,15,21,9,13
Tti1,112,6,3,1,7,1,2,1,2
Rprd1b,606,54,20,7,33,12,15,14,15
Tgm2,210,98,17,3,79,23,31,16,13
D630003M21Rik,58,0,0,4,14,5,15,6,7
Lbp,5977,883,270,22,375,49,149,97,91
Snhg11,17,10,1,13,27,7,7,26,12
Ralgapb,469,51,22,4,33,23,16,8,16
Adig,59,0,0,0,1,0,0,0,0
Arhgap40,0,1,0,0,0,0,0,0,0
Slc32a1,0,0,0,0,0,0,0,0,0
Actr5,187,15,8,2,11,4,9,3,7
Ppp1r16b,1,1,0,0,1,2,2,2,2
Fam83d,70,5,3,4,19,6,1,1,1
Dhx35,94,7,2,0,6,5,3,2,1
Gm826,7,2,0,0,2,0,2,2,0
Mafb,4275,237,51,69,303,66,235,65,63
Gm14221,7,1,2,0,0,6,0,0,0
Top1,4145,1148,326,131,576,218,298,112,159
Plcg1,584,40,8,7,32,13,19,9,13
Gm27206,0,0,0,0,0,0,1,0,1
Zhx3,857,92,28,11,46,18,24,7,13
Gm16751,29,5,3,0,0,1,0,0,1
Lpin3,291,25,5,1,18,6,1,3,4
Emilin3,1,0,0,0,0,0,0,0,1
Chd6,1017,91,22,21,87,42,47,27,32
Gm45447,5,2,1,0,1,0,1,0,0
Ptprt,1,0,0,0,1,0,0,2,0
Srsf6,3153,386,118,42,249,102,107,66,81
L3mbtl1,1,8,2,1,3,1,4,3,0
Ift52,409,47,10,3,22,7,12,8,9
Mybl2,32,2,3,1,0,0,2,0,0
Tox2,53,1,1,1,0,0,0,0,0
Jph2,22,0,0,0,2,1,0,0,0
Oser1,590,193,71,34,168,42,46,24,26
2900093K20Rik,109,22,11,4,12,5,3,4,3
Gdap1l1,5,2,1,0,0,0,0,0,1
Fitm2,265,30,13,2,15,4,8,5,3
2310001K24Rik,7,0,0,0,0,0,0,0,0
R3hdml,0,0,0,0,0,0,0,0,0
Ttpal,234,46,15,2,18,9,9,7,7
Serinc3,3345,490,196,38,262,104,162,59,71
0610039K10Rik,2,1,0,0,2,0,0,0,0
Pkig,795,173,50,21,61,36,25,20,32
Ada,93,26,8,1,23,2,5,2,3
Wisp2,2257,645,174,9,172,64,65,71,54
Ywhab,5404,802,245,76,346,122,131,88,108
Pabpc1l,18,5,3,0,4,1,2,0,0
Tomm34,587,92,36,5,61,21,33,21,33
Stk4,359,34,8,3,24,10,14,6,5
Kcns1,29,0,0,0,0,2,1,0,0
Wfdc5,8,0,0,0,1,5,0,0,1
A730032A03Rik,6,0,0,0,0,0,0,0,0
Wfdc12,1034,114,12,1,5,1,29,1,8
Slpi,584,324,26,8,44,13,3,1,1
Matn4,410,30,11,4,6,43,21,9,12
Rbpjl,1,1,1,0,0,1,1,0,0
Sdc4,4641,1050,390,64,345,155,181,141,139
Sys1,1619,223,58,28,132,38,48,24,47
Gm14302,4,2,0,0,1,0,0,0,1
Dbndd2,46,5,4,2,5,7,5,6,7
Pigt,2010,211,52,21,124,46,60,21,36
Wfdc2,0,0,1,0,0,0,0,0,0
Wfdc3,2,5,0,0,0,0,1,0,0
Dnttip1,743,115,51,12,50,22,23,13,23
Gm11457,1,0,0,0,1,2,0,0,0
Ube2c,325,27,18,29,71,60,18,2,1
Tnnc2,2,1,0,0,2,1,1,1,0
Snx21,750,72,21,5,43,12,14,3,14
Acot8,218,28,11,5,14,7,11,3,5
Zswim3,21,6,2,1,2,0,2,1,1
Zswim1,121,6,2,3,2,3,6,3,4
Neurl2,60,2,1,1,4,4,1,2,2
Ctsa,2519,380,121,14,169,77,73,43,49
Pltp,4458,144,84,4,120,60,102,23,22
Pcif1,992,104,32,14,65,24,33,13,20
Zfp335,237,16,11,1,8,6,6,4,1
Zfp335os,8,1,0,0,1,0,0,0,0
Mmp9,366,7,1,1,3,2,0,0,0
Slc12a5,3,0,0,0,2,0,1,0,0
Ncoa5,328,46,15,3,21,4,10,3,4
Cd40,58,7,2,0,2,9,3,1,0
Cdh22,1,0,0,0,0,0,0,2,1
Slc35c2,478,61,20,5,36,16,18,7,7
Elmo2,885,80,26,4,42,20,28,15,20
Zfp334,105,8,0,0,5,3,5,0,4
Ocstamp,3,0,0,0,0,0,0,0,0
Slc13a3,0,0,1,0,1,0,0,0,0
Trp53rka,211,20,4,2,13,5,8,5,4
Slc2a10,329,35,16,7,35,8,10,4,6
Eya2,6,1,1,8,9,5,2,8,5
Zmynd8,1034,108,37,4,48,27,32,16,19
Gm11464,0,0,0,0,0,0,0,0,0
Ncoa3,623,111,35,17,47,35,37,29,23
Sulf2,5046,543,219,52,278,142,99,44,85
5031425F14Rik,4,1,0,0,1,0,0,0,0
Prex1,475,28,11,5,20,15,12,4,10
Trp53rkb,67,8,2,2,7,3,3,3,6
Arfgef2,387,49,14,3,30,13,9,2,12
Cse1l,405,50,22,9,45,13,13,5,11
Gm17096,2,6,2,0,1,1,2,0,1
Stau1,910,157,49,19,82,38,38,20,27
Ddx27,451,71,23,13,34,16,18,8,12
Znfx1,255,45,20,2,23,9,10,9,8
Kcnb1,2,1,0,0,1,1,0,0,0
Ptgis,583,183,55,10,162,15,20,21,25
B4galt5,723,220,68,12,135,40,59,16,12
Slc9a8,383,36,6,2,25,10,7,4,4
Spata2,267,90,19,6,30,12,12,6,5
Rnf114,376,70,22,4,57,22,24,8,12
Snai1,1114,137,65,63,156,33,49,52,43
Ube2v1,41,15,6,5,15,7,6,7,10
Tmem189,585,90,29,6,52,22,24,12,16
Gm14320,2,0,0,0,0,0,0,1,0
Cebpb,12250,4665,1846,519,2630,437,1081,614,441
A530013C23Rik,88,31,9,0,15,4,9,2,4
Gm14321,0,0,0,0,0,0,0,0,0
9230111E07Rik,2,1,0,0,5,1,1,0,0
1200007C13Rik,138,42,12,1,10,2,3,3,3
Gm14319,2,0,0,0,1,0,0,0,0
Ptpn1,937,136,37,26,102,40,55,41,24
Ripor3,117,6,1,1,8,6,16,2,1
Pard6b,0,0,0,0,0,0,0,0,0
Adnp,47,5,3,3,6,4,3,3,5
Dpm1,845,265,82,35,159,68,64,38,41
Mocs3,83,13,4,4,13,3,7,5,5
Kcng1,9,3,1,0,0,0,0,0,1
Nfatc2,160,38,4,6,15,8,19,1,5
Atp9a,1058,93,30,5,57,22,30,8,21
Zfp64,299,30,12,2,18,7,7,4,6
Gm9873,0,0,0,0,0,0,0,0,0
Tshz2,906,203,57,8,84,25,40,28,18
Gm26883,3,2,1,0,1,0,0,1,0
Zfp217,356,55,21,1,26,5,10,5,9
Gm17619,43,7,0,0,1,5,1,1,0
Bcas1,0,0,1,0,0,0,0,0,0
Bcas1os2,0,0,0,0,0,0,0,0,0
Pfdn4,1108,125,56,15,81,19,22,25,24
Gm16796,2,0,0,1,1,0,1,0,0
Dok5,27,3,3,0,2,1,0,0,0
Fam210b,146,23,7,8,20,13,19,7,5
Aurka,47,6,2,2,5,6,1,3,1
Cstf1,242,24,5,3,8,6,6,5,7
Cass4,0,0,1,0,0,1,0,0,0
Gm14455,0,0,0,0,0,0,0,0,0
Rtf2,821,82,26,11,44,18,18,17,14
Fam209,2,3,2,0,1,0,0,0,0
Tfap2c,10,0,0,22,21,5,2,8,11
Bmp7,570,82,20,43,52,5,14,33,25
Spo11,5,0,0,0,0,0,0,0,0
Rae1,821,100,28,14,53,19,20,14,10
Rbm38,20,28,13,6,24,10,9,6,3
Ctcflos,5,0,0,0,1,0,0,0,0
Pck1,75,0,0,0,0,0,0,0,0
Zbp1,624,224,72,6,98,14,34,14,19
Pmepa1,5550,920,329,137,599,399,398,122,164
Rab22a,1348,165,43,13,79,41,30,24,23
Vapb,1628,230,71,18,106,46,43,25,28
Stx16,993,84,15,12,53,24,30,12,20
Npepl1,759,111,34,11,68,24,27,24,21
Nespas,14,1,1,1,0,2,2,0,0
Gnas,29212,3956,1076,544,2481,1074,1341,572,655
Gm20721,15,5,3,1,4,1,0,2,3
Nelfcd,351,25,9,4,11,11,8,6,4
Ctsz,6598,1060,292,92,514,192,232,119,139
Atp5e,13672,2111,657,312,1343,474,510,335,419
Prelid3b,920,104,33,12,54,22,18,18,18
Zfp831,0,0,0,0,0,0,0,0,1
Edn3,23,0,0,6,26,20,45,8,6
Gm14393,9,1,2,0,1,0,1,0,0
Gm14399,25,9,3,2,3,3,0,1,1
Gm14443,27,6,1,0,1,2,1,0,0
Gm14391,35,2,1,0,7,0,1,1,4
Gm14440,1,0,0,0,1,0,0,0,0
Gm4631,60,19,6,0,12,4,4,7,8
Zfp968,23,10,2,1,5,3,5,0,1
Gm4724,6,6,0,1,3,1,1,0,0
Zfp965,7,3,1,0,1,0,1,0,0
Gm14288,1,0,0,0,0,0,0,0,0
Gm6710,152,31,19,2,15,5,5,9,11
Zfp966,15,4,3,0,1,1,1,1,1
Gm2026,0,0,0,0,0,0,0,0,0
2210418O10Rik,3,2,0,1,1,0,1,0,1
Gm14435,0,1,0,0,0,1,0,0,0
Gm14434,2,0,0,0,0,0,1,0,0
Gm14308,0,0,0,0,1,0,0,1,0
Zfp973,27,6,1,2,2,2,1,2,1
Gm14305,189,45,21,8,39,9,20,9,14
Gm14295,128,23,6,3,11,6,7,4,4
Gm14296,153,21,10,3,22,1,3,6,5
Gm14419,38,7,6,3,2,0,2,0,2
Gm14401,1,0,0,0,1,1,0,0,1
Gm14410,18,1,1,1,5,1,1,1,0
Gm14409,2,1,0,0,0,0,0,0,0
Gm14412,4,0,0,0,0,0,0,0,0
Gm14418,43,11,6,4,7,1,4,4,0
Zfp970,20,3,2,0,2,1,2,3,1
Gm14403,91,8,1,2,14,5,4,1,4
Gm14322,20,6,2,1,3,1,0,0,2
Gm14325,51,13,1,4,8,2,3,0,2
Gm14327,16,5,4,2,5,2,2,4,5
Zfp972,1,0,0,0,0,0,0,0,0
Gm14326,93,16,8,4,11,7,3,1,0
Zfp971,33,12,0,1,9,2,1,2,1
Gm26869,5,1,0,0,0,0,0,1,0
Zfp931,167,34,12,5,14,7,15,9,14
Phactr3,1,0,0,1,7,0,0,1,1
Sycp2,3,0,0,1,0,0,0,0,0
Ppp1r3d,57,1,1,0,2,0,2,0,4
Fam217b,115,4,1,2,12,5,5,0,2
Cdh26,6,1,0,0,0,0,0,0,0
Cdh4,2464,121,44,6,62,19,16,4,30
Taf4,212,43,13,3,25,3,8,11,5
Lsm14b,480,53,18,3,37,9,12,6,8
Psma7,6031,832,225,90,397,130,133,134,119
Ss18l1,62,13,4,0,9,1,4,3,2
Mtg2,240,29,12,18,38,10,17,7,74
Osbpl2,597,50,12,7,32,16,11,11,16
Adrm1,1243,220,50,38,121,40,44,30,38
Lama5,14,0,0,1,5,1,2,1,0
Rps21,45968,10498,3144,961,4764,1572,1827,1024,1363
Cables2,242,30,1,5,17,9,8,3,3
B230312C02Rik,2,5,0,0,2,0,2,5,7
Slco4a1,0,0,0,0,1,0,1,0,0
Mrgbp,346,40,5,3,23,7,10,6,10
Ogfr,881,169,35,11,90,37,29,15,18
Col9a3,80,4,1,1,2,7,1,0,0
Tcfl5,225,13,4,1,26,11,4,2,7
Dido1,647,110,34,8,60,21,29,26,17
Gid8,512,59,26,11,23,10,24,9,7
Slc17a9,153,19,1,2,10,2,2,2,6
Ythdf1,1022,175,43,21,98,33,32,22,12
Birc7,28,0,0,0,0,0,0,0,0
Nkain4,244,6,0,6,34,12,3,12,7
Arfgap1,1099,91,28,11,60,31,30,11,20
Col20a1,43,7,2,2,3,7,3,3,0
Chrna4,3,0,0,0,0,0,0,0,0
Eef1a2,0,0,0,0,0,0,0,0,0
Ppdpf,1089,126,63,26,98,29,37,28,37
Ptk6,0,7,1,1,8,4,3,1,0
Srms,0,1,0,0,1,0,0,0,0
Helz2,209,175,52,7,88,37,39,8,12
Gmeb2,144,23,13,7,18,5,6,4,3
Stmn3,2,0,0,0,3,0,0,0,0
Rtel1,119,22,4,0,9,6,4,3,3
Arfrp1,640,90,34,7,67,26,25,17,20
Zgpat,204,12,5,1,12,3,8,7,5
Lime1,0,0,0,0,0,0,0,0,1
Zbtb46,14,7,3,1,9,5,2,3,0
Tpd52l2,1877,204,63,22,130,29,48,43,36
Dnajc5,1338,181,47,23,75,29,47,23,23
Uckl1,336,55,16,3,29,11,11,10,3
Uckl1os,4,0,0,0,1,0,0,1,0
Zfp512b,434,24,7,6,25,10,9,11,9
Prpf6,486,58,15,10,29,13,10,15,14
Samd10,6,1,0,0,0,1,0,0,0
Gm29797,1,1,0,0,1,1,0,0,0
Sox18,46,0,0,55,76,48,1,33,17
Tcea2,58,6,1,1,10,2,8,0,3
Rgs19,505,55,18,6,30,14,11,9,13
Pcmtd2,704,74,24,8,35,16,14,14,14
Polr3k,618,78,21,8,38,14,26,19,13
Nudt11,11,2,0,3,1,0,2,0,0
Nudt10,3,2,0,0,0,0,0,2,1
Shroom4,24,1,0,1,3,0,1,4,1
Dgkk,1,0,0,0,0,0,0,0,0
Clcn5,735,67,12,7,32,18,9,13,17
Usp27x,53,6,3,0,3,4,0,2,4
Ppp1r3f,22,3,0,0,2,1,2,1,1
Flicr,3,0,0,0,0,0,0,0,0
Foxp3,0,0,0,0,0,1,0,0,0
Ccdc22,343,39,16,7,13,5,8,10,8
Cacna1f,0,0,0,0,0,0,0,0,0
Syp,23,2,2,2,5,5,3,1,0
Gm14703,5,0,0,0,1,0,0,0,0
Prickle3,214,22,6,4,14,6,5,4,7
Plp2,1447,323,120,51,183,52,54,33,53
Magix,1,0,0,0,0,0,0,0,0
Gpkow,207,36,14,6,30,8,12,8,6
Wdr45,537,41,11,8,30,2,16,8,12
Praf2,1061,196,49,23,101,33,43,15,23
Ccdc120,25,5,1,0,2,0,2,1,1
Tfe3,633,124,36,17,65,16,35,20,15
Gripap1,420,61,23,4,43,16,17,9,7
Kcnd1,134,23,6,1,7,1,3,5,6
Otud5,603,64,22,10,47,14,21,12,18
Pim2,15,7,3,2,7,3,0,0,0
Slc35a2,647,74,30,17,77,24,32,16,15
Pqbp1,710,97,27,21,67,26,21,15,21
Timm17b,904,148,42,18,88,37,19,33,29
Pcsk1n,1,0,0,0,4,3,0,2,0
Eras,0,0,0,0,1,0,0,0,0
Hdac6,115,18,2,5,19,5,7,7,7
Gata1,0,0,0,0,0,0,0,0,0
Gm14820,0,0,1,0,0,0,0,0,0
Suv39h1,121,14,11,3,15,6,8,1,5
Was,2,1,2,1,0,2,0,1,1
Wdr13,314,60,25,8,56,14,12,13,14
Rbm3,20839,1823,592,283,902,300,326,332,357
Rbm3os,6,1,0,0,1,1,0,0,0
Tbc1d25,57,7,2,0,3,2,2,3,2
Ebp,1978,331,83,22,128,41,55,34,44
Porcn,264,25,13,1,9,4,8,6,3
Ftsj1,350,60,24,4,29,14,15,5,13
Slc38a5,6,2,0,0,0,0,0,0,0
B630019K06Rik,46,6,1,1,6,1,0,1,2
Lancl3,17,1,0,0,1,0,0,1,1
Xk,14,1,0,0,1,2,0,0,0
H2al1m,0,0,0,0,0,0,0,0,0
Cybb,2,2,5,0,2,1,1,1,3
Dynlt3,1739,210,59,37,109,45,55,20,34
Srpx,7427,785,197,61,405,156,337,79,110
Rpgr,34,6,0,0,2,1,1,1,3
Tspan7,229,10,3,5,17,9,5,10,5
Gm10489,4,0,0,0,0,0,0,0,0
Mid1ip1,1156,112,30,14,65,17,29,8,13
Bcor,477,56,15,10,30,23,13,9,8
Atp6ap2,2274,280,101,36,203,70,93,42,46
1810030O07Rik,534,81,26,10,46,15,36,10,17
Med14,434,42,18,8,34,15,18,13,14
Usp9x,2265,296,92,23,190,67,115,47,49
2010308F09Rik,3,1,0,1,0,0,0,0,0
Ddx3x,7270,1843,695,126,940,303,435,127,215
Nyx,5,2,0,0,0,0,0,0,0
Cask,631,55,14,11,48,21,23,13,12
Gpr34,0,0,0,0,0,0,0,0,0
Gpr82,1,0,0,0,0,0,0,0,0
Maoa,583,89,25,6,43,20,29,14,16
Maob,817,127,36,7,66,14,21,16,19
Ndp,13,0,0,5,11,8,12,9,3
Efhc2,14,0,0,0,3,0,0,0,2
Fundc1,602,69,19,4,51,16,15,20,17
Kdm6a,734,126,29,13,89,28,45,18,37
Gm26652,42,4,0,0,2,0,0,1,0
Chst7,59,14,3,2,12,4,10,1,0
Slc9a7,0,0,0,0,0,0,0,0,0
Rp2,354,31,10,4,25,8,6,3,5
Jade3,49,5,5,1,6,1,4,2,3
Ndufb11,4911,733,223,93,381,126,164,120,111
Rbm10,283,30,9,7,24,10,8,7,5
Uba1,1961,257,90,25,165,47,50,37,55
Cdk16,1570,157,48,25,80,37,42,19,33
Usp11,102,18,6,4,15,6,9,5,5
Araf,1009,88,25,13,69,27,29,17,34
Syn1,35,1,0,1,1,2,0,1,0
Timp1,39865,2369,445,193,1227,186,274,113,129
Cfp,32,10,13,4,4,5,3,1,2
Elk1,218,26,11,2,18,2,6,3,1
Uxt,471,67,24,6,26,17,14,7,8
Zfp182,199,14,2,1,6,7,3,2,7
Zfp300,43,8,0,1,2,0,5,2,2
Agtr2,34,0,0,0,2,1,1,0,0
Slc6a14,1,0,0,0,0,0,0,0,0
Klhl13,729,43,17,3,65,20,20,6,7
Wdr44,375,46,12,6,33,8,13,6,11
Gm26818,0,1,0,0,0,0,0,0,0
Dock11,464,52,9,1,47,5,17,7,9
Il13ra1,1880,280,94,11,132,37,58,35,37
Zcchc12,3,0,1,0,1,0,0,0,0
Lonrf3,68,48,18,3,16,9,7,3,1
Pgrmc1,4085,450,151,62,303,107,111,95,93
Akap17b,78,8,5,5,13,5,4,3,3
Slc25a43,2,1,0,0,0,0,0,0,0
Slc25a5,7348,1236,340,116,472,149,205,149,205
Mdrl,37,2,1,0,5,0,0,0,1
C330007P06Rik,710,82,30,3,27,13,14,9,6
Ube2a,990,161,60,40,106,39,33,27,41
Nkrf,92,25,3,3,0,9,2,2,3
Sept6,168,42,12,2,21,12,12,4,3
Rpl39,71409,14122,4289,1257,6804,2119,2472,1581,1927
Upf3b,754,55,27,12,48,13,25,6,20
Nkap,656,50,18,11,44,11,11,9,17
Akap14,0,0,0,0,0,0,0,0,0
Ndufa1,3659,640,209,102,451,130,164,107,110
Rnf113a1,57,4,2,0,7,0,0,2,2
Rhox8,0,0,0,0,0,0,0,0,0
Zbtb33,254,26,9,3,13,3,8,4,7
Tmem255a,30,1,1,2,6,4,10,4,3
Atp1b4,0,0,0,0,1,0,0,0,0
Lamp2,9730,1453,377,64,572,222,288,149,158
Gm7598,6,0,0,0,0,0,0,2,1
Cul4b,380,38,13,2,29,6,10,7,1
Mcts1,1450,165,65,20,89,32,42,17,36
C1galt1c1,467,72,16,6,42,16,16,9,10
Gm14565,1,0,0,0,0,0,0,1,0
Gria3,1023,23,5,3,21,24,12,8,12
Thoc2,1991,242,75,22,106,46,81,39,48
Xiap,1387,125,44,15,90,43,39,28,30
Stag2,1364,162,47,19,74,35,39,27,27
Sh2d1a,0,0,0,0,0,0,0,0,0
Dcaf12l2,1,0,0,0,0,0,1,0,1
Dcaf12l1,4,2,0,2,3,2,3,0,3
Smarca1,274,25,1,2,25,5,9,7,6
Ocrl,639,57,18,4,20,17,6,5,5
Apln,131,6,4,1,5,6,5,1,0
Xpnpep2,145,38,13,0,14,2,10,1,3
Sash3,0,0,0,2,0,0,2,0,0
Zdhhc9,750,65,20,7,27,11,7,5,10
Utp14a,524,83,33,17,48,21,22,17,17
9530027J09Rik,1,0,0,0,0,0,0,0,0
Bcorl1,206,41,11,5,35,10,11,8,4
Elf4,401,59,22,6,34,9,17,6,11
Aifm1,337,54,13,5,40,10,9,7,11
Rab33a,7,1,0,0,2,0,0,0,0
Zfp280c,178,17,8,1,21,4,2,6,5
Slc25a14,164,31,5,5,17,3,4,4,3
Rbmx2,207,22,6,0,17,9,7,2,0
Enox2,141,18,1,0,7,3,4,2,5
Igsf1,0,0,0,0,2,0,0,1,0
Olfr1322,4,3,1,1,0,0,2,0,3
Stk26,34,3,3,2,2,2,3,3,0
Rap2c,794,99,25,11,41,19,14,19,16
Mbnl3,16,0,0,1,1,0,0,0,0
Hs6st2,45,0,0,3,7,1,1,0,1
Gpc4,2226,82,52,9,53,26,33,14,22
Gpc3,4449,310,69,38,543,207,244,206,149
Phf6,262,44,14,11,15,12,12,13,11
Hprt,945,153,69,20,79,29,41,30,19
Gm28730,6,1,0,0,2,0,0,0,0
Plac1,3,0,0,0,0,0,0,0,0
Fam122b,66,6,4,2,4,2,1,0,5
Mospd1,659,77,18,2,31,17,12,13,9
Gm14597,0,0,1,0,0,0,0,0,0
Rtl8c,6,1,0,0,1,0,2,0,0
Rtl8a,666,103,29,27,101,34,39,22,25
Rtl8b,449,56,12,14,53,19,12,10,15
4930502E18Rik,6,1,0,0,0,0,0,0,0
Xlr,42,2,3,0,0,2,0,2,1
3830403N18Rik,39,5,0,0,3,0,2,0,0
Zfp449,172,11,2,2,7,4,2,4,1
Smim10l2a,4,0,0,0,0,0,1,1,0
Ints6l,362,66,18,4,23,34,20,11,23
Gm648,2,0,0,0,0,0,0,0,0
Mmgt1,460,51,18,6,18,13,10,10,13
Slc9a6,524,46,14,3,23,10,11,11,14
Fhl1,1554,84,26,6,97,23,32,20,28
Map7d3,35,9,0,2,3,1,3,0,0
Htatsf1,857,85,21,10,55,16,22,16,19
Gm14718,0,0,0,0,0,0,0,0,0
Cd40lg,0,0,0,0,0,0,0,0,0
Arhgef6,314,26,11,2,13,13,12,6,6
Rbmx,577,86,22,16,40,13,12,17,17
Zic3,6,3,2,2,2,0,2,2,4
Fgf13,102,8,6,0,12,4,6,1,3
F9,0,0,0,0,0,0,0,0,0
Atp11c,462,58,15,7,34,21,10,9,7
C230004F18Rik,2,1,0,0,2,1,0,0,0
Slitrk4,0,0,0,0,0,0,0,0,0
Slitrk2,6,0,0,0,0,2,0,1,2
Fmr1os,2,0,0,0,0,0,0,0,0
Fmr1,1120,178,57,17,86,46,60,30,34
Fmr1nb,4,4,1,0,0,0,0,0,0
Gm14698,24,8,6,1,4,2,10,4,6
Aff2,33,18,4,1,0,3,2,0,3
Ids,596,86,26,5,28,19,32,9,8
1110012L19Rik,588,51,16,4,28,5,20,10,9
Tmem185a,384,37,16,5,21,10,7,12,7
Mamld1,241,18,5,1,13,6,5,1,2
Mtm1,283,15,10,1,13,10,8,7,10
Mtmr1,370,41,5,6,17,11,17,6,10
Cd99l2,624,70,30,6,42,19,29,9,17
Hmgb3,250,34,13,17,34,27,7,1,9
Gpr50,0,0,0,0,0,0,0,0,0
Vma21,1225,189,62,18,100,33,27,18,18
Gm1141,8,1,0,0,0,0,0,0,0
Prrg3,634,87,29,4,33,7,9,5,8
Gabre,55,22,3,2,10,0,3,11,3
Gabra3,119,44,10,0,51,6,16,6,3
Cetn2,685,136,40,21,82,26,35,24,18
Nsdhl,202,22,12,7,16,5,7,8,0
Zfp185,23,1,0,0,3,8,3,1,0
Xlr4a,3,5,0,0,1,1,0,0,0
Xlr3a,0,0,0,0,0,0,0,0,0
Xlr3b,22,3,5,1,6,3,2,1,0
Xlr4b,1,3,1,0,2,0,0,0,0
F8a,193,10,7,2,4,3,4,2,3
Xlr4c,0,0,0,0,0,0,0,0,0
Xlr3c,4,0,0,0,0,0,0,0,0
Zfp275,411,40,12,5,14,15,13,6,7
Trex2,0,0,1,0,0,0,0,0,0
Haus7,243,47,20,6,26,9,5,8,10
Bgn,59756,3600,1015,634,3651,1720,1880,522,781
Atp2b3,1,0,1,0,0,0,1,0,0
Dusp9,5,0,5,2,2,0,0,1,0
Pnck,12,1,0,0,4,3,0,0,0
Slc6a8,1250,285,92,10,99,39,34,9,29
Bcap31,3493,550,172,53,301,90,120,81,93
Abcd1,221,24,10,3,14,9,10,1,4
Plxnb3,11,0,0,2,0,6,1,2,0
Srpk3,2,0,2,1,0,2,0,1,0
Idh3g,1360,163,57,20,81,24,35,33,25
Ssr4,11679,1549,389,126,720,231,225,186,222
Pdzd4,159,9,6,1,13,3,6,3,4
L1cam,41,3,0,8,8,32,9,3,1
Arhgap4,7,4,1,0,0,0,0,0,0
Naa10,939,184,68,29,76,15,23,22,33
Renbp,562,80,24,3,53,19,12,9,11
Hcfc1,560,73,27,15,52,18,15,22,26
Irak1,1351,215,57,20,86,46,39,28,37
Mecp2,749,128,28,9,48,15,38,14,30
Tktl1,0,0,0,0,0,0,0,0,1
Flna,3720,359,96,84,262,105,80,69,67
Emd,836,154,52,32,101,29,28,31,35
Rpl10,30858,7204,2087,459,2745,870,1063,649,767
Dnase1l1,218,29,13,4,14,8,5,6,4
Taz,538,60,16,14,38,18,25,16,8
Atp6ap1,3063,390,147,28,189,80,93,53,54
Gdi1,748,69,20,21,67,23,20,23,14
Fam50a,805,90,35,11,55,18,17,11,15
Plxna3,106,6,1,1,12,3,11,5,8
Lage3,1019,124,42,19,79,26,38,21,31
Ubl4a,924,154,40,6,75,18,23,15,19
Slc10a3,155,20,8,2,11,2,7,3,3
Fam3a,702,69,22,9,43,16,27,11,17
Ikbkg,460,34,13,2,6,12,4,3,3
G6pdx,368,86,17,5,26,2,13,9,7
Gab3,35,4,0,0,2,1,3,1,0
Dkc1,604,83,22,8,43,21,9,12,8
Mpp1,494,93,19,4,39,5,18,16,20
F8,17,2,1,0,1,0,2,0,0
Fundc2,3050,459,144,57,255,86,99,59,82
Cmc4,184,26,8,6,21,14,8,7,4
Mtcp1,41,6,1,2,10,2,1,4,4
Brcc3,452,56,18,7,37,11,4,13,15
Vbp1,1013,135,46,29,73,24,30,26,27
Rab39b,7,2,1,6,5,4,4,3,2
Gm15063,15,2,0,2,3,3,1,1,0
Pls3,2423,312,89,25,143,86,63,39,52
Tbl1x,1844,166,49,12,98,43,53,21,33
Prkx,360,142,43,11,59,12,33,15,14
Prrg1,258,38,22,1,24,9,11,4,11
Mageb16,3,0,0,0,0,1,0,0,0
Gm26775,4,0,0,0,0,0,1,1,1
Tmem47,1650,155,47,19,72,49,63,27,29
Dmd,413,20,10,6,37,39,18,20,10
Tab3,128,16,7,1,7,0,4,2,2
Gk,82,8,4,1,10,7,7,3,4
Gm14762,4,0,0,0,0,0,0,0,0
5430427O19Rik,2,0,0,0,0,1,0,0,0
Il1rapl1,2,0,0,0,1,3,2,1,0
Pola1,153,29,11,6,11,3,7,5,4
Pcyt1b,7,0,0,1,1,0,0,0,1
Pdk3,244,33,6,5,30,8,7,10,7
Zfx,766,87,18,8,53,22,27,17,21
Eif2s3x,1551,201,64,16,97,37,47,24,27
Klhl15,195,35,9,10,26,10,7,9,8
Apoo,283,47,10,11,19,12,11,9,6
Gm14827,0,0,1,0,2,0,0,0,0
Maged1,5396,581,135,77,453,147,177,101,104
Gspt2,104,17,3,2,12,1,4,4,4
Zxdb,178,25,12,6,10,6,11,8,5
Gm39526,2,2,0,0,1,1,1,0,0
Gm26617,2,1,0,0,1,0,0,0,1
Spin4,176,13,1,2,7,9,7,1,3
Arhgef9,87,8,3,4,15,9,4,8,7
Amer1,263,25,6,7,30,8,13,7,8
Zc4h2,111,10,3,0,2,4,5,1,1
Zc3h12b,71,11,3,0,13,3,4,1,0
Las1l,521,54,23,8,34,13,10,13,18
Msn,4105,632,191,67,312,113,111,94,96
F630028O10Rik,0,2,0,0,0,0,0,0,0
Vsig4,0,0,0,0,0,0,0,0,0
Heph,56,6,1,4,8,6,18,8,4
Gpr165,2,0,0,0,0,4,1,0,0
Eda2r,60,22,13,0,8,2,4,0,1
Ar,4923,633,133,22,272,86,123,60,76
Ophn1,791,54,23,10,40,11,17,10,14
Yipf6,659,49,21,6,20,10,8,16,12
Stard8,72,3,4,0,6,3,4,2,1
Efnb1,385,48,11,9,78,41,27,20,23
Gm14812,2,0,0,0,1,0,0,0,0
Pja1,943,114,27,30,75,29,46,41,36
Tmem28,0,2,0,0,6,0,0,1,0
Eda,162,9,4,1,13,7,6,4,3
Awat2,4,2,0,0,0,0,0,0,0
Igbp1,1190,130,38,22,74,26,27,14,19
Pdzd11,794,107,29,12,62,21,21,11,17
Kif4,29,1,2,0,0,2,3,0,0
Gdpd2,3,0,0,0,0,0,0,0,1
Dlg3,216,13,5,1,13,8,8,10,7
Tex11,19,2,0,0,1,0,0,0,0
Slc7a3,9,2,0,0,0,0,0,0,0
Snx12,749,75,31,7,39,18,25,10,13
Foxo4,223,30,12,6,10,7,11,3,5
Gm614,0,0,1,0,0,0,0,0,0
Il2rg,9,0,2,1,6,0,0,1,1
Med12,412,54,18,4,40,17,18,14,11
Nlgn3,71,3,1,4,13,15,6,3,4
Gjb1,0,0,0,0,0,1,0,0,0
Zmym3,173,20,7,3,14,7,5,5,3
Nono,2591,254,96,31,168,78,66,46,70
Itgb1bp2,5,0,0,0,0,0,0,0,0
Taf1,729,112,31,15,61,23,29,19,15
Ogt,3178,190,52,29,141,69,54,40,49
Cxcr3,0,0,1,0,0,0,1,0,0
Gm4779,3,0,0,0,1,0,0,0,0
Nhsl2,464,41,15,3,17,16,17,9,6
Rtl5,32,7,1,0,3,1,1,1,0
Pin4,1027,196,53,19,101,33,28,41,30
Ercc6l,28,1,2,1,1,2,0,0,1
Rps4x,74217,10244,2852,805,4754,1450,1873,1355,1620
Cited1,11,3,0,0,2,0,1,3,2
Hdac8,150,22,3,2,12,4,3,4,10
Phka1,234,26,6,3,12,4,11,4,6
Nap1l2,2,0,0,0,2,1,0,0,0
Chic1,144,10,3,2,5,3,5,4,3
Tsx,0,0,0,0,1,2,0,0,1
Tsix,99,27,19,2,15,15,15,6,5
Xist,12907,907,425,204,1305,645,571,233,331
Jpx,70,4,1,0,7,0,1,1,1
Ftx,40,5,0,3,7,1,2,3,4
Slc16a2,857,120,26,23,94,56,47,36,22
Rlim,868,203,44,25,78,39,42,28,42
Nexmif,20,1,1,0,4,0,1,3,0
Abcb7,209,30,11,1,9,10,13,3,8
Uprt,38,3,0,0,3,0,0,1,2
Zdhhc15,51,5,2,3,2,2,4,0,1
Magee2,0,0,0,0,0,0,0,0,0
Pbdc1,959,182,51,26,97,38,31,16,24
Magee1,243,34,10,0,16,5,5,10,2
Fgf16,28,6,0,1,2,4,0,1,3
Atrx,3760,347,107,51,209,102,115,91,91
Magt1,1606,211,81,20,96,55,42,32,21
Cox7b,5633,937,237,95,438,149,167,126,146
Atp7a,418,47,17,4,29,15,19,11,6
Tlr13,0,1,0,0,1,0,0,2,0
Pgk1,3963,477,124,67,296,67,71,49,53
Taf9b,110,19,6,2,10,0,5,2,0
Fndc3c1,0,0,0,0,0,0,0,0,0
Cysltr1,1,0,2,0,0,0,0,0,2
Gm5127,1,0,0,0,0,0,0,0,3
Rtl3,81,16,3,0,13,0,3,2,3
Lpar4,512,77,22,2,42,23,21,9,18
P2ry10,4,1,0,0,2,1,1,1,0
P2ry10b,237,17,2,0,6,2,3,1,2
Gpr174,0,1,0,0,1,0,0,1,0
Itm2a,3978,164,37,32,415,193,253,59,100
2610002M06Rik,495,53,19,10,23,18,13,4,8
Brwd3,270,54,20,14,32,15,20,22,11
Hmgn5,365,73,42,23,66,25,12,35,27
Sh3bgrl,2174,317,109,27,169,80,65,35,45
Gm6377,5,0,0,0,0,0,0,1,0
Pou3f4,3,0,0,0,1,0,0,0,0
Rps6ka6,2,0,0,0,0,0,0,1,0
Hdx,46,16,5,1,11,0,3,4,4
Apool,503,54,14,9,36,9,17,6,9
Zfp711,9,1,0,3,1,0,0,1,2
Pof1b,0,0,0,0,0,0,0,0,0
Chm,472,51,17,5,23,12,8,4,9
Dach2,0,0,0,0,0,0,0,0,0
Klhl4,1,0,0,0,0,0,0,1,0
Pabpc5,7,0,0,0,0,1,0,0,0
Pcdh11x,2,0,1,1,6,3,3,5,1
Nap1l3,3,0,0,3,0,0,2,0,0
Cldn34c1,99,13,1,1,5,5,4,2,2
Diaph2,1282,159,33,6,63,27,27,19,14
Pcdh19,539,116,35,7,58,20,35,12,13
Tnmd,799,84,33,19,156,66,103,34,24
Tspan6,460,88,21,10,48,19,16,11,9
Srpx2,1168,242,67,21,119,74,79,27,27
Sytl4,83,9,3,1,7,3,2,0,0
Cstf2,216,20,11,5,16,2,8,5,6
Nox1,1,0,0,0,0,0,0,0,0
Xkrx,5,1,0,0,0,0,0,1,0
Trmt2b,224,22,7,5,11,6,9,2,2
Tmem35a,15,1,0,1,4,0,2,6,2
Cenpi,32,3,4,2,1,4,0,1,0
Drp2,81,2,2,0,7,0,5,0,4
Timm8a1,743,126,35,12,40,18,17,12,22
Btk,1,1,3,0,0,0,0,0,0
Rpl36a,24414,5276,1587,420,2206,708,857,488,691
Gla,164,113,32,8,44,16,15,14,7
Hnrnph2,1460,196,64,19,120,30,43,32,25
Armcx4,300,16,2,3,26,5,7,2,5
Armcx1,485,55,17,4,46,17,20,8,13
Armcx6,95,11,4,5,20,9,6,7,8
Armcx3,1551,202,66,32,138,50,65,40,33
Armcx2,499,75,28,20,85,23,27,14,19
Nxf2,3,0,0,1,1,0,1,0,0
Zmat1,80,14,1,0,9,7,2,3,2
Tmsb15a,0,0,0,0,0,0,0,0,0
Gprasp1,236,45,9,5,38,12,14,11,10
Armcx5,183,19,7,3,8,5,4,6,6
Bhlhb9,147,22,6,2,7,12,7,10,0
Gprasp2,9,1,0,1,7,3,5,5,2
Arxes2,46,5,1,0,8,6,1,0,2
Arxes1,16,0,0,0,1,1,2,1,1
Bex2,1,2,0,1,1,1,3,3,5
Bex4,0,0,0,0,2,0,0,0,0
Tceal8,3333,492,126,69,293,92,99,65,89
Tceal5,49,5,0,1,4,4,4,2,3
Bex1,0,0,0,6,6,0,0,1,5
Tceal7,0,0,0,0,0,0,0,0,0
Tceal9,6293,973,256,145,706,220,290,155,235
Bex3,685,111,40,38,136,43,48,43,59
Kir3dl2,0,0,0,0,0,0,0,0,0
Kir3dl1,0,0,0,0,0,0,0,0,0
Tceal3,32,4,0,1,6,6,8,4,13
Tceal1,245,41,9,11,23,5,9,5,10
Morf4l2,4891,791,235,103,461,172,224,105,124
Plp1,306,1,26,35,9,151,16,26,10
Tmsb15l,0,0,0,0,0,0,0,0,1
Tmsb15b2,0,0,0,0,0,0,0,0,0
Tmsb15b1,17,2,0,1,3,2,0,2,1
Slc25a53,115,7,1,2,7,0,0,2,5
Zcchc18,12,2,1,6,13,4,8,12,3
Fam199x,302,20,11,4,10,3,6,4,3
Nrk,20,1,0,2,4,0,7,5,1
Mum1l1,26,10,3,2,15,1,16,6,4
Trap1a,0,0,0,0,0,0,0,0,0
D330045A20Rik,1,0,0,0,1,0,0,0,0
Rnf128,15,0,1,0,0,0,1,0,1
Tbc1d8b,482,70,19,6,29,12,13,3,5
Gm15013,47,13,9,1,5,0,1,3,3
Cldn2,1,1,0,0,0,0,0,0,1
Morc4,244,42,14,8,25,10,7,10,7
Rbm41,89,10,4,0,7,2,2,2,2
Nup62cl,2,0,0,0,0,0,0,0,1
Frmpd3,3,0,0,1,1,1,6,0,0
Prps1,410,51,31,8,42,8,15,10,11
Tsc22d3,6254,602,267,53,328,137,195,73,87
Mid2,254,15,7,7,3,7,8,1,5
Psmd10,528,78,17,6,27,8,9,9,8
Atg4a,242,33,11,6,21,4,7,6,3
Col4a6,5,0,0,0,0,1,1,0,0
Col4a5,121,15,5,1,15,4,4,3,3
Gm15298,3,1,0,0,0,0,1,0,0
Gucy2f,0,0,0,0,1,0,0,0,0
Nxt2,224,28,20,1,10,7,9,8,3
Kcne1l,5,0,1,1,1,0,2,1,2
Acsl4,1157,136,48,10,57,25,14,6,20
Tmem164,301,45,9,5,16,7,6,10,5
Ammecr1,747,84,31,14,54,16,24,24,18
Rtl9,2,0,0,0,0,1,0,0,0
Chrdl1,142,146,36,2,98,4,46,7,5
Pak3,173,3,0,3,11,4,6,3,9
Capn6,338,16,7,4,22,22,9,2,1
Dcx,0,0,0,0,0,0,0,0,0
Alg13,217,24,13,3,19,6,5,7,4
Lhfpl1,0,0,0,0,0,1,0,0,0
Amot,142,26,3,2,12,4,11,4,2
Il13ra2,325,7,3,0,0,4,0,0,0
Lrch2,221,10,4,3,16,8,3,2,1
Tmem29,536,60,18,9,42,11,13,13,12
Apex2,136,19,6,1,10,0,7,4,1
Alas2,1,2,2,0,1,2,5,0,3
Pfkfb1,5,4,0,1,0,0,1,0,0
Tro,5,2,0,1,6,2,2,6,0
Maged2,1745,228,42,26,159,97,82,40,52
Gnl3l,335,40,20,8,16,10,7,3,6
Fgd1,193,24,4,7,23,5,7,7,4
Tsr2,413,43,16,7,30,9,12,10,15
Wnk3,20,0,0,0,3,1,2,3,2
A230072E10Rik,3,0,0,0,0,0,0,0,0
Fam120c,52,6,0,0,3,3,1,2,6
Phf8,422,62,8,5,47,15,13,16,4
Huwe1,1923,332,110,26,193,59,95,56,56
Hsd17b10,1973,245,70,31,152,49,61,43,66
Ribc1,11,2,0,0,2,0,0,2,1
Smc1a,1509,222,71,22,140,70,79,38,36
Iqsec2,396,41,12,3,36,9,15,4,10
Kdm5c,649,78,32,14,69,26,43,18,17
Kantr,97,10,0,0,7,2,1,4,2
Tspyl2,296,41,10,8,36,6,19,13,2
Gpr173,140,14,2,0,8,5,6,1,2
Shroom2,33,3,1,1,0,3,2,1,0
Gpr143,0,0,0,0,0,0,0,0,0
Usp51,2,0,0,0,0,0,0,0,1
Mageh1,802,87,20,7,78,25,24,8,18
Rragb,4,0,0,1,0,0,0,3,1
Klf8,5,1,0,0,0,3,3,3,1
Ubqln2,786,110,35,15,51,20,27,21,15
Kctd12b,459,15,11,1,12,3,7,3,3
Gm45022,3,1,0,0,0,0,0,0,0
Nbdy,890,97,33,21,99,42,45,45,43
Spin2c,28,4,0,0,6,0,1,1,0
Sat1,8333,1329,398,58,734,157,244,155,169
Acot9,1370,158,49,16,64,26,30,14,14
Prdx4,5082,493,122,79,327,118,142,64,79
Ptchd1,0,0,0,0,0,0,0,0,0
Phex,26,0,0,0,0,0,0,0,1
Sms,334,34,18,32,73,23,9,15,12
Mbtps2,311,32,7,0,12,9,6,5,5
Smpx,0,0,0,0,0,0,0,0,0
Cnksr2,7,0,0,2,2,5,2,1,1
Rps6ka3,1315,213,68,11,110,24,53,23,24
Eif1ax,2767,329,113,56,214,78,60,53,75
Map7d2,4,0,0,2,1,0,0,1,0
Bclaf3,201,33,8,15,22,6,9,6,2
Sh3kbp1,1192,123,34,9,49,29,42,26,27
Map3k15,5,2,0,0,1,0,0,0,0
Pdha1,2417,294,91,30,131,55,62,39,49
Adgrg2,248,36,7,3,23,6,6,4,8
Phka2,436,24,5,2,13,9,6,5,4
Cdkl5,54,4,7,1,5,5,0,2,5
Gja6,2,0,0,0,0,0,1,0,0
Scml2,41,5,0,2,2,1,0,0,1
Rai2,156,28,11,6,9,6,7,6,3
Nhs,92,13,3,1,6,7,1,4,4
Reps2,259,42,17,3,29,6,16,5,7
Rbbp7,1989,365,96,46,194,58,102,55,57
Txlng,257,43,10,6,30,10,19,9,10
Syap1,492,88,38,20,59,26,35,27,26
Ctps2,599,79,18,8,49,16,16,4,9
S100g,6,2,0,0,4,0,2,1,0
Rnf138rt1,1,1,0,0,2,0,0,0,1
Ap1s2,700,74,29,14,68,19,14,8,20
Zrsr2,730,150,45,25,100,29,37,32,29
Car5b,249,43,12,2,14,1,7,2,8
Siah1b,76,8,4,1,5,7,4,1,2
Ace2,0,0,1,1,0,0,0,0,0
Bmx,0,0,0,0,0,0,0,0,0
Pir,321,61,20,2,22,8,10,8,9
Vegfd,1162,440,101,5,157,34,48,28,23
Piga,148,41,16,4,24,8,4,9,6
Asb11,4,1,0,0,3,0,0,0,0
Mospd2,386,44,17,7,26,10,11,15,16
Fancb,26,1,1,1,5,1,1,0,1
Gemin8,157,27,4,2,4,3,2,2,8
Gpm6b,5571,573,152,65,237,235,264,83,58
Ofd1,204,21,4,1,5,4,7,1,5
Trappc2,324,35,13,4,22,6,10,8,4
Rab9,1476,192,39,25,103,39,40,32,40
Tceanc,79,3,1,1,3,1,3,1,1
Egfl6,37,1,1,1,8,2,3,0,0
Gm8817,0,0,0,0,0,0,0,0,0
Gm15232,1,0,0,0,0,0,0,0,0
Tmsb4x,62392,5982,2524,2027,5144,2003,1908,1119,1238
Tlr8,0,0,0,0,0,0,0,0,1
Tlr7,0,1,1,0,1,0,0,0,0
Prps2,222,26,13,2,12,5,7,3,4
Frmpd4,1,0,0,0,3,1,1,0,0
Msl3,625,89,25,8,47,21,16,15,14
Arhgap6,537,55,23,3,28,11,19,6,11
Gm15261,100,16,5,0,6,4,5,1,1
Hccs,380,59,18,6,36,11,15,6,14
Mid1,488,246,94,34,73,58,45,45,39
Gm15726,2,131,34,1,25,25,5,1,0
Gm15247,17,99,22,1,45,21,6,0,1
Gm21887,36,37,14,5,35,3,4,8,8
Gm17308,3,0,0,0,0,0,0,0,0
2700069I18Rik,16,4,1,0,1,0,1,1,0
Zfhx4,634,287,70,5,142,54,56,32,40
Pex2,665,82,31,3,58,19,19,12,14
Gm8797,131,36,15,2,22,6,14,12,11
Pkia,334,27,17,2,18,10,11,9,5
Zc2hc1a,558,67,20,5,24,3,9,4,17
Il7,116,9,0,1,4,2,3,0,2
Gm16685,221,17,5,1,4,2,1,1,1
Stmn2,950,70,25,17,66,33,7,3,18
Hey1,87,7,0,4,30,9,5,13,6
Mrps28,1432,215,56,26,108,29,53,46,42
Tpd52,222,30,17,8,22,12,12,9,13
Zbtb10,352,107,28,14,72,39,54,13,28
C030034L19Rik,0,1,0,0,0,0,0,0,0
Zfp704,1008,75,21,10,32,28,28,20,13
Pag1,207,19,2,4,15,5,6,5,1
Fabp5,1055,46,47,68,127,79,20,30,40
Gm38335,0,0,0,0,0,0,0,2,1
Gm9833,4,1,0,0,1,0,1,0,1
Fabp4,1547,80,12,1,190,4,8,34,32
Fabp12,0,0,0,0,0,0,0,0,0
Impa1,620,77,33,18,48,17,25,14,13
Zfand1,250,29,12,5,15,5,5,4,11
Chmp4c,207,30,8,1,3,4,5,2,4
Snx16,310,52,26,6,30,26,13,14,12
Lrrcc1,386,28,14,5,30,15,12,7,5
E2f5,291,29,13,9,30,13,22,9,16
1810022K09Rik,1903,277,70,48,199,63,59,49,45
Car13,269,58,13,5,20,6,8,4,8
Car3,198,0,0,0,106,0,0,0,2
Car2,0,0,0,0,0,0,0,0,1
A930001A20Rik,0,0,0,0,0,0,0,0,0
Gm9733,0,0,1,0,0,0,0,0,0
Sirpb1a,0,0,1,0,0,0,0,0,0
Sirpb1b,0,1,1,0,0,2,0,0,0
Sirpb1c,0,1,2,0,0,0,0,0,0
Gm5150,0,1,0,0,0,0,0,0,1
Ythdf3,921,130,51,13,93,29,30,25,27
Bhlhe22,315,28,11,1,13,6,12,1,3
Cyp7b1,1651,343,70,4,38,18,28,11,17
Armc1,887,112,33,8,36,32,18,17,18
Mtfr1,261,29,11,7,27,8,6,14,13
Pde7a,322,43,12,6,26,10,12,13,2
1700064H15Rik,3,0,0,0,0,0,0,0,0
Trim55,0,0,0,0,0,0,0,0,0
4632415L05Rik,177,11,7,1,8,2,2,7,6
Cp,1075,493,134,9,159,64,138,70,44
Hps3,188,16,7,3,9,6,0,4,1
Hltf,485,43,11,3,26,15,16,13,11
Gyg,613,67,15,8,26,15,23,7,12
Cpa3,16,0,0,0,0,0,0,0,0
Cpb1,13,2,0,0,1,0,0,0,0
Gm43674,1,1,0,0,0,0,0,1,0
Gm43672,33,4,5,4,8,3,11,4,2
Tbl1xr1,719,84,24,12,65,25,25,25,16
Naaladl2,507,48,17,0,24,8,18,5,6
Nlgn1,28,0,0,0,2,0,3,0,2
Ect2,48,0,3,5,7,14,3,0,0
Nceh1,1346,150,38,8,44,17,16,12,15
Tnfsf10,4,1,1,1,0,0,0,1,1
Fndc3b,6712,766,190,37,338,166,190,68,91
Tmem212,19,2,1,0,0,0,0,0,0
Pld1,867,114,21,2,40,11,15,9,22
Tnik,366,34,9,5,15,18,11,18,10
Slc2a2,2,0,0,0,0,0,0,0,0
1700112D23Rik,5,2,0,0,0,0,1,0,0
Eif5a2,162,12,2,4,8,5,4,3,2
Gm32950,0,1,0,0,0,0,0,0,0
Rpl22l1,21264,3359,843,280,1641,458,546,351,420
Egfem1,4,0,0,0,0,3,0,0,2
Mecom,15,3,1,0,2,0,0,1,1
Actrt3,1,0,0,0,0,0,0,0,0
Mynn,269,29,11,5,32,9,11,8,12
Lrrc34,1,0,0,0,0,0,0,0,0
Lrrc31,0,0,0,0,0,0,0,0,0
4933429H19Rik,10,2,0,0,1,0,1,0,0
Sec62,6482,959,277,116,567,211,246,138,154
Gpr160,1,0,0,0,0,0,0,0,0
Phc3,1002,68,29,5,48,23,19,13,23
Prkci,493,55,22,9,35,19,19,13,15
Skil,1041,418,110,57,214,111,130,64,50
Cldn11,3,2,0,0,1,1,0,2,1
Slc7a14,4,7,3,0,3,1,1,0,3
Gm38025,8,1,1,0,0,0,0,1,0
Zmat3,500,56,21,5,29,13,10,6,16
Pik3ca,1020,123,41,20,59,29,38,17,29
Zfp639,607,71,28,3,47,14,30,7,15
Mfn1,512,63,17,4,30,14,13,11,7
Gnb4,1654,160,38,15,79,44,38,15,23
Actl6a,748,80,21,17,69,28,25,24,32
Mrpl47,237,26,10,4,9,4,4,1,2
Ndufb5,4572,553,198,67,345,111,133,90,90
Usp13,70,10,1,0,8,6,3,2,2
Gm37459,0,1,1,0,0,1,0,1,0
Pex5l,29,1,6,0,0,9,2,1,1
Gm43666,3,0,0,0,0,0,0,1,0
Ttc14,1333,129,35,20,98,27,32,32,27
Ccdc39,41,4,2,0,3,3,2,1,0
Gm43140,0,0,0,0,0,0,0,0,0
Fxr1,1397,214,88,27,141,51,51,38,48
Dnajc19,1465,202,59,28,105,57,50,44,47
Sox2,12,0,12,4,14,31,12,11,22
Gm21388,1,1,0,0,0,0,0,0,0
Atp11b,751,133,31,25,79,27,41,25,26
Dcun1d1,636,112,39,16,68,24,24,19,28
Gm15952,57,11,1,0,3,2,0,1,1
Mccc1,332,40,15,6,17,7,9,10,13
Mccc1os,5,0,0,0,1,0,0,0,0
Acad9,230,30,11,6,20,7,7,3,5
D3Ertd254e,274,29,7,1,20,5,7,8,5
Anxa5,20107,2339,656,249,1453,498,519,263,411
1810062G17Rik,105,4,6,0,4,2,2,3,3
Exosc9,394,44,17,2,26,13,8,4,4
Ccna2,130,10,11,4,5,19,9,0,0
Bbs7,146,21,9,0,13,0,8,2,4
Trpc3,1,0,0,0,3,0,2,1,4
4932438A13Rik,1173,151,54,11,114,45,47,37,39
Adad1,0,0,0,0,0,0,0,1,0
Il2,26,3,4,2,2,1,9,0,4
Cetn4,128,19,7,2,10,4,6,6,3
Bbs12,28,4,3,0,0,0,1,0,0
Fgf2os,1,2,0,0,1,0,0,1,0
Fgf2,545,51,20,2,39,8,15,4,8
Nudt6,79,8,2,1,8,3,4,1,2
Spata5,154,25,8,5,21,4,6,11,2
Spry1,2064,138,105,30,117,35,53,24,39
Gm5148,5,0,0,0,0,0,0,0,0
Gm42921,0,0,0,0,0,0,0,0,0
Gm20755,3,0,0,0,1,2,0,0,0
Ankrd50,446,47,12,7,42,21,21,6,12
Fat4,246,20,7,5,25,14,9,9,14
Intu,48,7,1,3,2,1,3,1,3
Slc25a31,11,1,0,0,0,1,0,0,0
Hspa4l,429,80,21,13,62,34,20,16,13
Plk4,182,32,7,6,14,12,11,9,34
Mfsd8,258,13,8,3,14,13,7,3,8
Abhd18,274,14,6,1,9,5,5,2,9
Larp1b,314,104,20,9,45,17,23,13,10
Pgrmc2,1179,171,39,13,67,20,30,22,14
Gm16508,5,0,0,0,0,0,0,0,1
Jade1,656,67,20,1,27,8,11,11,23
Sclt1,306,52,7,4,28,7,9,12,13
D3Ertd751e,68,5,2,1,4,0,2,0,2
Pcdh10,71,30,10,8,12,6,6,1,1
Pabpc4l,84,4,3,2,11,5,5,2,4
Pcdh18,1156,86,33,11,40,12,30,16,12
Slc7a11,82,39,8,2,10,6,6,2,2
Gm37854,1,1,0,0,0,0,0,0,1
Gm38246,0,5,0,0,0,0,0,0,0
Noct,524,328,116,21,169,91,64,40,52
Elf2,1079,188,52,28,118,51,65,29,41
Mgarp,48,17,1,1,6,1,3,2,2
Ndufc1,2992,580,164,61,331,116,106,53,69
Naa15,1126,215,68,27,110,30,57,27,33
Rab33b,392,55,14,10,29,8,10,5,12
Setd7,1564,171,57,6,73,31,38,21,24
Mgst2,19,1,0,1,0,0,0,0,0
Maml3,418,34,8,6,15,8,7,7,2
Gm30074,16,3,1,1,1,0,0,0,0
Gm37170,7,1,0,0,5,0,0,0,0
Foxo1,1574,168,57,18,79,46,46,23,28
Gm20402,1,1,0,0,0,0,0,0,0
Gm30173,4,0,0,0,0,1,0,0,0
Gm2447,6,1,0,0,0,0,0,0,0
Gm20750,1,1,0,0,1,0,0,0,0
Cog6,395,39,13,4,28,8,11,6,4
Gm42901,9,1,0,0,2,0,0,0,0
Lhfp,5494,645,217,29,267,127,183,56,91
Gm43803,2,0,0,0,0,0,0,0,0
Nhlrc3,209,29,6,1,15,5,5,3,5
Proser1,302,31,17,2,15,4,8,2,6
Stoml3,1,0,1,0,1,0,0,0,0
Frem2,1,0,0,0,0,0,0,0,0
Ufm1,1984,309,96,36,164,63,46,44,39
Postn,29745,352,117,523,1484,1481,804,235,270
Supt20,763,72,20,10,60,24,19,16,14
Exosc8,729,100,34,8,43,16,21,10,21
Alg5,1690,201,44,24,113,42,41,22,28
Smad9,17,2,0,0,0,1,0,1,0
Rfxap,473,61,20,15,56,13,22,17,23
Spg20,713,49,18,3,47,16,16,14,10
Ccdc169,4,1,0,0,0,0,0,0,0
Dclk1,4756,556,142,56,251,99,148,73,71
Gm42609,3,0,0,0,1,0,0,0,0
Gm43549,1,2,0,0,0,0,1,0,0
Nbea,837,103,21,5,49,22,18,20,11
Mab21l1,194,1,1,0,1,0,0,0,0
Tm4sf1,6013,443,98,18,171,82,30,42,40
Tm4sf4,0,0,1,0,0,0,0,0,0
Wwtr1,2859,331,96,48,238,127,147,73,65
Commd2,1114,117,51,8,70,19,30,14,21
Rnf13,2011,186,70,23,122,52,50,43,26
Pfn2,791,83,20,17,120,44,35,58,71
Tsc22d2,1332,541,141,33,300,157,149,38,48
Serp1,4635,754,235,62,361,141,146,89,110
Eif2a,1346,191,61,17,87,28,50,21,31
Selenot,1844,277,66,24,93,44,56,22,33
Erich6,0,1,0,0,0,0,0,0,2
Siah2,218,162,43,18,74,26,23,18,15
Gm43570,2,0,0,0,0,0,0,0,0
Med12l,20,4,2,0,2,1,2,2,1
Gpr171,2,0,0,0,0,0,2,0,0
P2ry14,17,4,0,1,16,9,2,1,6
Gpr87,0,0,0,0,0,0,0,0,0
P2ry13,1,0,0,0,0,0,0,0,0
P2ry12,1,0,0,1,0,0,1,0,0
Igsf10,2390,226,67,32,138,88,92,28,27
Gm38186,11,1,2,0,1,3,3,1,1
Aadac,1,0,0,0,0,0,0,0,0
Sucnr1,1,2,0,0,0,0,0,0,0
Mbnl1,4407,598,177,29,314,141,164,73,96
Gm37035,6,0,0,0,0,0,1,0,0
P2ry1,73,10,1,3,9,5,2,1,2
Gm37696,3,1,0,0,0,0,0,1,0
Rap2b,498,100,30,15,48,29,31,10,17
B430305J03Rik,0,0,1,0,0,0,0,0,0
9330121J05Rik,3,0,0,0,0,0,1,1,0
Arhgef26,60,5,1,4,8,16,5,10,1
Dhx36,1203,126,19,22,82,42,29,24,28
Mme,987,100,29,2,32,50,23,9,6
Plch1,3,0,0,0,0,0,0,0,0
E130311K13Rik,199,20,4,0,14,9,4,2,3
Slc33a1,478,64,18,4,25,7,14,9,10
Gm26850,3,2,0,0,0,0,0,0,0
Gmps,1092,123,47,17,60,22,20,25,32
Kcnab1,111,15,6,4,8,6,5,2,2
A730090N16Rik,0,1,0,0,2,0,0,0,1
Ssr3,7103,897,293,71,505,171,180,107,160
Tiparp,1274,1181,365,72,428,146,269,65,66
Lekr1,106,20,8,0,4,4,3,0,1
Ccnl1,4435,1941,595,153,937,223,480,171,231
Gm37305,87,8,3,1,6,4,3,0,6
Veph1,2,2,0,0,1,1,0,0,0
Ptx3,6275,2665,1109,11,956,228,300,80,73
Shox2,1257,161,60,19,109,50,33,33,50
Rsrc1,1285,179,37,30,125,59,47,46,47
Mlf1,36,13,5,9,22,6,3,1,4
Gfm1,331,40,11,3,16,5,7,4,8
Lxn,970,71,17,8,90,27,26,18,39
Rarres1,419,19,8,13,57,19,15,10,23
Mfsd1,1236,151,55,13,85,30,26,21,22
Schip1,34,2,1,0,3,5,3,3,1
Il12a,6,2,1,0,1,2,5,0,0
1110032F04Rik,0,0,0,0,0,0,0,0,0
Ift80,267,30,4,9,21,7,16,10,8
Smc4,828,101,41,13,54,59,31,13,19
Trim59,102,29,16,9,32,8,17,6,4
Kpna4,1053,278,106,36,188,54,76,44,43
Gm1647,0,0,0,0,0,0,0,0,0
Ppm1l,76,6,5,4,6,6,6,5,3
B3galnt1,259,64,18,6,41,13,17,8,11
Nmd3,681,123,27,9,47,14,18,30,11
Sptssb,68,4,0,0,0,0,0,0,0
Gm6634,32,3,2,1,3,5,1,0,0
Bche,141,14,5,1,3,6,5,2,1
Pdcd10,1379,237,83,43,152,60,65,42,49
Serpini1,9,5,1,0,3,2,4,0,1
Golim4,2528,183,51,12,119,63,54,29,52
Rapgef2,427,68,21,12,36,15,21,7,12
6430573P05Rik,25,3,1,1,4,0,1,0,0
Fnip2,388,83,25,6,34,13,8,3,3
4930589L23Rik,14,2,0,0,4,2,0,0,0
Ppid,901,146,49,29,112,25,38,34,55
Etfdh,375,65,14,7,36,6,8,3,14
4930579G24Rik,102,7,2,6,15,4,4,2,5
Rxfp1,166,0,0,0,0,0,0,0,6
Tmem144,20,2,0,0,0,3,0,0,0
Fam198b,777,105,24,7,80,24,32,19,13
Glrb,115,13,2,2,10,6,1,0,2
Pdgfc,300,34,10,2,27,3,4,3,13
Ctso,842,140,35,7,73,20,44,21,16
Tdo2,247,78,2,1,9,1,16,0,0
Gucy1b1,24,2,1,4,8,5,10,3,4
Gucy1a1,28,2,0,1,7,5,9,0,0
Map9,63,8,2,1,4,0,3,1,1
Npy2r,6,0,0,0,2,0,0,0,0
Rbm46,2,0,0,0,2,1,0,0,0
Lrat,0,0,0,0,0,0,0,0,0
Fgg,0,0,0,0,0,0,0,0,0
Fgb,0,0,0,0,0,0,0,0,0
Plrg1,291,51,15,0,20,11,9,1,4
Gm10710,11,0,0,0,0,0,0,0,0
Dchs2,64,1,0,0,0,2,2,0,2
Sfrp2,2256,420,191,36,750,171,355,45,155
Gm26771,21,18,15,2,13,7,12,3,7
Tlr2,431,29,14,3,13,5,11,1,8
Tmem131l,277,28,11,12,23,13,16,2,6
Mnd1,198,19,13,3,14,5,5,5,10
Trim2,1543,112,27,8,57,21,19,18,15
Gm6525,10,0,0,0,0,2,0,0,0
Fhdc1,42,13,3,4,12,4,6,3,1
Arfip1,726,83,37,9,80,20,28,12,13
Gm37240,0,0,0,0,0,0,0,0,0
Tmem154,94,13,6,1,1,1,0,1,2
Fbxw7,265,43,16,15,24,21,13,9,12
Gatb,87,16,3,2,8,2,1,1,3
Fam160a1,7,6,1,0,2,0,1,1,3
Glt28d2,9,3,0,0,1,0,1,0,0
Sh3d19,1933,206,60,10,75,30,45,18,35
Rps3a1,73475,11409,3125,874,5208,1657,1914,1340,1672
Gm37933,6,2,0,0,2,0,0,0,0
Lrba,302,32,10,1,15,6,11,7,6
Mab21l2,9,0,0,0,0,0,0,0,0
Gm37876,3,0,0,0,0,0,0,0,0
Dclk2,40,5,0,1,5,3,1,3,2
Cd1d1,215,26,9,6,24,6,14,5,3
Kirrel,714,97,48,9,87,36,38,35,23
Gm37855,5,0,0,0,0,0,0,0,0
Fcrls,0,0,2,0,0,0,0,0,0
Cd5l,0,0,0,0,0,0,0,0,0
Fcrl1,0,0,0,0,0,0,0,0,0
Etv3,328,54,21,7,38,21,10,8,17
Arhgef11,288,56,8,9,36,15,15,13,8
Lrrc71,0,0,0,0,1,0,0,0,0
Pear1,140,9,3,1,18,8,8,13,1
Ntrk1,1,1,0,0,2,0,1,0,0
Insrr,2,0,0,0,0,0,0,0,3
Sh2d2a,0,0,0,0,4,1,1,3,1
Prcc,281,41,13,4,25,9,15,7,3
Hdgf,3658,611,220,76,309,97,135,60,85
Mrpl24,1922,279,115,21,144,60,61,49,37
Rrnad1,214,25,7,1,15,8,4,5,6
Isg20l2,363,41,9,5,26,13,15,8,7
Crabp2,300,5,1,14,115,28,39,32,13
Nes,31,0,6,18,14,19,5,4,4
Bcan,2,0,0,0,1,0,0,0,0
Gpatch4,317,50,28,6,9,8,6,4,8
Naxe,1394,221,54,27,131,41,60,34,19
Iqgap3,41,1,1,1,3,1,1,0,0
Mef2d,964,201,59,33,105,37,66,29,26
1700113A16Rik,49,4,0,0,3,2,2,2,3
AI849053,2,0,1,0,2,0,1,0,1
Gm3764,0,1,0,0,0,0,0,0,0
Rhbg,0,0,0,0,0,0,0,0,0
Tsacc,69,10,2,2,3,2,1,0,3
Cct3,2700,404,122,41,190,61,69,80,66
Glmp,1553,291,71,21,102,45,46,27,31
Tmem79,5,0,2,0,1,0,1,0,1
Smg5,444,47,11,8,28,11,12,10,12
Paqr6,101,4,4,2,4,4,4,1,1
Bglap3,1,0,0,0,1,0,0,0,0
Bglap2,0,0,0,0,0,0,0,0,0
Bglap,1,1,0,0,0,0,0,0,0
Pmf1,232,26,26,9,10,6,9,2,2
Slc25a44,270,41,9,2,29,9,12,7,4
Sema4a,14,43,10,4,29,13,12,10,3
Lmna,11570,3193,895,494,1476,498,661,310,454
Gm37584,3,0,0,0,1,0,0,0,0
Mex3a,139,19,2,13,24,12,20,10,8
Rab25,2,0,0,0,0,0,1,0,0
Lamtor2,2723,416,144,52,271,84,102,55,86
Ubqln4,359,52,16,6,23,13,16,10,5
Ssr2,5487,674,171,84,548,172,157,114,116
Arhgef2,993,91,34,15,62,19,24,16,8
Gm43714,1,1,0,0,1,0,0,0,0
2810403A07Rik,706,154,49,23,96,34,35,16,40
Rit1,881,79,30,17,53,21,15,13,20
Gm17146,5,4,1,0,1,0,0,3,0
Syt11,290,33,14,9,19,24,12,6,7
Gon4l,504,52,21,8,44,18,17,6,15
Gm43713,3,1,0,0,0,0,1,0,0
Msto1,185,24,4,2,11,2,4,4,6
Dap3,1318,187,65,12,104,30,37,26,21
Ash1l,3070,585,192,55,253,95,116,59,96
Rusc1,273,25,8,2,25,11,9,10,11
Fdps,573,139,32,53,116,27,28,33,24
Hcn3,0,0,0,0,0,0,1,0,0
Clk2,306,40,17,5,28,10,14,2,8
Scamp3,1146,211,52,19,99,33,54,20,29
Gm16069,0,0,0,0,0,0,0,0,0
Fam189b,325,45,8,1,26,10,22,14,12
Gba,822,158,58,2,34,12,22,8,6
Mtx1,714,83,23,13,45,17,21,14,9
Thbs3,1835,151,69,8,151,53,73,28,24
Muc1,23,2,1,0,3,1,2,0,1
Trim46,46,5,1,1,3,6,3,1,2
Krtcap2,7651,1197,343,109,599,170,250,160,204
Dpm3,2875,642,186,85,374,104,136,82,99
Slc50a1,2557,311,80,26,191,69,76,62,55
Efna1,128,23,2,2,12,3,2,1,3
Efna3,8,0,0,1,0,0,1,0,2
Gm15998,2,1,0,0,0,1,0,0,0
Efna4,98,5,2,2,4,5,7,1,7
4731419I09Rik,2,0,0,0,0,0,0,0,0
Adam15,1120,140,41,11,75,20,41,27,32
Dcst1,3,1,0,0,0,0,0,1,0
Dcst2,45,2,0,0,3,0,0,0,1
Zbtb7b,290,30,12,1,17,5,9,2,1
Gm15417,349,37,21,3,31,15,10,7,22
Flad1,131,18,12,2,8,1,0,2,2
Cks1b,1036,169,68,32,95,43,43,21,27
Shc1,1183,190,61,15,80,33,39,23,22
Pygo2,275,35,15,6,26,10,5,5,11
Pbxip1,1601,230,62,14,115,51,60,19,25
Pmvk,318,47,14,17,29,18,12,14,11
Kcnn3,3,1,0,0,8,1,0,4,2
Adar,258,55,15,5,35,7,10,8,5
Chrnb2,3,1,0,0,2,0,0,0,0
4632404H12Rik,34,4,1,0,2,2,1,0,0
Ube2q1,855,155,41,9,68,28,32,21,23
She,2,1,1,1,1,1,0,0,0
Il6ra,1212,180,95,2,109,20,52,18,22
Gm42809,35,8,1,1,2,0,1,2,1
Atp8b2,661,120,35,12,85,33,47,24,25
Hax1,825,140,58,25,64,22,22,24,26
Gm19710,1,2,0,0,0,0,1,0,0
Ubap2l,2338,481,130,54,259,88,109,68,78
4933434E20Rik,861,128,48,9,51,27,39,19,13
Tpm3,3467,887,294,93,440,187,185,102,109
Nup210l,20,44,3,3,16,4,17,0,4
Rps27,34967,9369,2902,1027,5455,1575,2151,1127,1436
Rab13,798,107,40,14,67,36,22,20,23
Jtb,2127,243,82,35,152,67,79,43,49
Creb3l4,13,1,0,0,5,3,1,1,0
Slc39a1,2328,622,187,53,357,122,163,101,79
Crtc2,344,74,28,13,89,23,29,12,16
Dennd4b,114,11,3,2,12,5,9,6,4
4930537H20Rik,4,0,0,0,1,0,1,0,0
Gatad2b,1845,217,68,24,124,61,52,41,40
Slc27a3,581,52,11,9,52,15,6,5,10
Ints3,545,61,20,5,23,14,9,9,7
Npr1,420,73,17,1,60,8,16,12,7
Gm16048,2,0,0,0,1,0,0,0,0
Ilf2,1563,204,68,37,121,40,36,27,26
Snapin,1161,122,40,18,67,34,37,19,20
Chtop,1476,196,63,38,133,41,62,39,35
S100a1,739,208,61,15,85,16,44,16,25
S100a13,8956,1770,500,83,684,137,201,165,209
S100a14,12,2,1,0,0,3,2,0,1
S100a16,4843,531,188,40,345,94,119,76,91
S100a3,29,3,0,0,0,1,2,0,4
S100a2,0,0,0,0,0,0,0,0,0
S100a4,18101,4109,1485,309,1002,551,536,373,697
S100a5,7,0,1,0,1,0,0,0,0
S100a6,93645,18365,5647,1241,7755,1913,2518,2065,2426
S100a7a,24,1,2,1,3,3,2,0,1
S100a8,161,72,53,7,15,28,8,2,7
S100a9,119,96,65,20,22,23,5,7,5
Pglyrp4,0,0,0,0,0,0,0,0,0
Lor,2,2,1,1,4,0,0,3,4
Prr9,2,0,0,0,0,0,0,0,0
Gm35439,17,5,3,0,2,1,2,6,9
Sprr2a1,0,0,0,0,0,0,0,0,0
Sprr2a2,0,0,0,0,0,0,0,0,0
Sprr2a3,0,0,0,0,0,0,0,0,0
Sprr2b,0,0,0,0,0,0,0,0,0
Sprr2d,0,1,0,0,0,0,0,0,0
Sprr2e,0,0,0,0,0,0,0,0,0
Sprr2h,0,0,0,0,0,0,0,0,0
Gm9774,21,5,3,1,8,5,4,4,2
Sprr1b,1,1,1,0,0,0,0,0,0
Sprr1a,3,0,0,0,0,0,0,0,1
2310046K23Rik,0,0,0,0,0,0,0,0,0
Ivl,0,0,0,0,0,0,0,0,0
Crct1,0,0,0,0,0,0,0,0,0
Gm4858,0,0,0,0,0,0,0,0,0
Gm37245,0,0,0,0,0,0,0,1,0
Tchh,121,14,4,3,6,4,4,4,11
S100a11,13110,2552,833,239,1662,491,428,301,395
S100a10,23438,3889,1179,675,2879,614,729,618,820
Them4,269,52,13,2,29,13,11,4,10
Them5,0,0,0,0,0,0,0,0,0
C2cd4d,13,1,0,0,1,1,1,0,0
Gm38411,0,0,0,0,0,0,0,0,0
Rorc,7,0,0,0,0,0,0,1,0
Lingo4,4,0,0,0,0,0,0,0,0
Tdrkh,20,0,0,3,5,4,2,4,1
Oaz3,2,2,1,0,3,1,1,0,2
Mrpl9,677,81,38,15,59,17,17,21,18
Riiad1,24,5,3,0,2,0,4,3,1
Celf3,1,0,0,0,1,0,0,1,1
Snx27,768,93,31,13,41,19,24,13,19
Tuft1,51,2,4,0,4,0,3,0,1
Gm15234,0,0,0,1,0,0,1,0,0
Cgn,1,0,0,0,0,0,0,0,0
Pogz,388,54,20,7,36,11,22,7,12
Psmb4,5680,762,235,59,348,122,139,93,114
Selenbp1,399,74,13,2,31,6,13,8,12
Rfx5,186,15,4,1,17,5,4,2,3
B230398E01Rik,9,2,1,0,2,1,0,0,0
Pi4kb,256,36,19,7,54,6,14,9,7
A730011C13Rik,10,5,0,0,1,0,0,0,0
Gm15265,5,1,0,0,2,1,0,0,0
Zfp687,238,30,11,7,24,8,5,6,5
Psmd4,2278,324,94,37,176,77,62,56,53
Pip5k1a,1201,233,60,26,124,37,73,22,26
Vps72,580,81,27,12,50,12,30,17,15
Tmod4,0,0,0,0,1,0,0,0,0
Scnm1,348,34,24,7,41,13,10,12,14
Lysmd1,133,8,3,1,13,2,5,1,3
Tnfaip8l2,1,0,0,1,0,1,0,0,0
Sema6c,383,26,7,3,30,5,7,2,10
Gabpb2,732,48,25,6,37,15,32,19,18
Gm16740,93,8,1,0,7,5,3,1,2
Mllt11,163,22,3,9,13,7,4,10,7
Cdc42se1,930,133,53,18,64,34,25,22,25
Gm128,0,0,1,0,0,2,0,0,1
Bnipl,1,0,0,0,0,1,0,0,0
Prune1,249,19,6,1,14,5,7,2,2
Mindy1,856,93,27,7,55,13,17,11,16
Anxa9,6,5,1,0,2,1,0,0,0
6330562C20Rik,41,6,4,1,2,0,4,4,1
Cers2,1602,192,48,38,124,47,60,42,47
Setdb1,292,23,6,4,14,8,17,8,5
Gm4349,9,0,0,0,0,0,0,0,0
Arnt,1464,241,75,20,98,46,65,30,45
Ctsk,46889,7876,1748,515,3656,995,1044,440,727
Ctss,6,8,22,3,10,17,9,5,2
Hormad1,0,0,0,0,0,0,0,0,0
Golph3l,390,33,15,5,29,5,13,9,6
Ensa,1172,171,48,19,101,43,51,36,29
Mcl1,6514,2364,660,142,769,224,472,193,225
Adamtsl4,642,64,28,2,53,20,19,7,22
Ecm1,6579,855,183,51,720,116,170,153,198
Tars2,206,36,9,2,18,7,8,3,5
Rprd2,672,86,26,11,40,24,37,13,18
Prpf3,207,43,12,5,19,7,8,9,10
Mrps21,2239,428,118,42,247,90,99,67,83
C920021L13Rik,27,2,1,0,3,2,0,1,0
Ciart,10,8,4,0,6,0,2,1,0
BC028528,202,77,12,2,20,10,17,9,8
Aph1a,1544,208,65,18,121,47,60,20,27
Car14,0,0,0,0,0,0,0,0,0
Anp32e,1055,173,78,44,94,47,51,29,44
Plekho1,164,17,13,14,23,29,12,12,6
Vps45,278,37,11,3,23,14,14,5,3
Otud7b,633,90,23,10,44,15,18,14,13
Mtmr11,284,37,18,5,15,17,16,9,4
Gm17690,17,1,0,1,0,0,1,0,1
Sf3b4,804,120,37,12,79,26,31,23,20
Sv2a,17,5,0,3,2,2,4,1,1
Bola1,922,105,26,10,44,17,14,18,16
Gm15444,1,0,0,0,0,0,0,0,0
Hist2h2ab,3,0,0,0,0,0,0,1,0
Hist2h2ac,17,6,18,5,0,0,5,1,3
Hist2h2be,22,2,0,0,3,0,2,0,1
Hist2h3c2,19,6,1,0,3,0,1,0,1
Gm20632,41,1,0,0,1,1,1,0,0
Hist2h2aa2,6,2,0,2,2,1,0,0,1
Gm20633,13,0,0,0,0,0,0,0,0
Hist2h2aa1,28,5,0,2,3,2,6,1,0
Hist2h3c1,37,5,0,2,8,1,3,1,0
Hist2h4,21,2,1,4,1,1,5,0,0
Gm20628,6,0,0,0,0,0,1,0,0
Hist2h3b,3,0,1,0,1,0,0,1,0
Gm42743,4,3,0,0,2,2,4,1,0
Hist2h2bb,8,1,1,2,3,0,2,1,1
Fcgr1,1,3,1,0,1,0,0,0,0
Hfe2,0,0,0,0,0,0,0,0,0
Gm15441,43,3,1,0,1,3,2,0,0
Txnip,14420,416,112,38,392,83,213,105,154
Gm16253,4,2,0,0,1,0,0,0,0
Polr3gl,570,78,22,11,61,25,27,18,10
Ankrd34a,8,1,0,0,1,0,0,0,0
Lix1l,2563,387,103,39,167,77,97,50,72
Rbm8a,2524,394,152,59,206,73,87,80,59
Pex11b,440,54,17,6,28,10,10,7,4
Gm42957,5,6,0,0,1,0,1,2,0
Itga10,20,4,2,0,6,5,0,3,1
Ankrd35,60,4,3,1,3,3,3,1,1
Pias3,440,32,13,6,29,7,15,1,13
Nudt17,19,4,1,0,4,1,2,2,1
Polr3c,366,38,16,4,20,7,11,4,2
Rnf115,627,95,39,15,56,15,24,14,14
Cd160,0,0,0,0,0,0,0,0,0
Pdzk1,2,3,0,1,0,0,1,0,1
Gpr89,258,35,8,4,17,9,10,2,8
Gja5,0,0,0,0,0,0,1,0,0
Acp6,133,37,6,4,11,9,9,9,10
Bcl9,246,18,3,9,21,8,10,4,4
Chd1l,138,21,9,2,9,3,4,1,6
Fmo5,224,21,5,1,9,2,5,2,1
Prkab2,442,122,35,17,92,29,38,18,29
Pde4dip,641,77,22,11,39,11,14,12,9
Gm31305,20,1,0,0,1,0,0,0,0
Sec22b,2555,287,88,33,185,65,84,38,51
Gm5544,3,0,0,0,0,0,0,0,0
Notch2,792,130,45,17,73,33,47,37,32
Adam30,11,22,3,2,7,1,2,3,0
Hmgcs2,1043,141,12,3,38,13,41,11,10
Phgdh,612,86,20,28,52,31,17,11,15
Zfp697,106,20,2,0,2,4,1,1,3
Hsd3b2,3,4,0,0,2,0,0,0,0
Wars2,167,13,4,3,9,6,0,0,2
Tbx15,2125,247,59,32,113,66,69,30,35
Spag17,30,3,0,0,1,0,0,0,0
Wdr3,327,32,9,3,18,9,9,9,8
Gdap2,327,63,20,4,22,7,11,4,9
Fam46c,978,169,35,13,75,22,29,19,22
Gm12474,3,2,0,0,0,0,0,0,0
Man1a2,1812,248,80,17,136,51,65,38,55
Vtcn1,0,0,0,0,0,0,0,0,0
Trim45,46,5,3,1,3,3,2,2,0
Ttf2,121,7,4,1,8,4,4,1,3
Cd101,0,0,0,0,0,1,1,0,0
Ptgfrn,4052,377,112,40,246,94,92,45,65
Cd2,5,2,0,0,2,0,2,2,1
Igsf3,555,101,32,20,85,42,44,12,33
Atp1a1,2387,376,135,49,252,71,97,66,49
Mab21l3,1,0,0,0,0,0,0,0,0
Slc22a15,207,19,5,4,8,5,14,8,8
Casq2,8,0,0,0,0,4,0,0,0
Vangl1,535,64,17,2,36,14,17,2,3
A230001M10Rik,1,0,0,0,0,0,0,1,0
Ngf,136,71,26,0,33,15,1,2,4
Tspan2os,2,0,0,0,0,0,0,0,0
Tspan2,33,6,5,2,2,1,2,0,2
Sike1,864,86,33,10,53,24,27,17,22
Csde1,4965,778,199,52,335,131,175,67,71
Nras,1520,278,102,27,181,55,72,38,38
Gm43062,10,7,5,3,6,1,1,7,2
Ampd1,5,12,4,0,8,2,3,2,1
Dennd2c,241,50,3,1,20,10,6,5,6
Bcas2,1978,275,105,35,168,71,54,40,48
Trim33,574,68,15,14,61,16,24,11,15
Syt6,4,0,2,0,0,0,2,0,0
Atg4a-ps,3,0,0,0,0,0,0,0,0
Olfml3,7885,1175,337,121,501,298,367,148,136
Hipk1,1496,184,49,17,76,36,48,26,33
Gm15886,0,0,0,0,1,0,0,0,0
Dclre1b,109,16,0,0,3,4,2,2,2
Ap4b1,186,23,5,0,7,7,6,2,3
Bcl2l15,3,3,0,0,1,0,0,0,0
Ptpn22,7,0,3,0,1,2,1,1,2
Rsbn1,620,113,48,14,73,23,33,20,23
Phtf1os,15,6,0,0,2,1,0,1,0
Phtf1,412,60,17,3,31,11,13,8,16
Magi3,328,60,20,8,33,14,21,7,9
Lrig2,351,37,12,3,32,13,12,6,4
Slc16a1,1422,304,78,12,98,23,43,15,16
Fam19a3,0,0,0,0,0,0,0,0,0
Ppm1j,8,4,0,2,1,1,0,1,0
Rhoc,4353,576,178,85,443,125,142,87,82
Mov10,95,16,6,0,15,2,7,3,1
Capza1,1337,171,62,12,78,35,42,19,22
St7l,551,66,18,9,31,14,18,8,7
Wnt2b,3,0,0,1,0,0,4,0,0
Cttnbp2nl,305,54,22,3,32,12,17,9,1
Kcnd3,3,1,1,0,0,0,0,0,0
Ddx20,156,15,12,2,10,3,8,3,1
Fam212b,18,0,1,0,1,2,0,1,0
Gm43848,104,14,5,1,7,3,1,2,1
Rap1a,2661,398,122,41,229,74,77,75,50
Gm5547,2,0,1,0,1,1,0,0,1
Adora3,0,0,0,0,0,0,0,0,0
Tmigd3,6,0,0,0,2,0,1,0,0
I830077J02Rik,2,0,1,0,2,1,0,0,0
Atp5f1,7028,850,263,116,569,170,172,154,152
Wdr77,601,78,17,7,30,12,14,14,9
Ovgp1,28,6,3,2,10,2,0,0,0
Pifo,0,0,0,0,0,0,0,0,0
Gm42722,0,0,0,0,0,0,0,0,0
Chil5,0,0,0,0,0,0,0,0,0
Chil3,8,34,21,2,2,1,1,0,1
Dennd2d,3,0,0,0,0,0,0,0,0
Cept1,828,98,33,8,54,26,25,18,6
Dram2,751,73,29,4,59,15,18,9,16
Lrif1,503,76,16,5,56,15,28,3,14
Cd53,17,0,7,0,4,1,6,0,2
Kcna3,0,0,0,0,0,0,0,0,0
AI504432,12,2,3,0,1,3,5,0,0
Kcna2,35,0,0,1,3,15,4,9,0
Cym,0,0,0,0,0,0,0,0,0
Lamtor5,2188,299,86,33,163,69,61,60,55
Slc16a4,8,1,0,0,0,1,0,0,1
Rbm15,221,79,30,12,38,15,18,16,14
Kcnc4,7,1,0,0,0,1,0,0,0
Slc6a17,238,30,5,10,34,10,3,2,8
Alx3,37,0,0,0,4,13,2,14,1
Strip1,437,40,7,6,33,11,22,5,8
Ahcyl1,1996,292,78,26,144,46,59,21,31
Csf1,2609,1014,327,34,306,73,121,37,41
Gm36211,4,3,3,0,2,1,0,0,0
4933431E20Rik,54,4,3,2,3,4,2,3,5
Gstm5,1791,290,89,25,146,57,47,40,50
Gstm7,39,1,3,1,4,1,1,5,4
Gstm6,18,0,1,0,3,1,0,0,0
Gstm2,2473,329,64,7,145,50,51,38,20
Gstm1,4173,564,163,13,246,36,92,73,57
Gm12498,0,1,0,0,0,0,0,0,0
Gstm4,170,30,6,3,10,1,5,4,3
Ampd2,399,54,13,8,46,15,17,10,13
Gm12500,13,2,2,0,2,0,0,1,0
Gnat2,13,1,0,0,0,0,0,0,0
Gnai3,2204,308,99,29,148,77,71,48,32
Gm12524,4,2,0,0,1,0,0,0,1
Amigo1,201,17,5,2,10,4,5,5,5
Cyb561d1,66,5,2,1,4,1,3,5,0
Atxn7l2,67,7,0,1,7,1,1,4,4
Sypl2,1,1,0,0,0,0,0,0,0
1700010K24Rik,0,1,0,0,0,0,0,0,1
Psma5,2799,470,126,79,264,83,104,89,92
Sort1,27,7,0,1,11,8,1,3,2
Mybphl,0,0,0,1,0,0,0,0,0
Psrc1,21,6,1,1,11,5,0,0,0
Celsr2,13,0,0,1,5,7,1,2,1
Sars,1800,217,80,19,107,35,36,28,30
5330417C22Rik,0,0,0,0,3,0,0,0,0
Tmem167b,652,92,24,4,52,21,27,6,17
Taf13,469,73,30,9,37,17,22,11,10
Wdr47,173,27,7,3,16,6,6,1,3
Clcc1,597,77,16,3,45,20,19,6,11
Gpsm2,861,49,13,6,29,12,10,5,5
Aknad1,28,2,2,1,1,1,0,0,1
Stxbp3,1005,121,64,21,57,27,37,16,22
Fndc7,41,7,1,0,1,0,1,0,0
Prpf38b,1967,334,110,43,188,73,73,47,37
Gm9857,1,0,0,1,0,0,0,0,0
Fam102b,6866,777,288,36,254,70,129,43,78
Gm43221,5,0,0,0,1,0,0,0,0
Slc25a24,598,67,29,1,43,10,21,7,15
Vav3,200,23,8,3,19,12,12,9,5
Ntng1,147,27,40,9,21,10,9,10,17
Prmt6,115,10,6,6,10,5,5,1,2
C130013H08Rik,30,1,1,0,0,0,1,1,0
Amy1,890,102,30,2,61,10,37,7,11
Rnpc3,337,50,15,7,23,13,5,8,16
Col11a1,686,1,0,29,105,149,62,54,60
S1pr1,66,1,0,1,3,0,4,0,1
Gm9889,1,0,0,0,0,0,0,0,0
Dph5,352,42,15,4,26,9,7,5,5
Slc30a7,919,94,32,9,51,26,25,7,9
Extl2,415,47,15,2,31,9,14,11,11
Vcam1,1072,178,56,36,185,55,121,35,15
Gpr88,9,2,1,0,3,3,4,1,1
Cdc14a,80,14,4,3,9,5,7,3,3
Rtca,518,72,18,7,23,7,14,11,7
Gm26530,0,0,0,0,0,1,0,0,0
Dbt,410,23,6,2,15,10,5,2,5
Lrrc39,0,0,0,0,0,0,0,0,0
Trmt13,277,52,11,5,20,9,16,6,13
Sass6,86,11,4,0,3,1,3,2,0
Gm42893,1,0,0,0,0,0,1,0,0
Mfsd14a,590,117,42,17,57,23,47,15,8
Slc35a3,248,39,14,1,22,2,6,4,6
Agl,331,24,18,7,12,81,9,6,10
Frrs1,685,50,12,4,24,13,8,3,5
Palmd,15,0,2,0,1,1,2,0,1
Plppr4,7,0,0,0,0,0,1,0,0
Plppr5,13,0,0,0,1,0,2,0,1
Snx7,1307,141,45,12,76,39,32,23,23
Dpyd,437,31,12,3,10,1,12,5,6
Ptbp2,802,68,15,10,36,24,40,14,26
6530403H02Rik,9,0,0,0,0,2,0,0,0
Rwdd3,27,4,0,0,1,0,0,1,0
Tmem56,47,1,0,0,4,0,0,0,0
Alg14,404,62,17,5,40,26,21,10,16
Cnn3,2938,311,95,70,207,151,124,60,63
Slc44a3,6,1,1,0,0,0,3,0,1
A530020G20Rik,13,6,1,0,3,1,1,0,1
A730020M07Rik,36,4,3,0,3,0,1,0,2
F3,693,232,42,4,192,67,55,18,16
Abcd3,822,92,20,11,48,16,27,11,12
Arhgap29,1886,125,44,4,117,27,37,21,29
Abca4,21,0,1,0,0,0,0,0,0
Gclm,693,150,50,5,65,25,37,17,30
Dnttip2,1048,177,52,22,69,42,52,16,29
Bcar3,109,8,5,4,3,7,8,3,1
Gm4610,0,0,0,0,0,0,0,0,0
Fnbp1l,237,29,11,9,33,25,18,21,12
Gm43569,0,0,0,0,0,0,0,0,0
Pde5a,136,9,0,3,11,6,6,3,4
4933405D12Rik,0,1,0,0,0,2,0,0,0
Fabp2,1,0,0,0,1,0,0,0,0
1810037I17Rik,2870,496,197,68,363,127,140,120,123
Usp53,391,104,24,17,74,29,45,15,16
Myoz2,0,0,0,0,0,0,0,0,0
Synpo2,32,5,1,0,2,1,1,0,0
Sec24d,2644,277,68,20,139,42,50,23,45
Mettl14,177,13,7,2,11,4,1,1,5
Gm35065,2,0,0,0,3,1,0,0,1
Prss12,634,21,9,18,66,65,46,55,45
Ndst3,96,7,1,1,2,7,4,2,1
Tram1l1,17,0,1,3,4,2,0,1,0
Arsj,135,36,3,2,13,4,3,1,6
Camk2d,4172,615,151,34,236,71,109,62,58
Gm15551,34,38,5,0,5,2,0,3,4
Ank2,2272,256,58,21,105,48,61,14,32
Gm16958,4,0,0,0,1,1,1,0,0
Larp7,547,131,42,21,75,22,32,15,26
Zgrf1,52,3,0,1,7,4,1,0,2
Alpk1,35,12,2,3,5,3,2,2,0
Tifa,195,78,11,6,15,16,36,2,4
Ap1ar,443,51,20,10,29,20,21,8,11
Gm43653,2,0,0,0,4,1,1,0,1
Fam241a,70,9,2,3,8,5,5,4,4
Pitx2,114,15,2,3,7,3,2,6,2
Enpep,131,19,6,0,17,2,4,4,4
Gm35986,0,0,0,0,0,0,1,0,0
Elovl6,245,31,8,3,19,7,7,7,12
Egf,57,1,0,0,1,1,0,0,4
Rrh,1,2,0,0,1,0,0,0,0
Gar1,761,113,33,12,48,16,17,26,18
Cfi,2,0,0,0,0,1,0,0,0
Pla2g12a,551,52,26,4,49,15,10,11,22
Casp6,505,54,12,6,38,16,22,9,11
Mcub,754,139,40,6,78,8,11,15,17
Sec24b,915,98,39,3,54,25,30,20,21
Col25a1,2,0,0,1,4,6,0,1,0
Ostc,6125,1044,285,101,651,186,185,121,181
Rpl34,46957,8238,2473,709,3782,1216,1519,898,1171
Gm42997,6,1,0,1,1,0,0,0,0
Gm43352,2,0,0,2,2,0,0,2,1
Lef1,19,1,0,31,42,9,13,29,23
Hadh,1179,129,39,18,72,28,38,23,24
Cyp2u1,38,11,3,0,4,3,2,1,2
Sgms2,349,47,18,1,31,12,8,0,6
Papss1,1234,129,36,24,71,39,35,21,33
Gm29865,3,0,0,1,0,0,0,0,0
Dkk2,3607,138,14,18,83,39,97,29,58
Aimp1,2332,312,102,41,177,68,45,41,54
Tbck,487,41,16,8,28,9,14,10,9
Npnt,14,1,0,0,1,0,1,0,0
Gstcd,120,9,6,1,6,3,4,2,4
Ints12,193,17,9,3,24,10,5,4,7
Gm43254,25,2,0,0,1,0,0,0,0
Ppa2,609,83,28,4,46,11,17,4,10
Tet2,535,68,19,13,73,12,22,28,27
Gm42567,0,0,0,0,0,0,0,0,0
Gm26691,1,0,0,0,1,0,0,0,0
Gm30648,2,0,0,0,0,0,0,0,0
Cxxc4,9,3,0,1,5,0,1,1,3
Cenpe,87,15,4,11,16,23,8,0,1
Bdh2,1166,159,34,4,75,18,18,11,30
Slc9b2,41,4,2,4,6,1,8,2,1
Slc9b1,2,1,0,1,0,0,0,0,0
Cisd2,1894,346,98,32,194,61,84,50,54
4930539J05Rik,28,3,1,0,6,1,0,0,0
Ube2d3,10696,1879,608,146,874,259,438,202,312
Manba,358,49,18,2,48,16,19,5,9
Nfkb1,3937,1797,552,108,794,249,408,94,126
Slc39a8,128,11,5,0,2,1,4,0,1
Gm31243,0,0,0,0,0,0,0,0,0
Bank1,2,0,0,0,0,0,0,0,0
Ppp3ca,2411,348,81,22,134,82,87,52,46
Emcn,1,0,0,0,2,0,0,0,0
Ddit4l,34,8,1,3,4,1,9,1,1
Gm21962,8,3,3,0,0,1,5,4,2
Gm43403,8,2,1,0,0,0,0,0,0
H2afz,6917,1777,739,311,938,386,344,170,248
Dnajb14,660,109,25,15,85,27,27,24,31
Gm40155,0,0,0,0,0,0,0,0,0
Gm43689,3,2,1,0,3,2,0,0,1
Lamtor3,1595,293,98,38,147,56,51,31,28
Dapp1,169,17,10,2,21,3,9,3,1
Gm5105,2,0,0,0,0,0,0,0,0
1110002E22Rik,9,1,1,0,0,0,0,0,0
Mttp,154,26,9,3,18,2,4,2,4
Trmt10a,167,54,12,6,31,16,12,6,4
0610031O16Rik,7,0,0,0,0,0,1,0,0
Adh7,4566,314,124,9,75,32,34,19,50
Adh1,2011,276,100,1,49,10,33,10,13
Adh6b,0,0,0,0,0,0,0,0,0
Adh4,0,0,0,0,0,0,0,0,0
Adh5,1810,243,59,27,128,32,38,47,319
Metap1,521,74,25,4,41,20,13,17,12
Eif4e,1496,649,200,43,302,83,114,43,44
Tspan5,1305,128,45,5,70,15,31,15,23
Rap1gds1,813,74,38,9,50,23,29,15,20
Unc5c,71,3,0,6,18,9,7,14,8
Bmpr1b,49,3,0,3,2,0,1,0,0
Pdlim5,1438,233,61,14,93,45,52,14,20
Gbp5,54,17,6,3,31,19,29,1,1
Gbp7,635,125,21,6,46,22,27,8,12
Gbp3,197,71,24,3,17,11,8,2,6
Gbp2b,0,0,0,0,1,0,0,0,0
Gbp2,652,181,72,17,150,35,89,9,12
Kyat3,105,13,2,1,9,3,6,2,1
Gtf2b,908,143,57,17,72,21,37,27,20
Pkn2,1585,321,80,35,160,77,93,45,53
Lmo4,3417,644,254,125,491,197,184,142,149
Hs2st1,1278,137,35,16,80,41,46,17,25
Selenof,12073,1677,527,278,1195,445,440,301,336
Sh3glb1,7210,844,255,114,469,179,192,106,129
Clca3a1,3,1,0,0,1,1,0,1,0
Gm34866,0,0,0,0,0,0,0,0,0
Clca3a2,3,0,1,1,1,0,0,0,0
Clca2,0,0,0,0,0,0,0,0,0
Odf2l,201,18,11,4,13,8,14,4,8
Col24a1,71,0,0,1,4,1,2,1,2
Znhit6,325,43,17,3,27,12,11,8,11
Cyr61,17315,2722,1150,386,2360,754,1004,824,724
Gm17501,127,18,7,6,37,12,14,33,14
Ddah1,2738,288,89,20,50,51,9,26,14
Bcl10,1472,320,105,70,196,71,103,61,75
2410004B18Rik,545,120,31,17,78,24,21,17,30
Syde2,150,29,8,2,18,4,6,2,5
Wdr63,12,2,2,0,1,1,1,0,0
Mcoln3,0,0,0,0,0,0,0,0,0
Mcoln2,1530,220,51,2,49,14,36,9,7
Lpar3,15,1,0,0,3,1,0,0,0
Gm10636,1,2,0,0,0,0,0,0,0
Ssx2ip,183,23,8,4,14,8,5,4,2
Ctbs,314,46,11,2,27,10,6,6,6
Spata1,61,15,2,3,7,6,2,5,4
Gng5,8268,1474,467,160,922,264,335,209,218
Rpf1,525,83,36,10,33,18,19,18,15
Uox,5,3,0,0,14,0,0,0,0
Dnase2b,2,0,0,0,0,0,0,0,0
Samd13,7,1,0,1,4,0,0,0,0
Prkacb,1747,144,45,16,98,42,43,16,23
Ttll7,81,7,4,0,4,4,2,5,3
Adgrl2,868,67,22,7,31,26,21,10,11
Gm43573,5,2,0,0,0,2,0,0,1
Gm30382,1,0,0,0,0,0,0,0,0
Gm5149,0,0,0,0,0,0,0,0,0
4930555A03Rik,0,0,0,0,0,0,0,0,0
Adgrl4,0,0,0,0,0,0,1,0,0
Ifi44,19,13,0,0,5,0,1,0,0
Ifi44l,5,2,0,0,1,1,0,0,0
Ptgfr,3376,223,91,8,65,21,52,17,33
Gipc2,15,5,5,1,6,4,0,1,5
Gm31881,2,1,1,1,0,0,0,0,0
Dnajb4,1501,486,177,49,343,93,169,69,88
Fubp1,2049,563,167,56,279,182,119,82,80
Nexn,228,26,3,8,23,21,5,4,5
Miga1,42,3,1,1,3,3,3,3,3
Usp33,644,72,25,9,51,20,41,10,16
Zzz3,1040,153,31,12,64,20,38,19,22
Ak5,76,4,1,0,2,1,3,1,0
Pigk,1487,205,57,11,110,35,30,19,26
St6galnac5,621,146,39,2,31,17,20,3,9
St6galnac3,14,2,0,0,4,5,0,5,1
5730460C07Rik,0,0,0,0,0,0,0,0,0
Asb17os,0,1,0,0,0,0,0,0,0
Msh4,6,1,1,0,0,0,0,1,1
Rabggtb,797,127,40,20,86,30,33,32,33
Acadm,885,118,39,12,58,24,22,21,15
Slc44a5,1,1,0,0,1,0,0,0,0
Lhx8,9,7,3,0,9,4,2,2,0
Tyw3,52,5,0,0,4,1,1,1,0
Cryz,368,51,13,3,10,8,5,5,7
Fpgt,165,23,3,0,12,4,3,1,2
Lrriq3,14,0,0,0,2,0,1,1,0
4930570G19Rik,34,2,1,0,3,2,2,0,2
Negr1,368,40,9,1,15,13,7,6,8
Zranb2,1037,136,45,28,117,32,34,39,27
Ptger3,372,21,2,15,39,27,17,15,17
Gm33466,1,1,0,0,0,0,0,0,0
Cth,14,2,3,0,5,0,0,0,0
1810013D15Rik,1,0,0,0,0,0,0,0,0
Ankrd13c,594,106,36,13,61,10,32,30,22
Srsf11,3886,521,159,76,390,135,140,79,124
Lrrc40,191,15,5,3,13,3,5,2,2
B230334C09Rik,0,1,0,1,0,0,1,0,0
Depdc1a,33,1,1,0,5,3,2,0,0
Wls,4534,360,135,32,269,104,97,71,59
AI838599,13,1,2,0,5,1,3,0,0
Tmem68,277,48,13,6,27,8,8,5,16
Tgs1,518,69,20,10,31,9,15,11,13
Lyn,71,22,15,2,11,2,13,5,3
Gm26857,0,0,0,1,1,0,0,0,1
Rps20,75471,12636,3562,1189,6478,1819,2323,1481,1901
Plag1,23,2,2,0,4,3,0,3,1
Chchd7,822,113,43,13,71,23,31,18,23
Gm11808,3444,2129,1134,329,1072,372,580,403,561
Sdr16c5,0,0,0,0,0,0,0,0,0
Sdr16c6,4,0,0,0,0,0,0,0,0
Penk,6070,744,239,9,101,38,93,73,75
Impad1,1580,203,71,13,94,32,49,36,30
Fam110b,317,35,9,4,19,12,19,4,10
Ubxn2b,227,22,12,4,16,4,1,1,4
4930430E12Rik,0,0,1,0,0,0,0,0,0
Sdcbp,4947,816,255,54,363,129,183,84,107
Nsmaf,634,44,14,3,40,15,16,13,4
Tox,11,0,0,0,4,2,1,0,1
8430436N08Rik,16,2,0,0,4,0,0,0,0
Car8,99,30,3,0,46,0,9,3,1
Rab2a,5484,710,215,70,514,175,179,113,161
Chd7,30,3,5,3,13,6,1,5,0
Gm26548,4,0,1,0,0,0,0,0,0
Gm11816,9,2,1,0,1,1,0,1,0
Asph,1630,156,47,25,137,42,51,21,21
Gdf6,8,0,0,1,3,1,0,1,0
Gm11815,0,0,0,0,0,0,0,0,1
2610301B20Rik,277,22,7,3,11,9,12,4,7
Plekhf2,318,39,5,7,29,13,11,8,8
Ndufaf6,187,28,9,3,11,3,7,4,1
Gm11827,21,0,0,0,0,0,0,0,1
Trp53inp1,1027,71,22,5,38,7,15,16,14
Ccne2,38,3,3,2,3,3,5,4,0
Ints8,249,31,16,3,16,7,13,4,8
Dpy19l4,511,49,14,2,23,8,10,15,13
Gm26663,0,0,0,0,0,1,0,0,0
Esrp1,0,0,0,0,0,0,0,0,1
Virma,589,51,21,6,42,8,12,10,5
Rad54b,10,0,0,0,2,0,1,0,0
Fsbp,3,0,0,0,0,1,2,0,0
Gem,2957,1397,443,167,845,239,598,135,311
Cdh17,4,4,0,0,0,3,0,0,1
Pdp1,361,22,13,4,20,6,14,5,7
Tmem67,126,12,4,1,11,4,4,3,4
Rbm12b2,123,16,16,3,10,7,7,5,8
Rbm12b1,92,12,1,1,11,5,2,5,8
Fam92a,1725,161,47,25,127,62,39,37,43
Triqk,343,29,10,6,28,10,11,9,9
Runx1t1,1965,211,58,28,150,69,91,53,48
Slc26a7,12,0,0,13,33,5,10,35,47
Otud6b,452,79,16,7,22,11,12,5,7
Tmem55a,647,70,15,10,40,19,32,7,12
Gm11837,35,4,0,1,4,0,1,0,0
Necab1,0,0,0,0,0,0,0,0,0
Tmem64,472,43,30,13,51,22,25,14,11
Decr1,1081,119,31,6,55,18,17,11,14
Nbn,301,36,9,4,18,15,8,3,3
Osgin2,193,24,8,3,12,8,2,8,2
Ripk2,105,30,15,5,20,7,15,3,2
Gm11851,1,2,0,0,0,0,0,0,0
Mmp16,400,9,1,5,19,5,14,6,11
Cpne3,1262,170,57,13,76,33,37,26,31
Rmdn1,260,41,7,3,12,6,8,6,3
Wwp1,643,61,23,12,47,17,14,11,13
Atp6v0d2,4,0,0,0,0,0,0,0,1
Ttpa,5,0,0,0,0,0,0,0,0
4930598A11Rik,0,0,0,0,0,0,0,0,0
Ggh,2342,233,87,26,188,61,66,40,50
Nkain3,4,0,0,0,2,0,1,1,0
Ccnc,283,53,23,8,24,5,16,6,11
Tstd3,172,24,11,0,14,7,3,4,3
Usp45,365,62,13,6,19,5,17,8,13
Pnisr,2139,182,51,39,150,80,45,67,42
Coq3,186,18,8,4,17,7,5,10,8
Faxc,43,4,1,2,4,2,0,0,3
Fbxl4,235,18,5,1,12,3,5,4,3
Pou3f2,6,0,0,0,0,0,0,0,0
Mms22l,73,6,3,2,8,1,2,2,1
Klhl32,2,3,2,3,2,0,2,2,1
Ndufaf4,567,76,25,8,28,26,9,11,17
Gpr63,6,0,0,0,1,0,0,0,0
Ufl1,837,85,23,8,37,17,23,20,19
Fut9,0,0,0,2,0,0,0,1,2
Manea,520,48,10,7,28,21,5,16,11
Epha7,45,1,0,13,23,9,21,16,4
Map3k7,857,68,34,7,48,24,27,16,26
Bach2,157,9,3,3,12,11,15,5,3
Bach2os,0,0,0,0,1,0,0,0,0
Casp8ap2,655,66,20,12,40,20,10,18,18
Mdn1,402,54,23,4,25,10,15,9,19
Lyrm2,631,77,18,7,37,23,18,13,9
Ankrd6,131,14,6,1,3,0,1,0,1
Rragd,108,14,4,1,5,2,0,7,1
Ube2j1,1303,224,96,19,135,40,44,24,34
Gabrr2,0,1,0,0,0,1,0,0,0
Pm20d2,4,1,0,0,0,0,0,0,0
Srsf12,6,0,1,2,0,0,3,1,1
Pnrc1,5140,1835,545,126,1014,214,440,180,177
Rngtt,279,47,15,3,18,9,7,10,6
Cnr1,47,5,0,2,5,1,11,2,1
Spaca1,25,6,1,0,5,1,2,1,2
Akirin2,1375,155,34,31,91,32,41,30,29
Orc3,383,45,15,3,13,6,4,2,6
Rars2,250,27,11,4,16,5,9,2,6
Slc35a1,627,84,19,7,53,22,18,11,14
Smim8,589,64,17,8,34,18,19,13,13
Zfp292,1442,112,28,10,69,26,29,23,17
Mob3b,43,4,1,3,5,0,3,3,2
3110043O21Rik,213,35,5,4,7,4,6,3,3
Lingo2,0,0,0,1,5,3,4,4,5
Aco1,651,79,13,4,35,13,15,9,11
Ddx58,445,106,30,6,44,15,26,8,8
Topors,662,232,66,19,101,43,51,14,20
Smim27,596,114,40,13,74,26,42,18,22
Ndufb6,2426,380,110,44,197,57,63,37,58
4930509K18Rik,0,0,0,0,0,0,0,0,0
Tmem215,1,0,0,0,0,0,0,2,1
Aptx,238,23,10,4,18,7,11,10,4
Gm6297,14,0,0,0,1,1,1,1,2
Dnaja1,6268,2127,758,333,1752,573,655,439,374
Smu1,1009,110,41,9,73,25,19,18,24
B4galt1,2901,528,160,28,271,79,139,49,73
Bag1,4581,505,174,60,262,83,87,72,100
Chmp5,1857,241,89,28,159,63,53,50,68
Nfx1,717,53,25,12,41,17,24,14,13
Aqp7,0,0,0,0,0,0,0,1,0
Aqp3,1,0,0,0,2,0,0,0,0
Nol6,260,23,10,2,13,7,2,6,7
Ube2r2,2896,463,142,63,304,109,104,53,79
Ubap2,553,78,32,6,43,23,20,21,12
Dcaf12,815,91,43,11,68,25,29,23,20
Ubap1,727,80,36,4,57,19,23,10,14
Kif24,2,1,0,0,1,0,0,3,2
Nudt2,486,72,17,3,25,19,16,13,5
AI464131,173,20,8,0,9,3,4,2,5
1110017D15Rik,9,6,0,0,5,0,3,0,1
Fam219a,157,31,13,2,13,6,2,1,5
Dnaic1,1,0,0,0,0,0,0,0,0
Enho,82,3,1,2,9,7,5,6,0
Cntfr,383,73,32,7,15,12,8,11,9
Il11ra1,11922,1644,397,132,870,267,474,201,210
Rpp25l,766,65,18,7,32,11,20,13,19
Dctn3,2113,332,97,44,173,75,61,65,56
Arid3c,3,0,0,0,0,0,1,0,0
Sigmar1,2001,234,71,17,116,31,48,25,21
Galt,428,59,18,5,42,14,12,9,9
Ccl27a,231,51,10,6,32,11,16,6,6
Gm13307,42,11,4,0,9,1,0,3,2
Gm20878,23,2,0,2,5,1,0,2,1
Gm13306,5,2,0,0,1,0,0,0,1
Gm13305,663,123,42,2,14,17,17,25,21
Gm10600,2361,234,61,5,62,23,37,17,18
Gm2163,13,3,1,0,0,0,0,0,0
Gm2564,65,22,6,2,11,5,9,6,9
Ccl27b,0,0,0,0,0,0,0,0,0
4930578G10Rik,17,7,0,0,2,0,0,0,1
Gm12395,3,0,1,0,0,0,0,0,0
Ccl19,1063,341,205,36,260,57,198,35,84
Ccl21a,4,0,1,0,1,0,1,0,0
Phf24,40,2,3,0,6,0,1,5,0
Dnajb5,88,8,6,0,10,3,4,5,2
1700022I11Rik,0,1,0,0,0,0,0,0,1
Vcp,5399,930,271,107,458,166,185,102,97
Fancg,66,6,3,0,3,1,1,3,0
Pigo,100,17,7,1,15,3,8,5,2
Stoml2,1109,183,50,16,89,33,32,30,26
Gm26643,0,1,0,1,0,0,0,0,0
Fam214b,321,62,19,14,33,14,24,5,14
Gm26881,127,14,7,3,9,2,6,6,4
Unc13b,23,0,2,1,2,4,0,0,0
Atp8b5,1,0,0,0,0,0,1,0,0
Rusc2,518,68,33,6,37,17,23,10,17
Fam166b,0,1,0,0,0,1,1,1,0
Tesk1,544,66,29,10,32,15,10,9,21
Cd72,1,0,1,0,4,0,7,1,0
Sit1,0,0,0,0,0,1,0,0,0
AL732506.1,15,29,4,4,15,6,5,49,40
Ccdc107,701,91,23,15,64,32,25,25,26
Arhgef39,13,0,0,2,4,3,2,1,3
Gm12454,2,0,0,0,0,2,0,0,0
Car9,0,0,0,0,0,0,0,0,0
Tpm2,1581,47,33,122,297,95,38,48,89
Tln1,1470,225,73,31,95,75,56,34,35
Creb3,1403,151,34,18,80,28,34,23,25
Gba2,98,15,3,2,15,2,3,1,5
Rgp1,272,26,5,2,21,7,1,13,8
Gm12473,2,0,1,0,1,0,0,0,0
Npr2,934,68,22,16,42,19,33,13,17
Hint2,880,104,38,17,58,26,30,13,17
Fam221b,12,6,1,0,2,1,0,1,0
Tmem8b,175,14,3,4,5,4,4,4,0
Olfr71,0,0,0,0,0,0,0,1,0
Hrct1,723,35,7,1,14,3,8,9,11
Spaar,15,1,2,0,1,0,0,0,1
Reck,3361,227,135,8,82,38,58,27,50
Glipr2,1163,171,61,20,86,19,33,17,10
Clta,6806,986,309,130,581,199,241,155,193
Gne,284,15,10,1,11,11,7,5,6
Rnf38,469,51,15,9,40,27,23,17,10
Melk,45,5,4,5,5,1,0,0,0
Pax5,1,0,0,0,0,0,0,0,0
Zcchc7,1729,110,46,24,89,34,42,39,53
Grhpr,492,52,15,8,29,12,15,11,8
Zbtb5,189,14,5,4,13,4,6,4,4
1700055D18Rik,6,2,0,1,0,1,0,0,2
Polr1e,176,13,2,0,5,5,1,2,1
Fbxo10,102,8,5,1,8,5,0,2,0
Tomm5,2686,406,119,30,205,63,73,58,92
Frmpd1,1,0,0,2,1,0,1,0,0
Frmpd1os,0,0,0,0,0,0,0,0,0
Trmt10b,131,18,7,1,4,4,4,4,1
Exosc3,563,94,21,9,48,11,14,21,12
Dcaf10,607,80,31,5,49,17,30,15,12
Slc25a51,1191,152,53,10,96,34,34,20,24
Shb,165,51,18,6,50,8,20,4,3
Aldh1b1,22,2,1,0,1,0,0,0,1
Stra6l,3,0,0,0,0,0,0,0,0
Ccdc180,0,0,0,0,1,0,0,0,0
Tdrd7,240,41,11,5,21,8,14,7,4
Tmod1,112,7,5,4,15,5,0,3,6
Tstd2,218,26,5,4,14,3,5,6,5
Ncbp1,558,60,20,2,30,11,14,6,14
Xpa,986,83,14,9,53,19,18,17,22
Gm12446,0,0,0,0,0,0,0,0,0
Foxe1,0,0,0,0,0,0,0,0,0
Trmo,59,6,11,1,10,0,1,2,2
Hemgn,0,0,0,0,0,0,0,0,0
Anp32b,3963,675,211,106,330,138,139,97,109
Nans,957,136,31,11,97,25,22,16,16
Trim14,6,0,0,0,0,2,1,0,2
Coro2a,2,0,2,0,0,0,0,1,0
Tbc1d2,7,1,0,0,0,0,0,1,2
Gabbr2,1,1,0,0,0,0,0,1,0
Gm568,0,0,1,0,0,0,2,0,0
Anks6,117,9,5,2,7,4,3,3,4
Galnt12,233,36,12,1,15,4,5,2,3
Col15a1,5295,273,68,51,455,290,282,189,157
Tgfbr1,1022,207,49,25,91,58,48,33,41
Alg2,388,37,13,7,16,7,11,10,4
Sec61b,12051,1754,536,193,1008,284,267,195,226
Nr4a3,307,399,126,36,280,32,66,38,41
Stx17,498,43,13,3,25,9,8,3,7
Erp44,2392,366,93,29,163,58,71,37,52
Invs,211,21,8,2,16,3,4,5,2
Tex10,349,63,26,13,62,13,21,12,13
Msantd3,249,30,4,2,13,12,5,5,4
Tmeff1,69,7,3,6,10,1,1,1,1
Cavin4,6,1,0,0,2,0,0,0,0
Baat,2,0,0,0,0,1,0,0,1
Mrpl50,745,90,32,9,54,15,15,15,21
Zfp189,51,6,2,4,3,2,1,5,3
Tmem246,165,7,4,4,10,5,4,6,8
Rnf20,553,83,21,11,48,24,24,16,15
Grin3a,22,2,0,0,2,3,1,8,1
Smc2os,9,3,1,1,1,1,2,0,0
Smc2,378,47,25,15,29,17,16,3,5
Vma21-ps,6,0,0,0,0,0,0,0,2
Nipsnap3b,481,116,34,15,52,23,19,15,5
Abca1,3809,334,115,15,141,54,97,37,42
AI427809,59,3,2,0,7,0,3,0,0
Slc44a1,2380,270,99,24,149,83,73,42,54
Fsd1l,290,42,13,8,19,14,7,8,6
Fktn,334,26,10,4,14,11,6,6,3
Tal2,2,0,0,0,3,0,0,0,0
Tmem38b,557,53,23,6,40,9,17,26,15
Zfp462,517,37,7,7,31,29,12,12,8
Rad23b,1857,290,92,29,157,58,56,34,37
Klf4,18523,5936,1750,320,3239,587,1440,379,617
Gm12511,69,1,1,1,0,0,0,1,3
2310081O03Rik,16,2,1,0,1,0,0,0,0
Actl7b,1,0,1,0,0,1,0,1,0
Ikbkap,375,22,7,4,14,1,12,9,6
Fam206a,149,25,8,1,9,2,4,6,1
Ctnnal1,38,0,2,0,5,7,6,5,2
Tmem245,653,60,13,12,42,25,18,16,17
Frrs1l,4,0,0,0,0,0,1,0,1
Epb41l4b,59,28,2,0,7,11,10,5,2
Ptpn3,249,17,6,3,17,3,6,1,8
Palm2,20,0,0,2,3,2,0,7,1
Akap2,80,50,11,7,15,9,14,3,5
D630039A03Rik,0,0,0,0,0,0,0,0,0
Txn1,12673,3277,866,254,1334,315,425,313,406
Txndc8,0,0,0,0,3,1,2,1,0
Svep1,7495,554,186,16,207,103,134,47,47
Gm26889,3,0,0,0,0,0,1,0,0
Musk,21,4,1,0,2,1,1,2,2
Lpar1,6694,692,214,26,247,135,172,47,89
Gm12580,6,0,0,0,0,0,0,0,0
Olfr267,10,20,3,2,5,3,2,3,1
AI314180,1470,254,51,20,113,41,52,39,54
Ptgr1,734,90,37,11,46,22,18,6,15
Dnajc25,1472,190,73,15,112,29,46,33,39
Gng10,29,10,6,2,9,5,3,4,7
Ugcg,3258,696,177,39,233,84,162,57,62
Gm12596,0,0,0,0,0,1,0,0,0
Susd1,17,5,3,1,1,1,0,0,0
Ptbp3,2190,297,90,39,170,83,94,39,43
Hsdl2,302,59,13,5,20,9,10,4,6
E130308A19Rik,105,11,0,4,11,9,5,5,9
Inip,191,21,6,7,16,5,6,9,12
Snx30,385,35,9,6,20,8,11,11,8
Slc46a2,3,2,0,0,1,0,0,0,0
Mup20,5,0,0,0,141,0,13,0,0
Mup3,2,0,2,0,4,0,0,0,0
Mup21,4,2,0,0,0,0,0,1,2
Zfp37,124,14,4,1,8,1,2,7,4
Slc31a2,643,75,32,5,44,16,13,10,16
Fkbp15,431,31,10,3,19,9,10,4,5
Slc31a1,852,156,41,12,65,26,26,25,25
Cdc26,1988,268,79,39,155,62,72,31,58
Prpf4,322,31,15,8,14,10,12,4,3
Rnf183,0,0,0,0,0,0,0,0,0
Wdr31,19,2,0,1,0,0,0,0,1
Bspry,0,0,0,0,0,0,0,0,0
Hdhd3,31,4,1,0,1,3,0,0,0
Alad,233,32,14,2,21,7,5,6,7
Pole3,828,117,34,10,60,19,17,7,17
4933430I17Rik,2,0,1,0,0,0,1,0,0
Rgs3,590,59,18,10,39,13,10,1,12
Gm11210,0,0,0,0,0,0,0,0,0
Zfp618,38,4,0,7,14,2,4,6,6
Ambp,0,1,0,0,0,0,0,0,0
Col27a1,372,59,6,11,71,62,61,27,22
Orm1,1,0,0,1,0,2,3,0,2
Orm3,0,0,0,0,0,0,0,0,0
Orm2,4,0,0,0,0,0,0,0,0
Akna,95,8,11,5,14,1,5,2,0
Aknaos,0,0,0,0,0,0,0,0,0
Whrn,40,17,1,2,5,2,2,3,4
Atp6v1g1,4326,547,154,64,272,102,111,93,107
Tmem268,125,9,5,2,8,0,1,2,1
Gm11214,3,0,0,0,0,0,0,0,0
Tnfsf15,2,0,0,0,1,2,0,0,0
Tnfsf8,15,1,1,0,5,3,1,0,0
Tnc,36475,1988,370,222,531,160,66,62,75
Pappa,1093,119,19,10,50,44,68,19,38
Astn2,4,2,2,0,1,1,0,0,2
Trim32,260,20,7,3,15,11,5,8,14
Tlr4,540,53,23,1,22,5,7,8,10
Brinp1,4,0,0,0,0,0,0,0,0
Cdk5rap2,216,27,10,4,15,9,5,11,4
Megf9,223,39,13,6,40,20,10,12,7
Tle1,653,76,28,11,47,23,17,18,26
Aldoart1,0,0,0,0,0,0,0,1,0
2310002L09Rik,0,0,0,0,0,0,0,0,0
Frmd3,11,1,0,1,7,4,2,1,2
Kdm4c,256,31,9,3,16,9,13,10,11
A230083N12Rik,4,2,0,1,1,1,2,2,0
Dmac1,1007,124,43,12,61,15,28,10,21
Ptprd,336,28,5,11,39,20,28,23,17
Gm11261,0,0,0,0,0,0,0,0,0
Tyrp1,2,0,1,0,1,1,0,1,0
Lurap1l,206,29,12,1,32,5,6,3,9
Mpdz,1172,142,41,4,63,24,29,20,19
Gm11264,0,0,0,0,0,0,0,0,0
Gm5860,0,0,0,0,0,0,0,0,0
Nfib,4980,891,201,14,317,136,240,75,77
Gm11266,13,2,2,0,2,0,3,0,0
Zdhhc21,413,47,17,9,28,14,16,15,11
Cer1,1,0,0,0,0,1,0,0,0
Frem1,289,13,0,17,49,37,20,32,27
Ttc39b,564,75,20,3,26,10,17,5,7
Snapc3,414,39,11,6,32,15,10,9,16
Psip1,845,113,40,33,112,47,35,34,35
Ccdc171,75,7,2,1,5,3,4,0,0
Bnc2,175,52,22,5,39,19,18,3,8
Cntln,325,44,20,6,37,16,9,13,12
Sh3gl2,17,0,0,0,0,0,0,2,0
Adamtsl1,2802,314,108,6,131,54,61,38,42
Rraga,1533,181,43,13,77,43,33,29,29
Haus6,158,15,7,3,8,4,3,4,3
Plin2,2028,508,111,16,245,39,65,60,79
Dennd4c,702,87,22,14,46,18,33,15,12
Rps6,31390,5074,1443,288,1508,564,613,468,588
Acer2,39,5,1,0,3,1,0,1,1
Slc24a2,2,0,0,0,0,0,0,0,0
Mllt3,225,35,9,7,34,7,12,2,2
Focad,288,21,5,2,12,3,7,1,6
Hacd4,749,66,23,7,45,21,15,5,11
Ifnb1,0,0,0,0,0,0,0,0,0
Ifnab,0,1,0,0,0,0,0,0,0
Klhl9,1151,113,47,15,70,34,40,23,33
Gm26566,1,1,0,0,0,0,0,0,0
Gm13274,0,0,0,0,0,0,0,0,1
Gm13272,1,0,0,0,0,0,1,0,0
Ifnz,4,0,0,0,0,0,0,0,0
Gm26525,5,0,0,0,0,0,0,1,1
Gm26867,15,1,1,0,0,1,2,1,2
Gm13285,0,1,2,1,0,0,0,0,1
Gm13288,1,0,0,0,0,0,0,0,0
Wincr1,0,1,0,0,0,0,0,1,1
Mtap,641,96,32,3,33,19,12,13,24
Gm12606,2,0,0,0,0,0,0,0,0
Cdkn2a,152,25,1,1,13,10,1,1,3
Cdkn2b,262,24,0,5,17,8,1,5,3
Dmrta1,0,0,0,0,0,0,0,0,0
Elavl2,1,0,0,0,0,0,1,0,0
Gm12666,1,1,0,0,0,0,0,0,0
Tusc1,161,28,7,1,12,7,7,9,5
Caap1,274,30,10,2,8,8,12,4,4
Gm10306,1,0,0,0,0,0,0,2,1
Plaa,846,82,28,12,46,17,15,16,22
Ift74,593,51,9,6,45,12,18,15,8
Tek,197,39,13,0,58,7,5,15,7
Eqtn,2,1,0,0,1,0,1,0,0
Mysm1,817,77,13,6,47,14,23,21,25
Jun,30893,7987,2103,741,4888,1365,2478,1054,1226
Junos,39,5,1,2,3,1,0,4,1
Gm12708,0,0,0,0,0,0,0,0,0
Fggy,94,26,10,1,10,3,5,2,2
Hook1,2,0,0,0,0,0,0,0,0
Cyp2j12,6,1,0,0,0,0,1,0,0
Cyp2j6,798,65,18,6,34,29,22,15,16
Cyp2j9,487,42,8,1,12,8,12,5,5
Gm12695,3,0,0,0,0,0,0,2,0
E130114P18Rik,13,0,1,1,2,1,3,0,0
Nfia,6429,942,320,49,395,164,263,82,110
0610025J13Rik,8,0,0,0,0,0,0,0,0
Tm2d1,1209,160,59,18,98,39,33,27,26
Patj,60,5,1,0,1,0,1,0,4
L1td1,2,1,0,0,0,0,0,0,0
Kank4,29,0,0,0,2,5,0,2,2
Usp1,814,60,18,8,36,17,20,8,12
Dock7,1308,113,41,15,88,33,47,25,24
Gm12681,5,0,0,1,0,0,0,0,1
Atg4c,142,19,2,3,11,5,6,4,2
Gm12689,19,4,2,1,4,0,1,0,1
Gm12688,11,0,0,3,0,7,0,3,2
Foxd3,41,0,3,7,7,38,4,2,2
Alg6,240,22,8,3,11,8,8,1,6
Itgb3bp,350,53,16,8,30,7,6,7,4
Efcab7,41,6,0,0,2,0,1,0,1
Pgm2,366,59,12,2,31,8,8,5,6
Ror1,437,55,4,1,19,6,13,2,3
Cachd1,551,76,31,8,42,21,29,19,24
Raver2,89,9,3,0,6,3,0,4,3
Jak1,3975,1115,304,45,440,127,180,88,100
Gm12796,2,1,1,0,0,0,0,0,1
E130102H24Rik,187,14,4,2,11,0,3,6,9
0610043K17Rik,33,12,5,1,10,2,4,0,1
Gm12798,2,2,0,0,1,0,0,0,0
Ak4,63,26,4,1,6,5,2,2,0
Dnajc6,14,1,1,1,1,0,0,0,3
Leprot,3199,314,95,25,171,74,56,37,48
Lepr,1757,55,28,9,104,18,34,28,23
Pde4b,888,157,67,10,53,60,86,16,25
Sgip1,251,13,3,3,8,3,6,5,3
Gm12709,0,0,0,0,0,0,0,0,0
Tctex1d1,2,0,0,0,0,0,0,1,0
Insl5,0,0,0,0,0,0,0,0,0
Wdr78,26,1,2,0,1,2,1,0,0
Mier1,1730,224,65,30,125,48,52,31,38
Slc35d1,230,55,20,10,21,6,20,5,3
Gm44037,1,0,1,0,2,0,0,0,0
Oma1,241,23,9,5,12,2,5,6,4
Dab1,2,0,0,0,0,1,0,0,0
Fyb2,21,2,0,0,3,1,0,0,0
Prkaa2,200,31,11,0,8,1,2,1,3
Plpp3,39718,4504,1293,84,1458,423,745,340,384
Gm12728,5,1,0,1,1,0,0,0,0
Usp24,619,76,29,8,55,21,24,24,19
Pcsk9,107,3,0,2,5,1,2,0,2
Dhcr24,129,20,10,6,10,6,2,5,2
Ttc22,0,0,0,0,1,0,0,0,0
Pars2,29,0,2,0,2,0,0,0,1
Ttc4,399,50,17,9,25,12,12,9,11
Acot11,43,4,0,0,3,2,4,3,2
Ssbp3,1742,264,86,29,198,60,78,57,44
Mrpl37,316,39,14,4,24,9,5,12,9
Cyb5rl,51,6,1,0,3,0,3,1,2
Gm12802,6,2,0,2,3,2,1,1,2
Tceanc2,249,37,9,5,20,7,9,10,8
Tmem59,8314,981,310,113,646,247,332,188,186
Lrrc42,479,35,14,11,39,12,22,12,17
Hspb11,696,112,30,19,57,21,23,25,27
Yipf1,1453,149,59,20,114,23,37,34,30
Ndc1,300,24,11,7,13,5,10,6,7
Glis1,51,18,15,1,9,5,9,2,3
4933424M12Rik,0,0,0,0,0,0,0,0,0
Lrp8,10,5,2,4,2,1,1,2,1
Lrp8os2,0,0,0,0,0,0,0,0,0
Magoh,2073,317,118,55,199,64,76,70,72
0610037L13Rik,1169,155,34,14,115,32,43,30,31
Cpt2,334,26,9,3,13,5,7,2,5
Slc1a7,38,9,0,0,0,1,1,1,2
Podn,3005,446,165,19,251,79,125,53,56
Scp2,2879,392,96,24,177,70,80,46,50
Echdc2,558,60,18,5,44,12,29,10,25
Zyg11a,2,0,0,0,0,1,0,0,0
Zyg11b,855,72,21,7,37,15,15,9,17
Coa7,174,15,8,3,8,6,9,4,2
Fam159a,3,0,0,0,0,0,0,0,0
Gpx7,3108,323,73,56,218,96,74,46,65
Zcchc11,985,129,46,23,100,33,46,26,45
Prpf38a,568,108,31,9,58,22,24,20,15
Orc1,12,2,0,1,2,2,3,1,1
Cc2d1b,402,39,8,4,25,7,12,6,11
Gm17354,124,18,2,2,7,2,3,0,7
Zfyve9,668,68,29,8,33,14,13,19,13
3110021N24Rik,75,12,1,2,3,0,3,1,2
Btf3l4,353,50,21,9,21,10,15,5,13
Txndc12,846,101,27,14,77,32,31,12,34
A730015C16Rik,3,1,0,0,0,0,1,1,0
Kti12,337,50,14,7,26,11,13,10,9
Rab3b,7,0,0,0,0,1,1,0,0
Nrd1,1216,169,45,28,93,40,49,32,43
Osbpl9,1462,182,61,18,94,38,41,23,24
Calr4,7,0,0,0,0,0,0,0,0
Eps15,1301,116,37,18,53,28,31,10,21
Ttc39a,23,2,0,0,2,1,0,0,0
Rnf11,1805,246,81,35,137,61,74,41,38
Cdkn2c,1000,81,20,7,51,19,37,11,11
Faf1,618,100,27,11,45,15,24,10,14
Dmrta2,5,6,0,0,2,0,2,1,1
Bend5,138,6,3,4,12,4,5,5,3
Spata6,475,36,15,6,28,13,13,16,12
Slc5a9,0,0,0,0,0,0,0,0,0
Skint8,1,1,0,0,0,0,0,0,0
Skint7,0,1,0,0,0,0,0,0,0
Skint1,0,0,0,0,0,0,0,0,0
Skint4,0,0,0,0,0,0,0,0,1
Skint3,0,0,0,0,0,1,0,0,0
Trabd2b,411,46,10,4,23,12,14,7,7
9130410C08Rik,0,1,0,0,1,0,0,0,1
Foxd2,42,2,3,4,6,8,0,2,3
Cmpk1,1985,227,72,28,149,67,64,34,55
Stil,18,0,0,1,3,2,1,0,0
Tal1,0,0,0,0,0,0,0,0,0
Pdzk1ip1,0,0,0,0,0,1,0,0,0
Cyp4x1,3,1,3,0,1,0,1,2,4
Cyp4b1,2633,728,284,12,167,53,66,49,50
Efcab14,1240,159,42,11,108,31,34,25,28
Atpaf1,226,20,9,4,15,3,7,2,7
Mob3c,264,103,17,8,44,13,33,9,3
Mknk1,280,38,7,2,20,13,11,5,3
Kncn,1,1,0,0,1,0,0,0,0
6430628N08Rik,0,0,0,0,2,0,1,1,0
Faah,17,2,0,0,1,2,0,0,1
Nsun4,208,31,8,0,18,6,4,8,5
Uqcrh,13360,1759,541,167,926,317,342,209,294
Lrrc41,799,82,44,16,66,18,25,15,16
Rad54l,23,1,0,2,2,0,3,0,5
Pomgnt1,353,39,17,3,28,16,15,6,8
Lurap1,38,3,0,0,1,3,0,1,1
Tspan1,1,0,0,0,0,0,0,0,0
Pik3r3,48,7,2,9,16,2,8,4,6
Mast2,460,49,20,12,29,15,17,4,8
Ipp,46,3,0,0,2,0,2,2,2
Tmem69,64,9,3,1,2,0,5,3,1
Gm12953,0,1,0,1,0,0,0,0,0
Gpbp1l1,549,77,18,11,58,18,28,15,17
Ccdc17,16,3,4,0,3,0,0,0,0
Nasp,860,261,64,49,137,52,66,22,40
Akr1a1,6255,766,259,101,472,184,215,132,138
Prdx1,11814,1955,566,233,1105,353,393,250,299
Mmachc,73,15,3,1,6,0,1,2,0
Ccdc163,163,28,7,5,12,4,5,1,1
Tesk2,67,7,1,1,7,4,3,1,1
Toe1,308,25,10,1,11,8,11,3,10
Mutyh,24,2,0,2,0,0,2,0,0
Hpdl,6,0,1,0,0,0,0,0,0
Gm12996,6,0,0,0,0,0,0,0,0
Urod,764,109,22,8,60,16,19,14,15
Hectd3,259,29,12,1,18,4,11,5,6
Eif2b3,374,43,11,2,16,6,10,12,13
Ptch2,104,13,6,12,33,11,6,5,13
Btbd19,90,8,5,1,11,5,8,3,1
Tctex1d4,2,0,0,0,2,0,0,0,0
Plk3,131,98,26,11,51,13,24,7,4
Rps8,79583,14419,4263,946,5238,1948,2206,1210,1580
Kif2c,50,0,3,1,2,9,1,0,0
Armh1,1,0,0,0,0,1,0,0,1
Tmem53,315,40,14,3,18,6,8,3,8
Rnf220,701,77,29,4,31,15,25,10,13
Gm12843,2,1,0,0,1,0,0,0,0
Eri3,967,108,33,13,98,28,41,20,26
Dmap1,281,36,14,3,19,4,8,8,6
Gm12840,1089,1465,709,21,624,379,303,62,25
Slc6a9,186,15,9,2,23,4,9,2,2
Ccdc24,12,1,0,0,1,2,1,4,0
B4galt2,551,48,4,5,29,16,15,11,10
Gm12841,2,0,0,0,0,0,0,1,0
Atp6v0b,3543,610,170,93,403,129,141,91,112
Dph2,107,17,1,1,5,1,2,3,2
Ipo13,289,21,12,2,20,5,8,1,9
Artn,40,2,1,0,3,2,0,0,0
St3gal3,176,19,1,4,24,12,3,3,5
9530034E10Rik,11,0,0,0,0,1,2,0,0
Kdm4a,536,39,15,4,31,15,21,10,9
Ptprf,179,13,9,8,11,12,9,13,6
Szt2,157,7,3,0,11,7,4,4,2
Med8,943,98,36,14,57,18,15,21,17
Elovl1,1172,168,38,14,107,40,48,30,23
Cdc20,159,17,7,11,15,35,5,2,1
Tie1,0,0,1,0,0,0,0,0,0
2610528J11Rik,0,0,0,0,0,0,0,0,0
Tmem125,0,0,0,0,0,0,0,0,0
Cfap57,0,0,0,0,0,0,0,0,0
Ebna1bp2,1376,198,57,22,92,39,33,28,33
Gm12862,0,0,0,0,0,0,0,0,0
Slc2a1,380,55,53,11,70,19,16,4,10
Zfp691,35,7,2,0,6,0,5,5,1
Ermap,6,0,0,0,0,1,0,0,1
Svbp,2017,258,70,34,172,93,76,32,76
AU022252,331,43,14,3,21,10,12,10,13
Tmem269,1,0,0,0,1,0,0,0,0
P3h1,1602,149,41,28,146,52,39,22,31
Cldn19,4,0,0,0,0,0,0,5,0
Ybx1,14943,2338,793,323,1266,478,453,356,395
Ppih,396,61,22,4,24,15,9,8,6
Ccdc30,35,3,0,1,2,2,0,1,0
Ppcs,229,18,7,2,6,3,7,3,4
Zmynd12,8,0,0,0,0,0,0,0,0
Frg2f1,83,8,1,0,3,6,4,3,3
Foxj3,699,71,21,4,39,14,21,14,19
Guca2a,4,0,0,0,0,0,0,0,0
Hivep3,692,89,21,0,16,23,15,13,20
Edn2,0,0,0,0,0,0,0,0,0
Foxo6,27,1,0,4,10,1,3,1,5
Foxo6os,17,0,0,0,0,0,0,0,0
Scmh1,539,58,16,17,53,16,33,5,14
Ctps,954,120,63,13,44,16,47,13,18
Cited4,12,1,0,1,2,5,13,1,1
Kcnq4,18,4,2,0,6,3,4,7,1
Nfyc,636,60,30,10,34,12,20,11,9
Rims3,2,0,0,0,0,0,0,0,0
Exo5,130,9,1,3,9,6,1,5,3
Zfp69,15,2,0,0,2,1,0,2,1
Smap2,379,51,14,9,40,8,16,6,9
Col9a2,7,0,0,0,2,0,0,2,0
Zmpste24,989,106,40,6,56,18,21,22,14
Rlf,721,122,25,14,65,26,24,11,21
Ppt1,1073,173,68,19,82,37,41,23,26
Cap1,753,125,40,29,82,42,44,32,39
Mfsd2a,2,3,1,5,0,0,1,2,0
Mycl,18,0,0,3,2,0,1,3,1
Trit1,127,18,1,2,7,3,2,1,2
Ppie,560,81,27,9,36,15,15,16,19
Heyl,81,3,0,9,8,6,3,3,0
Pabpc4,1113,180,48,12,96,21,37,14,21
Bmp8a,3,7,2,0,8,0,0,5,1
Macf1,2175,208,55,26,129,47,53,47,54
Gm12925,5,0,0,0,2,0,1,0,0
Ndufs5,3398,525,174,82,305,124,101,91,80
Akirin1,743,117,54,27,114,33,40,47,27
Rhbdl2,6,6,0,0,0,0,2,0,0
Gm26606,21,13,4,2,6,1,0,1,0
Mycbp,284,53,15,5,18,12,12,10,9
Gm12905,1,0,0,0,0,0,0,0,0
Rragc,1517,228,65,39,125,35,46,26,41
4930535I16Rik,0,0,0,0,1,0,0,0,0
3100002H09Rik,2,0,0,0,0,1,0,0,0
Pou3f1,66,31,17,6,37,45,10,12,8
Utp11,1161,164,61,12,89,32,30,37,26
Fhl3,29,13,3,3,12,1,2,4,4
Sf3a3,733,110,35,15,48,26,22,19,21
Inpp5b,253,19,7,1,9,7,8,1,4
Mtf1,287,50,12,7,21,9,8,5,5
1110065P20Rik,1169,129,32,23,104,44,38,30,24
Yrdc,750,180,56,29,89,25,21,18,22
Maneal,12,2,0,0,2,0,0,0,0
Epha10,0,2,1,0,0,1,0,0,1
Cdca8,146,12,18,7,17,16,11,1,2
9930104L06Rik,96,9,2,1,6,1,0,4,1
Rspo1,1594,106,72,96,206,91,161,121,97
Gnl2,761,123,34,24,68,25,29,31,22
Dnali1,5,0,0,0,0,2,1,2,0
Snip1,256,24,7,3,21,15,8,4,9
Gm12932,2,0,0,0,0,0,0,0,0
Meaf6,506,64,25,8,35,13,16,15,25
Zc3h12a,597,156,42,5,72,12,43,19,33
Grik3,4,0,1,0,2,2,1,0,0
2610028E06Rik,63,11,2,0,5,2,3,1,1
Csf3r,4,2,0,0,0,3,0,0,1
Mrps15,1100,202,66,20,88,24,28,26,33
Oscp1,112,19,5,2,14,1,5,6,3
Lsm10,565,62,19,8,36,8,15,13,22
Stk40,665,242,57,35,122,43,72,47,41
Eva1b,3228,388,89,60,264,149,167,67,103
Sh3d21,69,7,1,5,10,20,7,7,11
Thrap3,1653,221,67,34,116,42,62,43,41
Map7d1,1489,376,137,53,241,58,105,54,44
Trappc3,1316,164,52,25,96,46,34,35,34
Col8a2,103,1,1,2,3,8,8,1,3
Adprhl2,501,47,13,7,38,13,10,8,12
Tekt2,61,5,2,3,5,1,6,1,0
Ago3,804,109,30,17,56,22,23,19,13
Ago1,396,46,20,5,24,8,10,11,7
Ago4,272,22,9,2,15,7,8,3,4
Clspn,59,21,7,4,8,7,5,1,4
5730409E04Rik,330,27,5,1,8,7,6,3,5
Psmb2,3601,616,159,75,367,115,107,88,100
Tfap2e,12,6,1,0,0,0,1,0,0
Ncdn,340,40,6,2,17,13,3,9,1
AU040320,289,35,7,2,16,8,10,3,9
Zmym4,524,57,7,13,30,17,18,10,19
Sfpq,4336,873,229,85,377,165,184,95,144
Zmym1,126,31,9,2,20,9,11,9,14
Zmym6,125,15,0,1,8,7,3,2,2
Tmem35b,62,17,6,1,9,4,6,3,0
Dlgap3,0,0,1,0,0,1,1,2,1
Smim12,412,47,17,4,41,13,12,12,10
Gja4,2,0,0,2,3,0,0,1,0
Gjb3,19,1,2,0,1,0,0,1,0
Gjb4,1,3,0,0,0,0,0,0,0
Gjb5,48,4,6,0,6,0,1,0,2
Zscan20,30,2,0,1,2,2,0,0,0
Tlr12,1,1,0,0,0,0,0,0,0
Phc2,1141,106,39,16,52,30,23,27,20
A3galt2,7,10,1,2,5,2,2,1,0
Zfp362,352,21,10,5,24,15,13,6,6
Trim62,72,7,1,1,4,4,1,4,1
Azin2,513,56,27,10,38,18,23,5,10
Ak2,1724,275,80,30,147,46,54,48,38
1700086P04Rik,3,0,0,0,1,1,1,1,1
Rnf19b,1750,651,201,45,336,112,202,23,45
Tmem54,2,4,1,1,2,2,2,0,0
Hpca,1,0,0,0,1,0,0,0,0
Gm15906,0,1,0,0,0,1,0,0,0
Fndc5,46,9,3,1,12,4,4,0,2
S100pbp,370,47,15,1,26,15,21,10,10
Yars,574,67,22,6,38,19,18,11,9
C77080,49,11,0,1,3,3,2,1,3
Gm12976,2,3,1,9,1,0,1,0,2
Sync,1,0,0,0,1,0,0,0,0
Rbbp4,1384,251,95,43,166,47,71,51,58
Gm26722,10,4,3,0,1,2,3,0,0
Zbtb8os,786,106,40,4,54,25,18,9,17
Zbtb8a,269,18,8,0,22,5,7,6,1
Bsdc1,503,73,24,10,43,18,16,14,16
Fam229a,1,0,0,1,1,1,0,0,0
Marcksl1,651,102,22,40,102,71,55,45,25
Hdac1,926,213,73,30,104,46,45,37,39
Lck,1,1,0,1,3,0,0,2,1
Fam167b,0,0,0,0,0,0,0,0,0
Eif3i,4473,632,189,70,337,102,124,103,108
Tmem234,3099,410,109,48,222,94,106,58,57
Dcdc2b,12,4,0,0,0,2,1,1,1
Iqcc,144,14,3,2,8,4,2,8,2
Ccdc28b,579,49,12,10,46,16,21,11,9
Txlna,787,127,34,17,56,28,22,16,23
Kpna6,546,60,15,11,29,13,19,5,12
Tmem39b,178,36,9,7,30,5,20,4,5
Khdrbs1,1925,301,84,25,154,61,69,48,62
Ptp4a2,6877,857,277,70,491,142,209,102,120
E330017L17Rik,14,2,1,1,5,0,0,0,0
Spocd1,1,0,0,0,0,0,0,0,0
1700003M07Rik,2,1,0,0,2,0,0,0,0
Adgrb2,16,0,2,3,7,2,4,5,6
Gm12963,10,2,0,0,1,1,0,0,0
Col16a1,8429,339,117,91,474,300,269,88,146
Pef1,567,50,23,2,38,14,14,8,10
Tinagl1,12,3,0,1,1,1,0,0,1
Serinc2,10,0,0,1,2,0,0,2,1
Fabp3,25,1,1,1,2,4,2,1,0
Zcchc17,1085,128,41,11,59,26,25,16,16
Snrnp40,718,73,20,16,64,19,19,21,17
Nkain1,6,5,1,1,1,0,0,0,0
Pum1,1992,237,67,35,166,79,74,52,62
Sdc3,250,29,4,18,32,66,13,19,18
Gm26716,0,0,0,0,0,0,0,0,0
Laptm5,6,7,32,3,2,11,18,5,5
Ptpru,232,11,5,1,3,0,6,2,8
Mecr,345,53,15,4,25,4,8,14,5
Srsf4,791,72,31,15,52,24,26,19,20
Tmem200b,3,0,0,0,1,0,0,1,0
Epb41,244,25,7,5,19,9,9,8,5
Gm13063,0,0,0,0,0,0,0,0,0
Gm10300,1,0,0,0,1,0,0,0,0
Ythdf2,725,146,42,19,74,29,33,13,20
Gmeb1,241,27,14,4,18,3,9,7,9
Gm28874,11,1,1,0,0,0,0,0,2
Taf12,602,107,34,10,54,13,23,10,15
Rab42,18,1,2,2,0,1,1,0,0
Snhg12,1290,279,76,43,172,43,81,54,48
Trnau1ap,965,138,37,15,63,24,23,22,29
Rcc1,290,41,16,9,25,12,7,7,6
Gm17300,0,0,0,0,0,0,0,0,0
Phactr4,355,37,25,5,24,12,21,8,12
Med18,50,2,2,0,1,3,2,0,1
Sesn2,107,47,17,9,26,13,11,2,5
Gm12981,7,6,0,2,8,1,1,0,0
Atpif1,6075,718,250,142,517,190,174,122,156
Gm12999,1,0,0,0,0,0,0,0,0
Dnajc8,1895,254,86,27,133,54,45,50,42
Ptafr,2,1,3,0,1,0,0,0,0
Eya3,261,38,12,1,4,4,8,3,6
Xkr8,98,9,3,0,5,5,3,2,3
Smpdl3b,84,1,2,0,3,2,2,2,1
Rpa2,320,38,9,6,24,9,10,9,5
Themis2,0,0,1,0,0,0,0,0,0
Ppp1r8,382,36,13,6,17,7,6,9,11
Stx12,1081,148,43,16,76,30,45,22,21
Fam76a,1158,147,47,8,46,21,38,14,17
Fgr,3,0,6,0,0,0,0,0,0
Ahdc1,452,70,25,8,50,21,31,16,20
Gm26615,45,17,3,1,17,4,10,2,1
Wasf2,2250,244,81,26,170,65,65,35,50
Gpr3,0,0,0,1,1,0,0,0,0
Cd164l2,6,3,1,0,3,0,1,1,3
Map3k6,414,45,13,4,24,8,12,12,13
Sytl1,5,1,0,0,1,2,3,0,0
Tmem222,979,92,26,12,78,28,20,17,20
Wdtc1,496,44,13,7,27,4,17,9,5
Slc9a1,1230,132,38,6,76,29,36,10,12
Fam46b,41,14,2,1,3,0,3,1,1
Trnp1,193,24,4,2,30,8,10,3,10
Kdf1,0,0,0,0,0,0,0,0,0
Nudc,2020,305,96,42,182,63,59,56,58
Gpatch3,51,5,4,1,2,3,1,0,2
Gpn2,206,36,9,9,19,8,15,4,6
Sfn,76,13,6,2,7,10,6,1,9
Zdhhc18,447,60,17,11,27,17,11,15,19
Pigv,179,12,5,1,12,6,3,3,2
Arid1a,1336,217,62,30,122,43,58,42,36
Rps6ka1,8,1,0,2,2,1,1,1,1
Gm12977,0,1,0,0,0,0,0,1,0
Hmgn2,1287,280,139,118,235,99,104,70,74
Dhdds,407,49,21,12,24,14,11,11,5
Lin28a,0,0,0,0,0,0,0,0,0
Crybg2,0,1,0,0,0,0,0,0,0
Cd52,11,21,39,14,7,8,15,5,8
Ubxn11,15,3,2,0,4,0,2,0,1
Sh3bgrl3,3498,810,351,93,443,144,162,71,99
Cep85,178,34,10,4,20,10,10,4,13
Catsper4,1,2,1,0,0,0,0,0,0
Cnksr1,3,5,4,0,0,0,0,1,0
Zfp593,483,80,32,11,36,12,15,16,12
Grrp1,3,0,0,0,2,4,0,1,0
Pdik1l,122,15,5,3,8,4,1,0,5
Trim63,2,0,0,0,0,0,0,1,0
Slc30a2,1,0,0,0,0,0,0,0,0
Extl1,2,1,0,0,0,0,0,1,0
Pafah2,119,15,3,0,6,4,5,3,5
Stmn1,1021,117,114,140,166,126,77,31,42
Paqr7,165,24,9,2,10,13,3,7,5
Aunip,8,0,0,1,2,0,2,0,0
Mtfr1l,1288,158,58,26,91,37,46,33,23
Selenon,1978,249,104,19,157,50,47,35,33
Man1c1,1368,191,51,2,57,26,36,15,14
Ldlrap1,470,45,18,4,28,11,15,8,9
Tmem57,968,149,29,22,106,29,48,29,17
Rhd,18,1,0,0,0,0,1,0,0
Tmem50a,7732,799,255,64,412,149,193,107,128
Rsrp1,4799,1344,584,258,1274,328,433,286,335
Syf2,1650,234,69,31,163,59,53,40,55
Gm16225,2,0,0,1,3,1,2,3,2
Runx3,150,12,1,30,45,38,19,34,20
Clic4,7221,1608,511,85,654,194,362,95,150
Srrm1,1931,293,69,38,173,80,69,64,48
Ncmap,7,0,0,0,0,0,0,7,1
Rcan3,267,26,7,3,13,13,8,6,6
Nipal3,16,3,2,0,1,0,0,1,1
Stpg1,3,0,0,0,0,0,0,0,1
Grhl3,0,0,0,0,0,0,0,0,0
Ifnlr1,0,0,0,1,1,0,1,0,0
Myom3,1,0,0,0,0,0,0,0,0
Srsf10,1333,294,84,50,158,52,51,34,37
Pnrc2,1075,130,32,16,73,22,29,29,23
Cnr2,0,1,2,0,0,0,0,0,0
Fuca1,2931,352,115,28,241,80,109,41,60
Hmgcl,614,64,20,11,43,15,13,10,8
Gale,99,12,2,3,2,3,2,1,1
Lypla2,587,60,16,4,30,15,15,10,17
Pithd1,380,50,14,10,19,15,14,13,9
Eloa,520,119,41,13,79,31,30,22,19
Rpl11,41520,6596,1925,628,3139,923,1164,811,939
Id3,8098,2067,768,239,1372,299,727,328,336
E2f2,18,1,1,0,1,2,4,1,0
Asap3,258,38,4,3,22,10,9,5,4
Tcea3,626,118,47,8,62,17,29,7,11
Zfp46,269,20,9,4,17,5,7,5,11
Hnrnpr,1515,208,66,40,136,58,74,47,46
Htr1d,2,7,0,0,1,1,1,0,0
6030445D17Rik,9,1,1,0,1,0,0,0,0
Luzp1,1440,217,52,30,156,62,77,51,58
Kdm1a,1065,155,47,21,105,39,35,25,27
Ephb2,548,38,14,8,44,23,18,12,10
C1qb,5,4,0,2,5,2,7,1,1
C1qc,2,0,1,0,2,4,2,0,0
C1qa,5,2,3,2,1,4,6,0,0
Zbtb40,120,14,3,2,5,3,2,2,3
Wnt4,64,40,10,2,17,9,5,4,7
Cdc42,8854,1272,434,151,796,272,293,197,185
2810405F17Rik,58,6,3,0,3,1,3,0,4
Gm13010,2,0,0,0,0,0,0,0,0
Hspg2,6902,390,114,90,425,271,187,129,99
Usp48,773,101,34,15,60,30,27,15,10
Rap1gap,14,2,1,3,3,5,2,2,3
Alpl,1233,34,14,13,41,22,16,37,24
Ece1,2649,245,72,11,131,43,54,35,37
Gm13012,0,0,0,0,0,0,0,0,0
Eif4g3,1963,234,71,24,129,44,56,32,32
2310026L22Rik,1,1,0,0,0,0,2,0,0
Hp1bp3,2324,262,92,26,144,75,79,34,46
Sh2d5,3,2,0,0,3,0,0,0,0
Kif17,6,6,0,0,5,0,1,1,2
Ddost,5359,760,214,84,463,139,163,109,115
Pink1,2034,184,56,12,88,34,55,23,30
Cda,83,27,8,0,4,3,2,2,1
AB041806,1,1,0,0,0,0,0,0,2
Mul1,324,40,10,2,23,15,13,5,3
Camk2n1,1167,192,52,24,98,54,53,32,38
Vwa5b1,0,0,1,0,0,0,1,0,0
Pla2g2f,0,0,0,0,0,0,1,0,0
Pla2g2d,50,5,2,0,2,1,1,1,0
Pla2g5,571,47,26,0,19,4,2,3,4
Pla2g2e,811,111,53,0,4,3,2,1,4
Otud3,106,24,8,1,9,2,4,7,6
Tmco4,158,19,8,1,13,4,2,1,3
Htr6,6,0,0,1,0,0,1,0,0
Nbl1,12167,1388,425,134,911,273,324,178,265
Minos1,6616,920,286,87,451,174,172,98,157
Gm16287,20,10,1,0,1,2,0,0,1
Capzb,6239,734,250,67,334,111,122,85,99
Pqlc2,169,12,10,2,13,0,4,1,4
Akr7a5,913,104,32,10,81,27,32,19,26
Mrto4,1047,137,42,17,79,22,21,25,20
Emc1,720,83,23,9,33,25,28,11,13
Ubr4,793,105,45,16,57,27,24,24,13
2700016F22Rik,13,1,1,1,1,0,1,1,0
Iffo2,345,62,37,6,46,28,22,8,6
Aldh4a1,96,10,6,2,5,3,2,2,3
Tas1r2,0,0,0,0,1,1,0,0,1
Pax7,1,0,0,0,0,0,0,0,0
Gm1667,8,1,1,0,2,0,0,0,0
Klhdc7a,9,3,1,0,0,0,0,0,0
Igsf21,4,3,0,0,0,0,4,0,1
Arhgef10l,472,77,30,8,37,17,22,8,9
Rcc2,942,89,28,17,84,26,28,21,24
Padi4,0,0,0,0,0,0,0,0,0
Padi3,0,0,0,0,0,1,0,0,1
Padi1,2,1,0,0,0,0,0,0,1
Padi2,2,0,1,0,0,2,1,1,0
Gm13031,1,0,0,0,1,0,0,0,0
Sdhb,1985,277,73,47,190,46,44,49,63
Atp13a2,289,24,10,4,14,5,8,4,4
Mfap2,8962,753,181,161,783,386,473,84,248
Crocc,156,9,7,2,5,3,2,1,3
Necap2,705,98,27,22,76,25,19,20,22
Szrd1,979,156,43,19,83,26,46,24,24
4921514A10Rik,1,0,0,0,1,0,0,0,0
Fbxo42,227,32,12,10,19,4,10,5,4
Rsg1,3,1,1,0,0,0,0,0,0
Arhgef19,220,15,4,6,20,4,11,3,5
Gm13056,5,1,0,0,2,0,1,0,1
Epha2,9,1,2,0,3,3,6,0,0
Fam131c,0,0,0,0,0,0,0,0,0
Gm13075,24,17,4,5,1,3,3,8,12
Clcnkb,2,0,0,0,0,0,0,0,0
Hspb7,29,7,3,0,0,0,1,1,3
Zbtb17,175,22,10,2,8,5,5,4,4
Spen,603,95,20,8,69,32,34,23,19
Fblim1,363,24,4,1,18,9,8,3,2
Tmem82,9,8,2,0,1,1,2,1,2
Slc25a34,8,22,2,1,5,3,0,1,3
Plekhm2,825,151,40,7,68,26,32,17,16
Ddi2,1498,175,62,8,54,14,34,12,15
Dnajc16,96,14,3,2,5,2,2,1,2
Casp9,182,16,3,2,9,4,1,4,3
Ctrc,0,0,0,0,0,0,0,0,0
Efhd2,811,123,57,16,55,14,28,16,13
Gm29367,7,0,0,0,0,0,0,1,2
Fhad1,2,0,0,0,0,0,0,0,0
4930455G09Rik,0,0,0,1,0,0,0,0,0
Tmem51,92,14,3,0,4,4,5,0,0
Tmem51os1,23,10,3,0,4,2,1,3,1
Kazn,376,24,12,4,24,12,14,2,7
Gm13052,1,0,0,0,1,0,0,0,1
Prdm2,586,217,61,25,100,36,62,21,25
Pdpn,12530,2242,505,39,518,146,209,111,127
Pramef8,229,28,20,2,26,11,15,3,7
Pramef12,8,0,0,0,0,0,0,0,0
Pramef12os,1,0,0,1,0,0,0,0,0
Dhrs3,806,101,45,17,104,24,41,22,12
Vps13d,599,66,18,8,47,18,24,15,13
Tnfrsf1b,288,80,42,1,41,7,19,7,6
Tnfrsf8,2,0,0,0,0,0,0,0,0
Zfp990,1,0,0,0,0,0,0,0,2
Gm13212,44,7,1,0,9,0,1,0,0
Gm13166,4,1,3,0,0,2,0,1,1
Zfp992,97,12,2,2,4,7,3,1,2
Zfp981,1,0,0,0,0,0,0,1,0
Gm26880,0,0,0,0,0,0,0,0,2
Zfp993,6,1,0,0,2,0,0,0,0
C230088H06Rik,2,1,1,0,0,0,0,1,1
Zfp991,97,14,3,0,7,5,0,2,1
Gm26624,42,0,1,0,1,0,0,0,0
Zfp982,27,4,1,1,4,1,3,4,3
Gm16503,11,0,0,0,3,0,1,1,1
Zfp985,0,0,0,0,0,0,0,0,0
Zfp979,59,8,3,0,3,1,2,0,1
Gm16211,0,0,0,0,0,0,1,1,2
Zfp984,221,21,10,2,8,8,3,2,4
Gm20707,37,4,5,0,3,0,3,0,0
Zfp933,96,8,1,0,3,2,3,6,4
Miip,279,17,5,0,15,10,7,5,4
Fv1,3,0,0,0,0,1,0,0,0
Mfn2,504,63,20,9,39,11,12,13,6
Plod1,2231,241,75,23,134,83,54,25,21
2510039O18Rik,810,66,24,4,40,15,13,7,9
Nppb,0,0,0,0,1,1,0,0,0
Gm13054,6,1,0,1,0,0,0,0,0
Clcn6,219,19,12,2,16,7,12,2,4
Mthfr,415,56,18,3,36,13,11,5,8
Agtrap,1226,163,46,6,62,17,42,21,26
Draxin,283,5,4,7,17,8,6,22,6
Mad2l2,376,40,17,5,24,4,13,7,8
Fbxo6,741,115,31,4,41,18,17,6,12
Fbxo44,64,5,2,1,4,6,1,0,2
Fbxo2,18,11,1,5,11,7,7,6,4
Ubiad1,129,17,4,0,7,5,7,2,4
Mtor,313,32,13,4,16,11,6,9,10
Angptl7,76,5,0,0,0,5,0,1,0
Exosc10,457,62,24,1,33,11,15,6,11
Srm,2084,329,99,19,141,44,48,26,42
Masp2,1,1,1,0,0,1,1,0,0
Tardbp,1603,313,104,28,184,82,64,47,46
Gm13203,1,1,0,0,0,0,0,1,0
Casz1,2,2,0,1,0,1,1,2,0
Gm13205,12,0,0,0,0,1,0,0,4
Gm17029,2,1,0,0,0,0,0,0,1
Pex14,367,38,15,6,35,15,14,9,10
Dffa,154,19,5,2,5,2,4,3,0
Cenps,42,5,4,4,6,1,2,0,0
Pgd,1085,175,58,15,62,28,28,16,17
Kif1b,2158,268,101,37,172,63,75,57,61
Ube4b,984,141,38,10,74,21,27,11,18
Ube4bos1,2,1,0,0,0,0,0,0,0
Rbp7,0,0,0,0,0,0,0,0,0
Nmnat1,99,6,6,1,4,2,3,2,9
Lzic,253,43,16,6,22,13,11,13,11
Ctnnbip1,841,84,33,10,57,26,22,20,12
Clstn1,1492,150,64,12,94,46,68,31,32
Pik3cd,32,8,4,0,4,4,2,1,4
Tmem201,104,18,3,4,9,4,7,6,4
Slc25a33,153,34,12,4,24,5,8,10,6
Spsb1,477,126,90,2,83,32,72,10,9
H6pd,1152,178,53,2,31,16,25,11,20
Gm13067,0,0,0,0,0,0,0,0,0
Gpr157,23,3,1,2,3,3,0,5,0
Slc2a5,0,0,0,0,1,0,0,0,0
Car6,3,4,0,0,0,0,0,0,0
Eno1,1820,461,153,68,313,67,50,35,49
Rere,1430,191,50,13,84,44,43,25,22
Gm13091,5,2,0,1,0,1,0,0,0
Errfi1,5570,2126,682,234,1377,375,652,305,330
Park7,4285,690,237,85,331,99,134,120,139
Tnfrsf9,15,0,0,1,1,2,2,0,0
Camta1,560,58,20,25,55,24,19,26,16
Per3,297,44,6,4,18,10,7,8,6
Vamp3,826,138,30,10,48,23,33,19,17
Dnajc11,403,50,13,5,20,9,10,9,18
Thap3,588,41,10,8,42,19,20,8,16
Phf13,273,101,40,11,76,11,36,12,8
Klhl21,471,173,53,13,132,14,35,5,14
Zbtb48,80,13,3,2,13,3,5,1,1
Tas1r1,1,0,0,0,0,0,0,0,0
Nol9,157,36,5,2,26,2,7,6,30
Plekhg5,103,9,3,4,5,5,5,6,1
Tnfrsf25,9,3,0,0,3,0,0,2,0
Espn,11,2,0,1,4,3,6,2,2
Hes2,0,0,0,0,0,0,0,0,0
Acot7,333,57,28,15,31,9,14,8,6
Gpr153,3414,235,43,28,136,59,92,33,48
Icmt,486,45,13,6,34,7,19,11,11
Rnf207,3,0,0,2,2,0,0,2,0
Rpl22,26112,4592,1350,434,2208,680,807,566,725
Chd5,28,5,0,0,2,2,4,2,3
Kcnab2,56,17,3,1,8,3,0,2,3
Nphp4,27,6,1,0,3,1,3,1,1
Ajap1,14,0,0,1,0,4,0,2,0
A430005L14Rik,620,63,23,5,36,19,18,19,16
Dffb,109,8,1,2,10,3,6,2,6
Cep104,218,41,7,4,18,7,7,4,5
Lrrc47,297,40,5,2,16,4,13,6,4
Smim1,375,79,31,5,61,14,13,16,25
Ccdc27,2,0,1,0,0,0,0,0,0
Trp73,1,0,0,0,0,0,0,0,0
Wrap73,235,33,9,2,15,6,10,4,2
Tprgl,2954,259,82,23,169,83,84,62,68
Megf6,380,12,0,18,84,68,85,22,23
Arhgef16,7,0,0,0,0,1,0,0,1
Prdm16,134,26,2,3,7,3,3,6,2
Gm13111,2,0,0,0,0,1,0,0,0
Ttc34,1,0,0,0,1,0,1,0,1
Mmel1,1,0,0,0,0,0,0,0,0
Fam213b,421,61,20,9,39,12,14,11,9
Tnfrsf14,9,3,1,0,2,0,2,1,0
Hes5,2,0,0,1,3,1,2,0,0
Pank4,163,24,12,3,12,9,5,6,7
Plch2,1,0,0,0,1,0,0,0,0
Pex10,62,12,2,1,6,5,0,4,4
Rer1,3963,606,194,61,357,108,137,78,85
Morn1,23,3,1,1,3,0,2,2,0
Ski,3712,475,142,36,211,93,180,32,48
Faap20,627,78,22,2,47,11,13,8,11
Prkcz,16,3,1,1,1,0,0,0,2
Gm27200,0,0,0,0,0,0,0,0,0
Gabrd,11,0,0,0,1,0,0,0,0
Cfap74,26,9,1,1,4,0,1,0,1
Tmem52,32,3,0,0,0,1,3,1,0
Gnb1,4413,731,269,113,454,176,218,131,127
Nadk,1440,238,74,15,73,31,49,18,26
Slc35e2,162,40,10,9,25,5,4,7,6
Cdk11b,1083,156,43,22,115,41,40,32,31
Mmp23,4999,337,96,46,259,101,119,53,62
Mib2,266,34,7,0,28,8,9,7,11
Fndc10,200,11,7,1,10,5,7,2,2
Ssu72,1649,224,65,24,98,39,38,35,29
1500002C15Rik,32,3,0,2,0,2,1,0,0
Tmem240,51,10,4,1,8,5,4,0,1
Atad3a,463,55,27,2,24,7,10,10,10
Atad3aos,27,0,0,1,6,1,2,2,4
Vwa1,158,25,4,9,24,61,19,27,10
Gm26840,5,0,0,0,0,0,0,0,0
Tmem88b,4,0,0,0,1,0,0,2,2
Mrpl20,2983,399,134,54,235,79,82,64,66
Ccnl2,2270,302,83,57,255,88,113,62,63
Aurkaip1,1797,270,92,28,169,40,64,49,37
Mxra8,4021,611,152,49,254,148,164,70,60
Dvl1,509,58,16,6,42,16,13,14,14
Tas1r3,1,0,0,0,0,1,0,0,0
Cptp,111,20,6,0,3,3,1,4,2
Ints11,412,65,25,4,35,10,12,11,8
Pusl1,399,45,14,5,30,10,5,3,11
Acap3,466,63,8,3,32,7,17,6,11
Ube2j2,1279,165,59,25,116,28,26,30,25
C1qtnf12,463,99,16,11,73,28,26,10,17
B3galt6,258,21,9,2,11,7,7,3,4
Sdf4,4799,488,156,48,267,98,133,68,85
Tnfrsf4,12,3,0,2,3,3,0,0,0
Gm16008,4,1,1,0,0,0,1,0,0
Tnfrsf18,1,1,0,2,1,1,1,0,0
Ttll10,0,0,0,0,0,0,0,0,0
9430015G10Rik,54,5,6,0,2,3,1,3,8
Rnf223,1,0,0,0,2,0,0,0,0
Agrn,159,30,8,12,34,38,17,17,6
Isg15,321,498,191,14,248,38,124,60,28
AW011738,17,3,0,2,5,0,0,0,0
Perm1,1,0,0,0,1,0,0,0,0
Plekhn1,209,12,6,3,20,15,5,8,5
Noc2l,511,78,19,8,40,13,14,12,8
Samd11,2,3,1,0,2,26,5,2,1
Gm47252,0,0,0,0,0,0,0,0,0
Cdk6,608,77,16,11,20,27,15,8,12
Gm17590,2,0,0,0,1,0,0,0,0
Gm42435,0,0,0,0,0,0,0,0,0
Fam133b,949,182,69,26,120,40,42,36,35
1700109H08Rik,49,14,5,1,9,2,1,3,3
Rbm48,167,23,5,4,10,5,5,5,4
2510017J16Rik,56,22,6,2,13,6,7,5,1
Pex1,211,22,15,0,17,5,13,3,3
Gm43825,2,0,0,1,0,0,0,0,0
4833413G10Rik,23,1,0,3,3,8,3,0,0
Gatad1,1436,223,63,29,127,49,57,42,52
Ankib1,793,90,34,7,46,14,29,15,13
Krit1,1889,232,80,29,108,66,42,44,36
Lrrd1,8,5,1,1,5,3,1,0,0
Mterf1a,50,5,2,0,5,2,2,2,1
Akap9,1584,172,29,41,134,60,52,44,49
Cyp51,573,109,29,17,70,24,27,29,19
Mterf1b,5,2,0,0,2,0,1,0,0
Fzd1,2027,221,82,21,130,78,90,54,34
Cdk14,1743,209,63,10,90,55,62,33,36
Cldn12,100,28,8,3,10,4,9,6,4
Gtpbp10,180,13,8,0,15,6,1,3,3
Gm8773,22,13,3,1,7,3,0,5,1
Cfap69,44,5,11,2,1,1,4,0,6
Steap2,376,91,42,5,29,9,22,16,9
Steap1,239,73,20,7,41,5,13,10,2
Gm26825,41,13,2,0,4,1,4,4,3
Steap4,1727,514,163,14,174,40,147,38,38
Sri,2776,482,131,51,281,76,91,73,55
Adam22,148,18,4,2,9,7,7,4,2
Dbf4,149,25,12,6,12,16,6,1,3
Slc25a40,151,19,1,1,13,4,2,3,7
Rundc3b,2,1,0,1,0,0,0,0,0
Abcb1a,8,3,2,0,3,1,0,0,0
Gm5106,1,0,0,0,0,0,0,1,0
Abcb1b,303,149,45,3,37,10,16,11,14
Abcb4,0,2,2,0,0,2,6,0,0
Crot,585,60,9,2,30,14,14,14,13
Gm15611,1,0,0,0,0,0,0,0,0
Gm40264,1,0,0,0,0,1,0,0,0
Tmem243,219,82,17,15,46,19,23,32,8
Dmtf1,650,75,25,9,53,23,36,10,18
9330182L06Rik,26,1,2,0,1,1,1,1,1
Gm8953,0,0,0,0,0,0,0,0,0
Sema3d,479,25,10,5,20,6,8,1,3
Sema3a,763,79,26,6,14,24,16,1,6
Sema3e,21,35,3,0,10,7,11,7,2
Pclo,0,0,0,0,0,0,0,0,0
Cacna2d1,1492,124,30,21,86,43,51,31,35
Hgf,436,17,14,9,26,13,19,4,4
Gm28710,23,1,0,0,0,0,0,0,0
Sema3c,2061,302,108,10,233,58,74,36,52
Cd36,89,3,4,0,13,0,1,1,2
Gnat3,0,0,0,0,0,0,0,0,0
Gnai1,459,33,13,5,36,16,15,18,23
4921504A21Rik,32,2,1,0,2,2,0,4,3
Magi2,345,47,10,8,24,6,11,6,6
Phtf2,162,24,5,2,9,6,2,1,5
Tmem60,749,74,21,8,36,9,11,8,13
Rsbn1l,806,80,28,12,57,35,27,23,19
A630072M18Rik,122,21,7,2,4,6,4,2,1
Ptpn12,841,195,54,24,116,38,59,27,33
Gsap,61,9,4,0,4,8,5,1,2
Ccdc146,8,0,1,0,4,0,0,0,0
Fgl2,7591,3156,730,121,1063,367,645,166,239
Fam185a,86,16,3,3,9,3,0,1,1
Fbxl13,20,6,1,1,3,1,2,0,1
Lrrc17,1506,214,60,41,163,43,57,24,29
Armc10,280,52,10,3,13,13,7,4,4
Napepld,30,4,2,0,5,6,1,3,2
Pmpcb,869,117,22,15,62,24,20,16,29
Dnajc2,887,103,28,11,43,19,19,11,17
Psmc2,1701,206,82,41,113,38,37,44,40
Reln,31,1,2,1,6,9,6,4,1
Orc5,186,8,2,1,14,6,3,6,1
6030443J06Rik,13,2,0,0,2,0,1,0,0
Lhfpl3,2,0,0,0,8,2,0,0,1
5031425E22Rik,445,133,33,13,95,31,41,19,18
Kmt2e,3498,513,139,39,231,106,145,84,102
Srpk2,1510,180,56,26,99,28,38,32,23
Pus7,321,41,23,7,16,9,4,5,10
Rint1,380,47,11,4,28,7,11,6,9
Tomm7,4305,938,290,125,571,196,186,105,159
2700038G22Rik,46,49,8,6,21,6,6,5,6
Fam126a,563,102,30,14,81,20,40,35,23
Klhl7,454,62,23,7,44,17,26,13,7
Nupl2,89,5,1,2,5,1,1,2,1
Kcnh2,4,0,0,2,3,1,0,0,0
Nos3,8,0,0,0,0,0,0,1,0
Atg9b,0,0,0,0,0,0,1,0,0
Abcb8,108,8,5,4,8,0,6,3,3
Asic3,3,0,2,0,0,1,0,0,0
Cdk5,438,67,18,8,43,18,20,7,20
Slc4a2,778,87,25,9,58,21,28,20,15
Fastk,792,85,35,8,60,18,19,22,20
Tmub1,211,21,8,2,13,4,9,3,5
2310074N15Rik,10,1,0,0,1,1,2,0,0
Agap3,556,47,20,7,40,19,17,13,10
Gbx1,1,0,0,0,0,0,0,0,1
Asb10,1,0,1,0,0,0,0,0,1
Abcf2,618,79,30,12,42,20,15,15,11
Chpf2,1307,103,31,11,51,20,32,14,21
Smarcd3,224,24,11,6,17,8,15,6,11
Nub1,737,81,17,13,36,18,23,7,17
Gm26648,3,0,1,0,0,0,1,0,0
Wdr86,30,3,1,1,6,5,8,3,5
Crygn,20,7,0,0,2,2,2,0,2
Rheb,2784,513,180,94,351,123,122,115,96
Prkag2,282,31,8,3,19,6,12,5,4
Prkag2os2,3,0,0,0,0,0,0,0,0
Galnt11,483,61,24,5,45,8,13,18,23
Kmt2c,1151,149,33,17,113,48,55,47,31
4831440E17Rik,19,4,1,0,1,0,3,0,2
1700096K18Rik,133,22,7,1,8,5,6,8,3
Xrcc2,45,2,1,1,4,1,1,2,3
Actr3b,75,13,3,0,2,1,3,0,0
Dpp6,49,0,2,0,2,0,0,1,0
Paxip1,295,32,10,8,20,7,7,2,6
Gm26608,1,0,0,0,0,0,0,0,0
Insig1,710,184,49,27,131,32,43,18,34
En2,0,0,0,0,0,0,0,0,0
Rbm33,840,74,22,17,74,24,34,31,25
Shh,0,0,0,0,0,0,0,0,0
9530036O11Rik,1,0,0,0,2,1,0,0,0
Rnf32,0,0,0,0,0,0,0,0,0
Lmbr1,595,66,16,3,18,7,15,2,9
4632411P08Rik,5,1,1,0,0,1,0,0,0
Nom1,560,58,15,8,47,17,15,15,12
Ube3c,944,60,24,8,32,14,17,10,10
Gm5129,1,0,0,0,0,1,0,0,0
Dnajb6,2934,512,152,46,258,75,105,62,72
Gm42450,2,1,0,0,0,0,0,0,0
A230098N10Rik,0,0,0,0,0,0,0,0,0
Il6,5153,2010,701,34,379,376,710,61,93
Tyms,535,67,24,12,27,18,9,3,9
Gm4961,1,0,0,0,1,0,0,0,0
3110082J24Rik,3,1,0,0,0,0,0,0,0
Garem2,26,1,1,0,0,1,1,0,0
Hadha,1066,192,49,17,94,31,31,24,31
Hadhb,1570,202,54,15,94,48,42,24,35
Adgrf3,0,0,0,0,0,0,0,1,0
Selenoi,561,76,27,6,40,5,7,6,8
Drc1,2,0,0,1,0,0,0,0,0
Otof,0,0,0,0,0,0,0,0,0
Kcnk3,22,0,0,0,0,0,0,0,0
Slc35f6,411,31,15,1,25,5,10,5,6
Cenpa,303,57,25,16,45,38,7,3,1
Dpysl5,10,1,0,0,1,0,0,0,0
Mapre3,322,33,9,5,34,13,11,17,15
Tmem214,1164,142,38,15,68,28,34,19,17
Agbl5,17,1,0,1,1,1,1,0,0
Ost4,4606,1032,299,119,647,230,239,129,167
Emilin1,1593,210,45,20,91,82,72,19,27
Khk,471,41,14,2,19,9,15,5,6
Cgref1,972,71,11,3,40,9,14,1,14
Preb,916,134,34,15,74,25,31,11,16
Tcf23,6,1,0,0,0,0,0,1,0
Slc5a6,78,9,5,2,2,2,1,4,3
Atraid,4349,473,149,47,277,120,140,76,115
Cad,494,55,13,4,33,9,7,6,10
Slc30a3,0,0,0,0,0,0,0,0,0
Trim54,0,0,0,0,0,0,0,0,0
Gm15469,0,0,0,0,0,0,0,0,1
Mpv17,864,136,45,14,85,32,41,29,10
Gm29609,5,1,0,0,0,1,0,0,1
Gtf3c2,962,106,31,10,49,22,22,11,16
Eif2b4,463,44,16,10,34,21,7,10,12
Snx17,1602,156,48,18,75,31,47,20,26
Zfp513,222,32,6,3,25,6,11,7,13
Ppm1g,941,132,49,17,81,31,53,31,29
Gm9970,1,1,1,0,1,1,3,0,1
Nrbp1,1281,146,49,20,100,35,47,36,39
Krtcap3,3,5,1,0,1,1,0,1,4
Ift172,204,52,9,3,16,10,16,4,7
Fndc4,365,71,25,11,43,16,19,11,17
Zfp512,399,25,15,7,14,13,7,19,16
4930548H24Rik,5,14,0,0,0,0,0,5,4
Gpn1,372,46,15,8,22,5,14,8,7
Supt7l,200,13,6,0,11,2,2,2,1
Slc4a1ap,292,31,9,5,15,4,4,3,5
Gm43660,4,3,0,0,4,0,0,0,0
AI839979,12,1,2,1,3,2,0,0,1
Mrpl33,4966,850,337,92,462,151,172,97,129
Rbks,34,2,4,0,3,0,1,1,3
Babam2,752,129,36,5,43,17,24,12,12
Fosl2,2318,942,300,116,555,153,238,154,119
Plb1,41,4,3,0,3,2,0,0,1
Ppp1cb,2664,371,117,30,194,81,98,40,47
Gm15614,6,9,2,0,2,0,1,0,0
Yes1,647,70,16,16,51,21,19,7,16
Pisd,317,27,14,5,20,6,8,9,5
Prr14l,257,31,12,1,12,11,6,7,8
Depdc5,586,136,36,5,32,16,4,4,8
Ywhah,2831,389,145,69,226,79,89,65,62
Spon2,3537,143,64,19,236,41,60,47,56
Ctbp1,2479,244,89,40,183,66,73,36,49
Maea,1188,119,41,14,64,28,27,21,20
Uvssa,826,35,9,4,35,16,17,14,12
Fam53a,604,62,22,8,34,9,16,18,20
Gm9903,1,1,1,0,1,0,0,0,2
Slbp,791,276,71,40,156,37,77,46,51
Tmem129,314,26,8,5,18,9,9,4,3
Tacc3,141,26,9,9,19,14,3,1,5
Fgfr3,14,5,3,5,6,2,11,3,3
Letm1,654,80,36,10,37,11,23,13,11
Nsd2,454,48,24,9,39,28,13,13,11
Nelfa,548,53,19,6,30,9,15,6,12
Gm42849,2,1,0,0,0,0,0,0,0
Gm42851,8,0,1,0,1,9,1,0,2
Gm1673,437,51,12,41,125,38,28,32,29
Nat8l,7,0,0,0,1,3,0,0,1
Poln,7,0,1,0,1,1,2,0,1
Haus3,310,32,7,8,29,11,19,12,7
Mxd4,3684,453,118,46,259,129,124,48,78
Zfyve28,7,0,0,0,1,0,4,0,1
Rnf4,1361,178,68,22,91,35,62,29,35
Fam193a,824,123,52,12,71,36,37,20,29
Tnip2,330,45,12,5,33,6,9,4,5
Sh3bp2,160,7,6,0,14,2,4,1,3
Add1,1740,191,67,18,96,55,57,25,34
Mfsd10,979,169,39,21,83,43,29,28,21
Nop14,440,114,38,27,83,17,35,16,12
Grk4,135,12,5,2,9,2,2,2,7
Htt,613,94,39,10,58,31,25,16,19
Msantd1,17,1,1,16,31,1,1,16,5
Rgs12,474,45,12,13,38,14,23,9,9
Hgfac,4,0,0,0,2,0,0,0,0
Dok7,1,2,0,0,0,2,1,1,0
Lrpap1,1980,320,72,42,197,64,94,55,42
Adra2c,25,5,2,0,3,1,2,3,2
Hmx1,1,5,2,0,2,0,0,0,0
Cpz,7747,255,79,43,354,203,214,16,109
Trmt44,73,7,6,0,0,1,2,5,1
Acox3,481,39,13,0,44,7,14,2,3
Htra3,13188,1197,432,57,929,231,405,168,225
Sh3tc1,10,2,1,0,2,0,0,1,1
Ablim2,42,7,3,1,1,0,0,0,0
Afap1,1013,101,33,7,55,32,28,11,14
Sorcs2,268,6,4,7,23,17,9,8,3
Psapl1,1,0,0,0,0,0,0,0,0
2210406O10Rik,7,4,0,1,2,0,1,1,0
Grpel1,1210,186,67,29,106,44,38,29,40
Tada2b,243,27,11,2,14,10,7,3,1
Ccdc96,3,1,0,0,1,0,0,0,1
Tbc1d14,449,34,7,4,21,11,4,8,14
D5Ertd579e,712,79,30,11,59,19,30,22,23
Bloc1s4,457,54,36,13,35,10,10,10,6
Mrfap1,10237,1309,369,150,688,223,247,230,225
Man2b2,773,74,34,4,59,35,48,16,19
Ppp2r2c,621,67,24,1,21,13,21,4,5
Wfs1,223,25,13,2,19,6,5,1,4
Jakmip1,1,0,0,1,0,0,0,1,0
Crmp1,2,0,0,1,1,0,1,1,0
Evc,676,48,21,2,53,18,16,11,13
Evc2,537,55,12,2,48,17,15,15,10
Stk32b,4,1,0,0,0,1,0,0,0
Msx1,154,37,6,0,35,18,13,5,6
Stx18,593,54,27,9,44,22,21,15,14
Nsg1,552,123,30,8,58,14,25,5,16
Zbtb49,48,4,1,0,4,1,3,1,3
Lyar,947,155,41,19,51,22,20,20,38
Tmem128,860,145,39,16,66,26,28,20,25
Otop1,2,0,0,0,0,0,0,0,0
Slc2a9,91,7,1,0,6,2,4,2,0
Wdr1,1812,237,52,26,140,45,44,53,40
Zfp518b,291,10,2,1,14,2,9,3,1
Clnk,1,0,0,0,0,0,0,0,0
4930513D17Rik,3,0,0,0,0,0,1,0,0
Hs3st1,456,41,28,6,26,21,24,6,11
Rab28,1042,165,51,21,95,30,38,25,25
Bod1l,1398,145,35,17,96,42,31,16,35
Gm7854,1,0,0,0,0,0,0,0,0
Cpeb2,332,143,53,16,95,25,59,13,47
C1qtnf7,1740,93,36,9,26,13,20,7,23
Gm15866,10,1,0,0,0,0,0,0,0
Cc2d2a,663,73,14,8,28,15,19,9,24
Fbxl5,946,91,30,10,43,16,18,21,16
Gm42555,1,1,1,0,0,0,1,0,0
Bst1,4,1,1,1,1,0,1,1,0
Cd38,23,1,2,0,4,2,0,2,2
Gm7879,4,1,0,0,0,0,0,0,1
Fgfbp1,2,0,0,0,0,0,0,0,0
Prom1,2,0,0,1,2,1,0,3,3
Tapt1,394,44,20,8,28,14,14,12,17
Gm42982,0,0,0,0,0,0,0,0,0
Gm42984,6,0,0,0,0,0,0,0,0
Ldb2,686,87,26,9,52,31,46,14,17
Gm43507,3,0,0,0,0,0,0,0,0
D5Ertd615e,0,1,0,0,1,0,0,0,1
Gm43303,0,0,0,0,0,1,0,0,0
Qdpr,684,75,27,8,42,18,24,23,21
Lap3,1401,186,47,21,87,50,38,40,24
Med28,1613,229,54,25,109,48,63,33,41
Fam184b,2,2,0,0,1,0,0,0,0
9630001P10Rik,0,0,0,0,0,0,1,0,0
Ncapg,54,2,4,2,3,1,0,0,1
Lcorl,421,65,21,8,24,15,13,12,12
Slit2,3757,256,69,13,104,78,102,35,59
5730480H06Rik,265,27,12,1,10,7,8,1,7
Kcnip4,6,1,0,0,0,0,0,0,1
Adgra3,334,53,10,7,43,25,15,16,8
Ppargc1a,146,7,0,0,9,2,11,3,1
Dhx15,1687,275,106,25,167,36,72,45,43
Sod3,3650,898,374,6,257,46,101,50,64
Ccdc149,165,16,4,1,10,1,5,1,1
Lgi2,764,212,46,8,111,25,57,13,25
8030423F21Rik,5,2,3,0,0,1,0,0,0
Sepsecs,161,13,5,2,8,5,6,4,3
Pi4k2b,990,154,29,20,77,23,35,21,23
Zcchc4,168,17,9,3,19,2,7,3,6
Anapc4,855,81,24,3,43,18,21,10,17
Slc34a2,0,0,0,1,0,0,0,0,0
Sel1l3,80,29,6,0,13,0,1,1,0
Smim20,1171,99,31,11,65,23,22,8,25
Gm45495,19,3,0,0,0,0,0,2,0
Gm42745,1,1,0,0,0,0,0,0,1
Rbpj,2069,304,94,19,184,42,57,33,45
Gm40304,0,0,0,0,0,0,0,0,0
Tbc1d19,290,28,12,6,18,7,11,4,7
Stim2,442,64,18,8,40,17,24,18,16
Gm10440,2,0,0,0,0,0,1,1,1
Pcdh7,930,145,35,20,85,28,44,30,17
Gm43042,1,1,0,0,0,1,1,1,0
Arap2,31,1,0,0,2,3,2,2,5
Dthd1,0,0,0,0,0,0,0,0,0
0610040J01Rik,0,0,0,0,0,0,0,0,0
Rell1,676,131,38,26,77,27,32,18,19
5830416I19Rik,1,0,0,0,1,0,0,0,0
Pgm1,352,64,16,13,50,11,17,11,8
Tbc1d1,160,23,6,7,12,8,5,3,3
Klf3,2912,291,108,18,209,52,64,47,66
Tlr1,0,0,0,0,0,1,0,0,0
Tlr6,11,0,1,1,0,2,1,0,1
Fam114a1,1593,155,40,20,122,38,55,19,38
Tmem156,0,0,0,0,0,0,0,0,0
Klhl5,522,54,17,2,30,14,17,4,7
Wdr19,95,9,4,0,5,3,0,0,0
Rfc1,667,85,25,13,60,17,25,10,13
Klb,3,0,0,0,0,0,0,0,0
Rpl9,44652,8072,2315,679,3839,1251,1403,1080,1170
Lias,554,70,16,10,41,18,12,15,16
Ugdh,5492,2656,1058,62,1522,240,608,114,129
Smim14,3854,418,119,31,253,94,121,61,84
Ube2k,2092,327,101,37,202,64,95,46,51
Gm42726,74,33,17,2,13,3,6,4,3
Pds5a,1289,174,51,24,102,41,63,25,39
N4bp2,371,47,12,12,24,11,27,15,12
Rhoh,1,0,0,1,0,0,5,0,0
9130230L23Rik,0,1,0,0,0,0,1,0,1
Rbm47,11,2,1,0,0,3,0,0,1
Nsun7,19,6,2,2,5,1,4,0,1
Apbb2,2694,364,98,12,114,55,88,29,33
Uchl1os,0,1,0,0,1,0,0,0,1
Uchl1,70,22,8,16,22,9,4,4,1
Limch1,35,10,4,5,13,16,5,10,8
Gm42670,39,7,5,0,6,1,0,1,5
Tmem33,1320,230,66,20,99,35,28,25,28
Slc30a9,666,62,22,14,48,24,21,16,13
Gm43698,2,0,0,0,1,0,0,0,0
Bend4,0,0,1,0,0,1,2,1,1
Gm26756,0,0,0,0,1,0,0,0,0
Shisa3,23,0,1,0,0,0,0,2,1
Atp8a1,127,4,4,0,1,7,6,1,3
Gm15478,42,1,0,0,0,0,0,1,0
Kctd8,2,0,0,0,0,0,2,0,0
Guf1,537,25,11,2,25,17,8,7,6
Gnpda2,624,64,21,6,46,9,19,10,15
Gabra2,1,3,0,1,2,0,0,1,0
Gabra4,8,1,1,0,0,0,0,0,2
Gabrb1,12,1,0,0,1,0,0,1,1
Gm38562,3,0,0,0,0,0,0,1,0
Commd8,1014,97,32,15,60,26,24,21,16
Corin,9,0,0,11,71,19,52,21,10
Nfxl1,364,49,12,9,38,16,12,7,6
Zar1,2,0,0,0,1,1,0,0,0
Cnga1,1,1,0,0,0,0,0,0,0
Nipal1,161,16,2,2,11,9,0,5,7
Txk,1,0,0,0,1,1,1,2,2
Tec,81,10,5,7,15,6,8,10,9
Slain2,1278,135,39,10,104,39,35,22,33
Fryl,641,71,25,8,30,23,30,15,27
Ociad1,1388,191,58,32,87,39,57,31,38
Ociad2,378,18,13,2,14,3,2,3,3
Cwh43,2,0,0,0,0,0,0,0,0
Dcun1d4,180,19,2,4,13,11,9,4,6
Sgcb,937,123,43,14,69,26,25,17,12
Usp46,395,43,5,7,28,15,13,7,9
Rasl11b,762,52,16,25,92,54,34,10,12
Scfd2,257,20,8,1,8,4,8,5,3
Fip1l1,1463,192,66,22,93,29,50,30,30
Lnx1,131,14,2,4,10,7,2,3,4
Gm42575,10,4,2,0,1,0,0,0,0
Gm6116,5,0,0,0,0,0,0,0,0
Chic2,2654,422,109,50,210,77,106,56,63
Pdgfra,9109,1211,313,59,527,250,234,125,155
Kit,3,1,0,0,0,0,0,0,1
Gm19590,0,0,0,0,0,0,0,0,0
Kdr,116,9,2,0,11,0,1,4,1
Srd5a3,645,98,18,7,29,10,21,6,10
Tmem165,1648,209,56,12,94,36,45,27,37
Clock,1715,150,65,12,103,34,41,17,22
Gm7467,42,5,0,1,3,1,3,0,3
Exoc1,556,41,23,3,29,11,10,14,22
Cep135,119,13,6,1,10,5,5,2,4
C530008M17Rik,12,0,0,0,1,3,1,1,0
Aasdh,75,10,0,0,2,3,6,2,0
Ppat,192,30,9,4,5,5,5,3,5
2310040G07Rik,40,3,0,0,0,0,0,0,0
Paics,1679,220,76,18,91,34,47,40,37
Srp72,2590,267,61,20,132,53,58,29,35
Arl9,7,2,1,0,0,0,0,0,0
Hopx,90,30,12,3,22,9,7,3,12
Hopxos,2,0,0,0,0,1,0,0,0
Spink2,11,0,0,0,0,0,2,0,0
Rest,931,149,40,30,121,46,48,27,35
Noa1,237,31,11,4,17,5,7,9,7
Polr2b,527,66,21,6,38,16,15,10,13
Igfbp7,26091,3560,1020,420,2873,1575,1786,452,762
Adgrl3,58,1,0,6,10,11,27,4,2
Epha5,9,0,0,0,1,15,0,1,0
Cenpc1,374,46,20,13,43,12,19,12,13
Stap1,0,0,2,1,1,0,1,0,0
Uba6,483,73,29,9,39,21,17,23,16
Gnrhr,9,2,1,0,3,0,0,1,0
Tmprss11a,0,0,0,0,0,0,0,1,0
Tmprss11b,0,0,1,0,0,0,0,0,0
Tmprss11e,1,0,0,0,0,0,0,0,0
Ythdc1,1516,281,87,40,193,82,67,46,54
Sult1e1,10,65,9,0,14,0,1,7,33
Csn3,2,0,0,0,0,0,1,0,0
Jchain,2,2,0,2,0,0,0,0,0
Utp3,997,102,20,16,57,21,34,20,19
Rufy3,366,26,13,6,29,11,11,9,9
Grsf1,641,43,15,7,40,21,16,8,10
Mob1b,818,145,38,13,70,25,29,10,16
Dck,89,15,7,2,7,3,6,1,1
Gm42912,1,2,0,1,0,0,0,0,0
Slc4a4,1203,286,54,4,160,33,42,15,13
Npffr2,0,0,0,0,0,0,6,0,1
Adamts3,20,5,0,0,7,2,1,0,1
Cox18,304,63,21,13,25,17,11,6,14
Ankrd17,2395,476,123,42,192,82,104,85,66
Gm9958,9,2,4,0,3,0,0,0,0
Alb,8,0,0,0,0,0,0,0,0
Afp,0,0,0,0,0,0,0,0,0
Rassf6,4,0,0,0,0,0,0,0,0
Cxcl5,28300,2375,649,16,164,3,49,65,82
Ppbp,0,0,1,0,0,0,0,0,0
Pf4,14,17,16,2,2,1,0,0,0
Cxcl3,897,135,26,4,10,78,86,1,4
Cxcl15,0,0,0,0,0,0,0,0,0
Cxcl1,9458,8589,2257,100,2447,908,1294,270,318
Cxcl2,7195,3296,608,77,401,602,210,49,67
Mthfd2l,507,55,28,13,37,17,17,9,17
Epgn,1,0,0,0,0,1,0,0,1
Ereg,385,28,1,1,0,52,0,0,0
Areg,3,1,0,0,1,5,1,2,1
Gm19619,0,0,0,0,0,0,0,0,0
Btc,59,2,8,11,2,4,4,1,1
Parm1,474,12,0,2,5,2,0,3,0
Rchy1,1040,100,26,10,67,21,32,13,16
Odaph,0,0,0,0,0,0,0,0,0
Cdkl2,168,17,4,0,21,7,7,5,4
Gm26582,2,0,0,0,1,0,0,1,0
G3bp2,1982,239,65,30,144,36,36,45,53
Uso1,2185,278,76,17,132,31,54,37,38
U90926,76,1,0,0,0,0,0,0,0
Ppef2,3,1,1,0,1,2,0,0,1
Naaa,885,90,43,20,83,17,32,16,10
Sdad1,439,67,11,12,35,11,13,7,11
Cxcl9,76,57,3,2,71,50,81,0,0
Art3,468,19,10,5,6,39,11,13,6
Cxcl10,1681,654,166,30,443,373,404,17,8
Nup54,431,56,21,15,34,24,24,14,14
Scarb2,1349,239,67,27,115,94,56,45,30
Stbd1,22,10,2,4,19,1,5,6,2
Ccdc158,1,0,0,0,0,1,1,0,0
Shroom3,8,0,7,1,6,6,3,1,2
Sowahb,0,0,0,0,0,0,0,0,0
Sept11,1744,246,57,45,218,101,89,66,78
Ccni,1830,230,66,19,109,37,63,34,43
2010109A12Rik,26,15,1,1,10,1,5,1,1
Ccng2,904,98,39,14,68,19,36,14,30
Cxcl13,3314,2346,103,18,258,6,78,283,309
Cnot6l,1386,174,40,17,89,37,39,41,31
Mrpl1,261,36,10,3,16,5,5,5,9
Fras1,62,1,1,1,4,6,0,0,3
Anxa3,1918,395,139,9,477,29,45,115,60
Gm42601,0,0,0,0,0,0,0,0,0
Gm33370,0,0,1,0,0,0,0,0,0
Gm8013,8,0,0,0,0,0,0,0,0
Gm9484,29,4,0,0,1,0,0,0,0
Bmp2k,676,130,31,12,71,21,48,20,20
Paqr3,30,5,3,1,3,5,1,0,0
Antxr2,2119,270,97,17,182,53,82,27,52
Prdm8,325,40,40,2,21,1,7,2,14
A730035I17Rik,4,1,0,0,0,1,0,0,0
Fgf5,9,0,6,2,8,9,7,0,0
1700007G11Rik,6,0,0,1,2,1,0,0,0
Bmp3,34,6,2,19,29,7,5,12,5
Prkg2,337,92,18,0,39,4,7,10,12
Gm43251,0,0,0,0,0,0,0,0,0
Rasgef1b,18,9,2,2,9,3,5,3,3
Gm35911,1,0,0,0,1,0,0,0,0
Hnrnpd,2087,391,125,60,165,46,58,64,58
Gm17092,8,4,3,4,2,0,2,1,0
4930524J08Rik,32,8,0,1,5,0,0,1,2
Hnrnpdl,3108,524,172,102,347,111,166,114,122
Enoph1,259,26,12,6,15,9,4,6,8
Tmem150c,419,45,15,1,15,7,8,0,4
2310034O05Rik,12,0,0,0,0,0,0,0,0
Sec31a,4277,414,94,34,254,94,124,50,51
5430416N02Rik,205,43,13,12,32,10,17,12,7
Lin54,302,26,19,6,20,6,3,13,6
Cops4,1666,201,53,26,113,44,58,29,39
Plac8,2073,3013,827,33,486,129,258,153,155
Coq2,434,71,31,8,52,19,17,11,17
Hpse,148,21,11,3,12,3,2,1,2
Helq,75,5,2,1,7,1,2,0,1
Mrps18c,1071,132,50,11,62,27,33,26,20
Abraxas1,109,7,4,0,4,2,6,1,2
4930458D05Rik,3,0,0,0,0,0,0,0,0
Gpat3,20,4,2,0,0,0,0,0,1
Nkx6-1,0,0,0,0,1,0,0,0,0
Cds1,54,3,5,2,5,5,2,1,1
Wdfy3,940,118,35,9,41,22,21,16,20
Gm20548,0,0,0,0,0,0,0,0,1
Gm29707,1,0,0,0,0,0,0,0,0
Arhgap24,563,85,27,6,52,22,20,17,15
Mapk10,1,2,0,0,0,0,0,0,0
5430427N15Rik,26,2,0,0,2,0,0,0,0
Ptpn13,603,61,21,10,47,20,23,12,14
Slc10a6,940,279,70,3,54,8,42,8,15
Aff1,805,336,92,23,113,35,65,22,34
Klhl8,114,9,2,2,7,3,3,3,9
Hsd17b13,2,3,1,0,2,0,0,1,0
Hsd17b11,1678,179,48,8,78,30,33,23,36
Nudt9,1068,116,46,16,65,31,26,21,24
Sparcl1,1914,104,23,41,260,141,158,87,65
Gm26703,3,0,0,0,0,0,0,0,0
Dmp1,2,0,0,0,0,0,0,0,0
Spp1,2518,107,31,56,183,94,4,63,28
Pkd2,2884,241,98,27,147,62,59,38,44
BC005561,888,161,83,31,104,51,39,37,42
D930016D06Rik,214,42,15,7,44,9,10,11,14
Zfp951,55,2,0,0,3,0,1,3,1
Abcg3,1,0,0,0,0,0,0,0,1
Gbp8,5,3,0,0,1,1,4,0,2
Gbp9,44,15,8,0,6,2,2,0,2
Gbp4,13,7,0,0,15,1,0,0,1
Gbp10,0,0,0,0,0,0,0,0,0
Gbp6,46,19,2,1,17,4,6,0,2
Gm26519,1,0,0,0,0,1,0,0,0
Gm32051,0,0,0,0,0,0,0,0,0
Lrrc8b,120,17,5,3,13,3,0,3,3
Lrrc8c,117,17,9,4,11,11,4,10,6
Lrrc8d,87,12,4,2,9,4,3,6,1
Zfp326,696,110,38,18,81,46,39,27,30
Gm28050,48,3,0,1,5,5,1,1,3
Zfp644,1831,155,33,33,117,41,50,39,45
Hfm1,1,0,0,0,0,0,0,0,0
Cdc7,201,20,3,4,13,4,4,6,4
Gm33474,2,0,0,0,3,0,0,0,0
Tgfbr3,11032,1252,375,33,358,125,222,82,119
Brdt,262,34,14,7,33,10,8,18,12
Ephx4,142,10,7,1,9,4,3,2,3
A830010M20Rik,75,8,2,0,5,1,2,2,1
Gm42669,0,0,0,0,1,0,0,0,1
1700028K03Rik,4,0,0,0,0,1,0,1,1
Glmn,265,19,4,2,7,4,9,7,3
Rpap2,243,22,10,1,11,7,2,6,2
A930041C12Rik,1,0,0,0,0,0,0,0,0
Gfi1,0,1,0,1,0,0,1,0,0
Evi5,1067,115,47,10,72,19,35,20,18
Rpl5,31919,5256,1448,197,1060,400,531,276,378
Fam69a,565,66,16,5,34,11,16,5,2
Mtf2,602,76,26,8,31,17,14,12,20
Tmed5,1804,461,131,42,176,54,92,37,56
Ccdc18,28,1,0,1,2,1,1,1,0
Dr1,526,65,22,13,44,17,17,10,16
Pigg,112,11,5,0,4,3,2,3,1
9330198I05Rik,3,1,0,0,0,0,1,1,0
Gm42518,3,0,0,0,0,0,0,0,0
Gm42517,50,4,2,0,8,6,2,2,2
Gm10419,37,2,1,0,1,1,1,2,1
Atp5k,4150,972,321,119,502,184,172,107,132
Mfsd7a,122,23,3,3,14,1,3,2,2
Pcgf3,871,77,25,11,37,23,23,25,12
Gak,702,90,28,11,35,18,19,9,16
Tmem175,343,50,16,2,14,7,13,2,2
Dgkq,212,12,4,2,25,4,7,4,7
Idua,165,23,14,0,13,5,5,2,8
Fgfrl1,228,30,14,9,26,12,27,12,9
Crlf2,486,72,12,7,50,18,16,10,12
5430403G16Rik,66,1,0,1,1,1,1,4,5
4930522L14Rik,103,11,1,4,8,4,2,2,1
A430073D23Rik,7,2,0,0,0,1,1,1,0
Gm26779,3,0,0,1,1,0,0,0,0
Gm26808,3,1,0,0,0,0,1,0,0
Gm15446,116,10,5,1,10,3,4,1,4
1010001B22Rik,11,0,0,0,2,1,1,1,0
Zfp932,202,26,11,6,20,6,8,6,10
Gm17655,22,0,0,0,2,2,1,0,0
Gm35315,11,0,0,0,0,2,0,1,0
Plcxd1,2,1,0,0,3,0,0,0,0
Gtpbp6,288,37,12,5,24,7,14,6,7
Zfp605,57,5,5,2,5,3,3,1,2
Chfr,571,54,16,6,33,15,11,16,17
Gm43136,5,1,0,0,0,0,0,0,0
Golga3,844,97,55,20,77,28,29,29,88
Gm43137,6,1,0,0,0,0,0,0,0
Ankle2,467,53,19,4,27,8,14,11,11
Pgam5,281,30,7,4,26,10,8,8,4
Gm26718,3,0,0,0,0,0,0,0,0
Gm15788,1,1,0,0,0,0,0,0,0
Pxmp2,46,4,2,0,2,1,1,1,1
Pole,36,3,3,0,2,0,0,2,1
Fbrsl1,476,93,17,12,53,15,27,15,20
Gm26711,3,1,0,0,0,0,0,0,0
Gm42596,1,0,0,0,0,0,0,0,0
A630023P12Rik,0,0,0,0,0,0,0,0,0
Galnt9,4,0,0,2,6,0,0,1,4
Noc4l,308,30,20,10,25,5,9,5,5
Ddx51,162,7,1,0,6,3,4,1,1
Gm42595,56,2,4,1,2,0,0,4,2
Ep400,972,215,38,29,134,48,48,34,28
Gm15559,6,2,0,1,0,0,0,0,0
Pus1,436,66,18,1,33,15,6,7,9
Gm26515,3,0,0,0,0,0,0,0,0
Ulk1,591,95,25,12,64,14,34,13,16
Hscb,339,33,14,5,25,7,14,5,5
Chek2,54,18,3,2,4,6,7,4,3
Ttc28,1939,190,50,30,124,48,65,29,33
Pitpnb,1201,147,30,16,84,33,36,22,33
Gm43118,1,0,0,0,0,0,0,0,1
Mn1,397,58,13,7,24,8,20,3,2
C130026L21Rik,5,0,0,0,1,0,0,0,1
Miat,261,21,10,4,12,10,5,1,7
Gm26953,5,1,0,0,0,0,0,0,0
Cryba4,6,0,0,0,0,0,1,0,0
Crybb1,0,0,0,0,0,0,0,0,0
Tpst2,935,96,34,3,50,18,20,8,13
Tfip11,241,30,9,0,27,9,8,7,2
Srrd,191,15,5,6,18,5,5,7,6
Hps4,206,29,15,2,16,3,8,5,5
Gm6583,0,0,0,0,0,0,0,0,0
Asphd2,67,10,3,3,4,1,8,0,3
Sez6l,6,0,0,0,0,0,0,2,1
Myo18b,15,0,0,0,1,1,1,0,0
Grk3,53,6,6,8,10,6,11,4,2
Crybb3,40,8,6,2,18,2,5,5,5
2900026A02Rik,241,31,9,3,11,6,9,2,2
Sgsm1,19,3,2,0,4,0,0,0,1
Wscd2,23,0,0,0,3,5,2,1,3
Cmklr1,188,22,7,2,18,17,8,3,8
Ficd,118,6,8,1,10,6,2,1,3
Sart3,307,34,20,11,14,8,10,5,7
Iscu,1779,208,61,18,131,53,53,23,39
Tmem119,1417,96,23,30,120,60,70,19,38
Selplg,15,9,5,2,4,4,8,3,2
Coro1c,1170,118,37,7,49,25,17,10,22
Gm17122,0,0,0,0,0,0,0,0,0
Ssh1,610,82,22,7,25,14,18,9,14
Dao,0,2,1,0,0,0,0,0,0
Usp30,142,15,5,1,8,3,5,0,4
Alkbh2,120,21,4,4,13,1,6,2,1
Ung,98,10,3,2,7,0,0,1,1
Acacb,226,35,4,1,8,5,2,0,1
Myo1h,32,3,1,0,3,0,1,1,2
Kctd10,1314,222,69,13,97,37,54,18,19
Ube3b,556,60,17,8,25,10,15,8,8
Mmab,135,8,3,1,7,0,3,4,1
Mvk,334,43,15,13,36,11,12,8,6
Fam222a,10,6,2,1,8,2,7,1,0
Trpv4,15,4,2,1,4,1,3,0,0
Gltp,1341,120,36,12,56,35,28,10,24
Tchp,124,13,4,1,16,2,4,6,3
Git2,1047,127,53,14,76,36,41,20,26
4930515G01Rik,16,1,0,1,2,0,0,0,0
Ankrd13a,862,116,32,7,55,25,36,14,18
1500011B03Rik,190,11,5,3,11,1,3,2,5
2610524H06Rik,515,67,19,11,51,20,17,8,17
4930519G04Rik,0,0,0,0,0,0,0,0,0
Oasl2,284,145,37,3,58,14,24,12,8
Gm13822,2,1,0,0,0,0,0,0,0
Oasl1,9,9,7,0,5,1,1,0,0
2210016L21Rik,814,120,22,18,47,26,22,18,16
Sppl3,1444,135,38,18,89,35,47,23,22
Gm10401,4,0,0,0,1,0,0,0,0
Acads,573,73,27,10,57,20,16,15,9
Unc119b,520,71,26,10,39,16,20,15,13
Mlec,1615,296,90,38,175,63,47,33,59
Cabp1,14,0,0,1,4,0,0,0,0
Pop5,888,124,31,11,60,22,25,15,26
Rnf10,2432,382,116,50,227,86,103,64,78
Coq5,351,43,11,4,22,6,3,2,6
Dynll1,10577,2115,650,334,1312,479,487,374,425
Gm13830,17,3,1,0,3,2,0,3,0
Srsf9,1545,280,102,56,177,63,71,55,76
Gatc,206,25,4,1,13,10,5,10,2
Triap1,586,44,15,9,36,8,14,10,19
Cox6a1,4493,901,283,75,375,116,136,73,116
Gm42903,1,1,0,0,0,0,0,0,0
4930401G09Rik,1,0,0,0,0,0,0,0,0
Msi1,60,5,5,9,20,4,7,4,4
Pla2g1b,1,0,0,0,0,0,0,0,1
Sirt4,89,7,3,1,14,3,5,2,2
Pxn,638,129,53,15,70,25,19,13,18
Rplp0,77620,12134,3470,1326,6272,2115,2245,1461,1793
Gcn1l1,893,104,29,10,56,25,26,26,18
1110006O24Rik,16,5,1,2,2,1,2,2,1
Rab35,779,120,38,12,55,18,21,16,24
Bicdl1,78,11,3,0,5,4,1,0,1
Cit,61,15,2,3,4,9,8,6,4
Gm14508,5,1,0,2,2,0,2,0,0
Prkab1,346,30,11,8,23,8,3,6,5
Gm13842,0,0,0,0,0,0,0,0,0
Tmem233,0,0,0,0,0,0,0,0,0
C330018A13Rik,35,1,0,0,0,0,0,0,0
Ccdc60,2,3,0,0,0,0,0,1,1
4930562A09Rik,6,2,0,0,0,0,0,2,0
Hspb8,1371,484,155,11,205,53,54,43,54
Srrm4os,4,0,0,0,0,0,0,0,0
Srrm4,65,0,0,1,2,0,2,1,4
Suds3,1144,177,40,17,101,33,35,18,21
9530046B11Rik,9,0,0,0,2,0,0,0,0
Taok3,800,120,32,12,62,21,14,14,12
Pebp1,7555,1093,312,131,611,175,191,170,181
BC051077,3,3,0,0,0,1,1,0,1
Gm10399,32,2,0,0,0,0,1,2,3
Vsig10,256,29,8,2,14,8,4,18,9
Wsb2,1518,202,55,22,93,44,46,30,28
Rfc5,214,22,10,2,15,3,5,6,6
Gm15728,21,20,11,1,10,5,13,3,2
Ksr2,0,0,0,0,0,0,0,0,0
Nos1,2,0,0,0,3,0,0,0,0
Fbxo21,287,25,8,5,14,4,4,3,4
Tesc,0,2,0,0,1,0,0,0,0
Fbxw8,834,73,33,11,66,27,19,11,12
Gm9754,1,0,0,0,0,0,0,0,0
Hrk,2,0,0,0,1,0,1,0,1
Rnft2,16,2,1,0,0,0,1,0,0
2410131K14Rik,154,21,9,7,16,4,1,5,12
Med13l,2647,359,108,18,140,51,80,44,43
Tbx3os1,32,2,0,1,1,0,3,0,1
Tbx3,458,18,3,6,13,7,16,6,12
1700021F13Rik,58,2,0,0,2,0,0,0,1
Gm43050,269,8,6,0,10,1,1,2,1
Tbx5,259,4,3,0,6,0,1,3,3
Rbm19,201,33,12,1,9,3,8,3,3
Lhx5,1,3,1,0,0,1,0,0,1
Sdsl,16,1,0,0,2,2,2,0,0
Gm15690,6,2,0,0,3,0,1,0,0
Plbd2,1224,158,49,20,81,33,36,32,42
Slc8b1,630,42,12,5,42,7,20,10,10
Tpcn1,591,63,19,4,29,26,28,10,23
Iqcd,13,3,1,0,2,0,0,0,1
Rita1,140,15,2,4,16,12,8,1,2
Ddx54,701,104,28,11,36,12,19,6,7
Dtx1,0,0,0,2,4,0,3,0,0
Oas2,15,10,4,0,5,0,1,1,1
Oas3,2,7,4,0,0,0,0,0,0
Oas1c,18,5,0,0,0,1,1,0,0
Oas1f,0,0,0,0,0,0,0,0,0
Oas1g,0,7,2,0,0,0,1,0,0
Oas1a,8,34,20,0,19,2,4,3,1
Rph3a,1,1,0,0,0,0,0,0,0
Ptpn11,1211,177,43,14,96,36,42,26,28
Rpl6,45490,8211,2360,739,3582,1113,1318,917,1117
Hectd4,280,34,20,7,36,9,13,9,6
Trafd1,1119,85,37,11,68,29,37,16,19
Gm42918,14,1,0,0,3,0,1,0,2
Naa25,353,50,15,7,29,10,12,4,9
Erp29,4327,592,167,54,385,129,133,85,109
Tmem116,7,1,0,0,0,1,0,0,1
Adam1b,3,3,0,0,1,0,0,0,1
Adam1a,2,1,0,0,1,1,0,0,0
Mapkapk5,71,28,4,6,18,4,9,6,4
Aldh2,4879,802,253,40,386,123,166,98,91
Acad12,76,9,1,0,1,1,2,0,3
Acad10,53,8,3,1,3,2,1,2,0
Brap,620,78,25,7,41,20,16,17,17
Atxn2,1145,207,56,36,129,54,59,42,39
Gm16552,1,3,0,1,0,0,0,1,0
Sh2b3,338,62,25,5,30,9,21,6,17
1700008B11Rik,0,1,1,0,0,0,0,0,0
Fam109a,151,25,4,2,17,6,11,2,3
Cux2,3,0,0,0,1,0,1,2,2
Myl2,4,4,1,1,3,0,0,3,1
Ccdc63,31,7,3,1,0,1,3,8,8
Ppp1cc,3223,648,158,54,296,74,104,61,68
Hvcn1,77,12,0,0,14,7,11,3,3
Tctn1,301,62,41,38,72,17,108,174,23
Pptc7,582,97,26,6,41,16,19,6,10
Rad9b,30,4,0,0,2,2,1,2,5
Vps29,2325,379,115,38,189,56,70,54,51
Fam216a,421,45,10,6,29,12,25,7,14
Gpn3,388,52,20,7,38,15,16,14,10
Arpc3,9199,1229,355,112,526,177,212,145,158
Anapc7,714,84,23,6,37,15,19,12,12
Atp2a2,3806,781,224,42,269,95,147,71,84
Ift81,290,34,12,2,25,7,5,7,7
P2rx7,248,16,6,2,8,11,11,1,2
P2rx4,2058,265,73,9,102,34,53,19,35
Camkk2,1351,215,59,12,79,31,40,24,37
Anapc5,3624,349,127,60,236,100,120,65,75
Rnf34,375,44,15,13,25,22,19,11,6
Kdm2b,322,45,9,9,30,16,13,11,11
A930024E05Rik,14,1,0,0,1,0,0,0,0
Gm2479,2,0,0,0,0,0,0,0,0
Orai1,323,32,17,8,32,10,11,10,14
Morn3,0,0,0,0,0,0,0,0,0
Gm26745,0,0,0,0,0,0,0,0,0
Tmem120b,146,18,4,6,23,4,6,1,3
Rhof,13,2,3,0,5,1,3,3,4
AI480526,101,15,4,2,7,2,4,5,4
Gm38102,2,0,0,0,0,0,0,1,0
4932422M17Rik,77,19,0,3,16,4,3,1,1
Setd1b,926,89,37,12,51,26,40,16,16
Psmd9,1032,125,36,20,71,30,23,13,26
Hpd,8,1,0,0,0,0,0,0,0
Gm43409,13,1,0,0,2,0,0,0,0
Wdr66,300,56,12,6,17,6,9,11,4
Gm15860,11,1,0,0,0,1,0,1,0
Bcl7a,348,27,11,4,13,11,15,6,6
Gm15747,10,0,0,1,0,1,1,1,1
Mlxip,756,97,22,5,53,22,22,18,17
Il31,0,0,0,0,1,0,0,1,0
Diablo,814,109,36,11,77,33,40,28,19
B3gnt4,1,0,0,0,1,0,0,0,0
Gm49027,0,0,0,1,0,0,0,0,0
Vps33a,303,34,12,4,13,8,11,4,7
Clip1,2255,212,64,13,104,38,61,26,26
Zcchc8,360,44,12,3,27,13,8,11,5
Rsrc2,1989,463,121,57,294,99,127,84,83
Kntc1,27,2,3,0,1,3,2,0,0
Hcar2,22,3,3,1,6,0,0,0,1
Denr,2338,407,105,26,139,50,44,45,40
Ccdc62,36,10,6,10,2,0,3,4,6
Hip1r,59,7,3,3,8,0,3,3,1
Vps37b,181,25,11,9,36,23,22,11,12
Gm34086,0,0,0,0,0,0,0,0,0
Gm43661,0,0,0,0,0,0,0,0,0
Abcb9,105,15,5,1,7,0,2,2,5
Gm16001,2,0,3,0,0,1,0,1,0
Ogfod2,233,17,3,2,11,4,10,6,4
Arl6ip4,1001,128,35,14,87,30,20,17,21
Pitpnm2,192,27,7,2,14,11,4,5,5
Pitpnm2os2,1,1,0,0,0,0,0,0,0
Mphosph9,106,17,7,5,7,11,3,2,2
2810006K23Rik,165,33,7,5,15,4,12,3,3
Cdk2ap1,1062,301,94,63,156,81,79,53,56
Sbno1,1571,285,95,42,162,54,71,42,48
Kmt5a,825,131,51,13,69,47,24,18,19
Rilpl2,429,53,16,11,47,15,21,12,14
Snrnp35,166,23,8,2,9,7,5,1,0
Rilpl1,364,45,11,5,22,16,12,10,8
Tmed2,8511,1277,391,120,773,253,284,172,222
Ddx55,265,27,9,1,26,4,10,1,4
Eif2b1,497,53,22,6,32,14,12,5,9
Gtf2h3,229,43,21,3,14,8,11,8,2
Atp6v0a2,813,103,25,7,47,28,24,13,14
Dnah10,1,1,0,0,1,0,0,0,1
Ccdc92,11,1,0,0,0,2,2,0,0
Zfp664,476,55,16,13,46,19,24,15,22
Rflna,47,3,0,2,6,18,5,2,3
Ncor2,1242,130,31,20,80,27,39,23,19
Gm32585,12,0,0,0,1,0,0,0,0
Scarb1,342,27,3,3,20,8,12,4,6
Ubc,14318,7089,2285,736,5279,1506,2195,1444,1147
Gm10382,8,3,0,1,3,3,1,1,0
Dhx37,71,8,2,2,7,3,1,1,3
Bri3bp,325,44,20,8,29,17,15,7,10
Aacs,363,38,15,4,39,10,7,6,3
Tmem132c,1928,159,61,22,71,49,63,20,24
Slc15a4,365,44,24,3,33,13,10,6,6
Glt1d1,0,0,0,0,0,0,0,0,0
Tmem132d,23,0,0,0,0,1,0,0,1
5930412G12Rik,24,7,0,1,18,3,2,3,3
Fzd10,17,4,4,0,2,1,3,2,0
Rimbp2,0,0,0,0,0,0,0,0,0
Stx2,543,84,34,5,46,18,18,11,17
Ran,6016,1174,433,130,507,175,144,148,177
Adgrd1,4411,633,188,6,218,42,40,52,56
Sfswap,1017,105,28,16,74,32,40,23,24
Mmp17,35,2,2,1,4,23,2,2,1
Zfp11,46,2,2,0,3,2,0,0,1
Mrps17,1479,180,42,22,117,47,37,28,27
Nipsnap2,568,74,18,9,37,22,13,16,13
Psph,337,71,27,5,29,10,7,9,7
Sumf2,373,58,18,8,20,14,11,11,13
Phkg1,17,32,8,2,50,6,12,6,12
Chchd2,14800,2990,935,406,1974,607,615,592,636
Zbed5,71,11,4,5,8,2,4,2,3
Nupr1l,26,3,0,0,3,0,2,1,0
Vkorc1l1,923,105,38,2,51,18,26,19,15
Gusb,1537,265,73,17,85,33,40,11,13
Asl,276,42,10,6,26,9,12,6,4
Crcp,386,61,22,11,34,9,11,6,11
Tpst1,2163,331,83,22,177,68,96,34,37
Kctd7,76,4,2,0,2,2,3,2,3
Rabgef1,394,148,46,14,57,20,35,9,8
Tmem248,1032,168,52,13,85,27,30,19,25
Gm6598,25,5,2,0,0,2,0,1,2
Sbds,1428,253,75,30,146,47,81,40,45
Tyw1,248,27,4,2,16,12,6,7,5
Galnt17,505,58,16,4,22,23,24,9,14
Gm29681,2,1,0,0,0,0,1,0,0
Auts2,995,168,36,44,127,76,81,40,39
Gatsl2,295,32,10,5,18,8,6,5,7
Rcc1l,261,28,9,7,19,10,4,4,2
Gtf2ird2,77,5,3,1,6,2,3,1,1
Ncf1,4,0,2,5,1,3,4,1,0
Gtf2i,1317,113,36,20,87,43,39,27,24
Gtf2ird1,352,27,9,6,37,15,15,10,6
Clip2,436,55,14,8,32,15,20,10,9
Rfc2,577,68,35,9,46,21,20,12,12
Lat2,11,3,7,1,7,1,1,1,2
Eif4h,3732,424,143,56,231,110,86,53,52
Limk1,628,80,17,6,22,12,8,10,15
Gm10369,99,7,6,0,4,2,1,1,2
Eln,47874,1026,595,92,1016,1113,855,273,236
Gm30003,2,1,0,0,0,0,0,0,0
Mettl27,312,25,15,5,15,8,7,3,6
Cldn4,0,0,0,0,0,0,0,0,0
Cldn3,2,0,0,0,1,0,0,0,0
Wbscr25,2,0,0,0,1,1,0,0,0
Abhd11,600,100,31,8,52,12,20,11,17
Stx1a,90,6,2,1,12,5,6,1,3
Bud23,480,78,17,11,29,13,13,19,21
Dnajc30,486,38,12,7,33,9,12,5,6
Vps37d,142,6,4,3,18,5,7,4,2
Mlxipl,13,1,0,0,0,0,0,0,0
Tbl2,464,51,12,7,23,12,19,6,13
Bcl7b,891,137,54,21,92,25,34,22,30
Baz1b,1260,179,67,26,105,47,46,20,40
Fzd9,7,0,0,0,1,1,2,0,1
Fkbp6,1,0,0,0,0,0,0,0,1
Nsun5,174,18,5,3,9,2,1,6,4
Pom121,443,112,34,11,64,27,24,12,15
Hip1,315,31,18,9,33,14,12,14,17
Ccl24,0,0,0,0,0,0,0,0,0
Rhbdd2,159,46,16,2,8,16,22,5,2
Gm43091,1,1,0,0,0,0,1,0,0
Por,2756,437,107,22,159,52,62,50,40
Tmem120a,482,83,26,3,34,10,7,9,6
Styxl1,2,1,0,0,0,0,0,0,2
Mdh2,3404,462,134,70,299,92,91,78,88
Srrm3,7,1,0,2,1,2,3,1,0
Hspb1,2944,819,364,185,1532,512,256,903,387
Ywhag,1327,289,97,40,173,46,80,58,37
Ssc4d,24,2,0,1,1,0,1,0,0
Dtx2,367,66,17,4,36,5,10,1,7
Upk3b,2,0,0,0,1,0,1,1,0
Upk3bl,1,0,0,0,0,0,0,0,0
Rasa4,57,10,4,4,14,3,3,6,4
Polr2j,1741,213,81,25,135,60,43,32,45
Gm43604,4,0,0,0,0,0,0,0,0
Lrwd1,281,33,8,4,21,12,7,6,7
Alkbh4,61,5,1,0,4,1,2,4,2
Orai2,103,20,3,3,8,5,6,1,0
Prkrip1,381,40,22,10,27,13,9,12,16
Sh2b2,60,13,5,1,9,3,7,9,8
Cux1,498,58,24,12,55,29,14,18,27
Myl10,7,0,0,0,0,0,0,0,0
Col26a1,7,1,0,0,4,2,0,2,6
Ift22,359,61,17,7,34,11,16,7,8
4933404O12Rik,44,4,0,2,5,0,3,2,3
Fis1,2437,336,115,56,212,80,92,69,75
Cldn15,24,3,1,0,1,1,1,0,0
Znhit1,1289,203,63,34,91,40,42,18,22
Plod3,1352,210,42,24,136,56,43,33,33
Vgf,2,2,0,0,0,0,2,1,1
Ap1s1,1263,222,55,20,96,29,23,19,27
Serpine1,3889,838,179,60,323,133,158,47,100
Trim56,632,97,24,9,49,17,16,21,18
Muc3a,0,1,0,0,0,1,0,1,1
Ache,4,0,0,0,0,5,0,0,2
Ufsp1,47,1,2,0,1,0,1,0,2
Srrt,772,110,28,27,72,31,42,25,28
Trip6,1225,145,51,33,96,37,53,32,33
Slc12a9,234,25,10,3,13,3,9,3,4
Ephb4,411,39,15,9,33,18,19,14,14
Zan,1,0,0,0,0,0,1,1,0
Pop7,502,65,20,9,32,16,17,8,12
9130604C24Rik,12,1,1,1,1,4,0,0,0
Gm8066,1,0,0,0,0,0,0,0,0
Gigyf1,899,82,34,18,67,30,32,27,21
Gnb2,7197,857,287,141,647,205,214,169,155
Tfr2,56,4,3,0,2,1,1,0,5
Mospd3,692,71,24,11,65,18,32,12,16
Pcolce,15972,2096,605,176,1506,492,691,330,313
Fbxo24,61,20,2,1,2,1,0,1,0
Gm36266,45,46,3,1,1,2,0,7,3
Lrch4,3,2,3,0,0,1,0,0,0
Gm20605,1,0,0,0,1,0,0,0,0
Sap25,0,1,0,1,1,1,1,0,1
Irs3,34,5,1,0,3,2,0,2,1
Agfg2,223,35,12,3,23,9,6,4,10
Gm15498,1,0,0,0,0,0,0,0,0
Nyap1,15,5,1,2,7,1,4,1,0
Tsc22d4,1196,199,55,24,111,49,54,27,40
Ppp1r35,474,55,22,13,37,14,14,11,8
Mepce,339,113,38,12,62,16,32,11,21
Zcwpw1,21,4,1,0,4,5,6,0,0
Pilra,2,2,0,0,1,1,0,0,0
Pilrb1,1,1,0,0,0,0,0,0,0
Gm36551,0,0,0,0,0,0,0,0,0
Pilrb2,3,1,1,1,0,0,0,0,2
Cyp3a13,1,0,1,0,0,0,0,1,0
Gjc3,32,1,2,2,0,13,1,12,2
Zkscan1,356,32,13,4,19,11,10,9,3
Zscan21,209,14,7,2,12,6,9,6,5
Zfp113,164,8,5,2,4,2,4,2,0
Cops6,2178,275,87,28,160,52,48,39,57
Mcm7,351,37,17,9,36,9,15,12,9
Ap4m1,406,32,10,8,18,8,16,5,6
Taf6,236,36,13,3,20,16,10,1,10
Cnpy4,511,79,29,13,51,21,28,21,10
Mblac1,66,4,1,0,3,0,0,3,2
Nxpe5,1,0,0,0,0,0,0,0,0
Lamtor4,2687,327,84,35,182,54,61,46,60
BC037034,114,3,3,0,6,4,6,1,7
6330418K02Rik,58,9,2,1,5,0,2,3,1
Gal3st4,2,0,0,0,1,0,0,0,0
Gpc2,1,0,0,0,0,0,0,0,1
Stag3,6,0,2,0,0,0,1,2,0
Pvrig,0,0,0,0,0,0,0,0,0
Gm10874,0,0,0,0,0,1,0,0,0
Zfp157,302,9,3,4,9,5,5,5,3
Zfp68,552,54,14,8,40,18,23,13,18
A430033K04Rik,58,1,0,0,2,0,1,1,2
Fam20c,262,34,11,4,26,8,11,3,4
Pdgfa,155,19,17,14,37,47,21,11,5
6330403L08Rik,15,1,0,0,0,2,1,0,0
Prkar1b,36,4,0,2,5,1,2,5,4
Dnaaf5,91,17,2,2,9,3,2,0,2
Sun1,772,73,29,11,37,28,18,12,17
Get4,641,85,32,3,56,15,21,13,14
Adap1,122,19,8,0,10,2,2,4,0
Cox19,887,173,34,16,68,22,35,15,16
3110082I17Rik,149,21,9,1,8,9,3,3,1
Gpr146,246,27,9,1,7,1,2,1,4
C130050O18Rik,3,1,0,0,3,0,0,1,0
Gper1,13,0,0,0,0,3,2,0,0
Zfand2a,177,43,16,4,40,13,15,8,6
Micall2,30,0,2,1,1,8,1,0,2
Ints1,440,52,11,9,31,13,7,9,6
Mafk,390,270,63,16,164,37,77,21,38
Tmem184a,0,0,0,0,0,0,0,0,0
Psmg3,479,49,18,5,36,13,9,7,8
Elfn1,96,0,0,0,6,4,1,0,0
Mad1l1,182,24,2,3,12,4,6,0,10
Gm16121,1,0,0,0,0,0,0,0,0
Gm16120,0,0,0,0,0,0,0,0,0
Nudt1,225,37,7,5,17,1,4,2,4
Mrm2,98,8,3,1,3,1,3,1,2
Snx8,283,29,7,8,16,4,5,3,1
Eif3b,2077,254,81,22,133,47,52,35,39
Chst12,1959,146,57,11,99,41,54,11,32
Gm43703,1,0,0,1,0,0,0,0,1
Lfng,17,1,13,3,5,6,3,3,0
Ttyh3,1087,91,16,16,84,28,47,20,13
Iqce,191,12,6,2,13,4,4,4,3
Brat1,95,8,4,5,6,4,2,2,5
Amz1,9,0,0,1,1,0,0,0,0
Gna12,936,88,28,18,74,23,52,22,25
Card11,0,0,0,0,0,0,0,0,1
Sdk1,317,60,8,0,31,14,12,5,6
Foxk1,264,33,6,3,19,8,9,8,5
Ap5z1,145,17,3,4,7,1,3,2,3
Radil,280,27,11,1,18,2,6,11,9
Papolb,33,10,3,0,5,0,2,0,4
Mmd2,2,0,0,0,0,0,0,0,0
Wipi2,874,158,48,18,89,25,41,26,20
Slc29a4,1,0,0,0,0,0,0,0,0
Tnrc18,1421,193,47,29,102,52,63,25,34
Fbxl18,200,25,6,2,18,6,4,6,14
Actb,49615,10070,3218,1871,6454,2281,2209,2016,2144
Fscn1,769,89,22,25,135,53,40,31,19
Rnf216,711,82,29,9,31,20,29,14,9
Olfr718-ps1,8,5,0,1,1,1,3,0,2
Rbak,195,15,6,1,10,4,5,4,4
Zfp12,147,11,7,6,4,39,7,9,4
Zfp316,119,15,2,4,16,3,4,6,4
BC030343,4,2,0,0,0,0,0,0,0
Zfp853,6,0,0,0,1,2,0,1,1
E130309D02Rik,253,34,9,5,40,13,18,6,8
Zdhhc4,547,58,17,14,20,16,19,10,15
0610040B10Rik,91,17,5,0,6,1,7,2,2
Gm20635,6,2,0,0,0,0,0,0,0
Gm42504,0,1,0,0,1,0,1,0,0
Kdelr2,6743,1019,255,95,735,247,265,126,182
Daglb,425,46,19,3,102,11,12,10,7
Rac1,6189,794,269,55,368,153,173,81,113
Fam220a,1023,181,43,23,90,36,42,33,27
Cyth3,3061,417,105,27,175,68,66,40,62
Usp42,206,54,9,9,35,16,10,2,5
D130017N08Rik,32,7,0,0,8,0,3,3,1
Eif2ak1,310,50,19,3,28,5,7,10,8
Ankrd61,4,0,0,0,0,0,0,1,0
Aimp2,560,75,16,5,42,15,14,5,14
Pms2,158,16,2,3,4,2,3,0,2
Gm17135,0,0,0,0,0,0,0,0,1
Gm42421,2,0,0,0,0,1,0,0,0
Rsph10b,6,1,0,0,0,0,0,1,0
Ccz1,890,113,34,13,65,21,25,19,21
Lmtk2,137,25,5,3,21,6,12,2,7
Bhlha15,0,0,0,1,0,0,0,0,0
Tecpr1,434,39,7,7,25,13,16,16,11
2900089D17Rik,174,35,7,1,19,3,10,3,5
Bri3,5831,739,222,76,392,158,135,83,136
Baiap2l1,9,7,0,0,4,0,0,2,0
Nptx2,18,5,0,2,9,0,6,2,6
Trrap,637,105,31,18,74,31,47,34,18
Smurf1,450,59,24,6,49,13,19,13,16
Arpc1a,2637,386,110,48,221,86,84,63,61
Arpc1b,9240,1747,479,234,738,440,291,204,207
Pdap1,2452,436,171,51,200,109,71,66,61
Bud31,1452,205,87,34,132,26,36,19,33
Ptcd1,174,13,5,0,15,4,4,1,4
Cpsf4,199,30,11,7,25,9,3,10,4
Atp5j2,6782,1199,341,182,739,239,227,178,214
Zkscan14,95,6,0,1,5,3,1,4,2
Zkscan5,127,15,4,2,16,3,3,2,4
Zfp655,642,139,40,12,75,22,24,20,26
Zscan25,4,0,0,0,1,0,1,1,0
Cyp3a57,0,0,0,0,0,0,0,0,0
1700001J03Rik,3,1,0,0,0,0,0,0,0
B230303O12Rik,24,6,2,0,0,0,1,0,1
Gm43625,8,3,0,0,0,0,1,0,0
Rnf6,742,101,36,16,65,17,17,14,14
Cdk8,607,64,18,13,37,8,16,22,16
Wasf3,8,3,1,0,8,0,2,5,2
Gpr12,2,0,0,0,1,0,0,0,0
Usp12,332,38,12,9,49,16,18,6,7
Rpl21,39563,7211,2193,785,3501,1114,1389,883,1020
Rasl11a,263,63,17,13,67,12,21,5,16
Gtf3a,898,118,42,16,92,25,26,12,16
Mtif3,174,14,2,0,11,4,1,1,2
Lnx2,213,21,7,3,15,3,6,2,5
Polr1d,4730,674,210,87,439,126,131,134,156
Flt3,0,0,0,1,0,0,0,0,0
Gm26597,0,0,0,0,0,0,0,0,0
D5Ertd605e,23,2,0,0,4,1,0,1,0
Pan3,1057,104,40,27,90,28,39,16,27
Flt1,428,22,5,0,11,2,0,1,1
Pomp,4315,611,208,94,328,108,145,99,102
Slc46a3,35,4,1,2,2,3,0,3,1
Mtus2,10,3,1,0,4,0,4,0,2
Slc7a1,531,143,30,16,60,22,29,8,10
Ubl3,1872,204,59,23,89,55,56,34,28
2210417A02Rik,0,0,0,0,0,0,0,0,0
Katnal1,217,21,5,3,10,9,4,3,9
Gm15410,4,1,0,0,0,0,0,0,0
Gm15406,8,3,3,0,2,1,0,0,2
8430423G03Rik,7,1,0,0,1,1,0,0,0
5930430L01Rik,308,23,9,2,6,5,1,1,6
Gm15408,17,3,0,0,3,0,0,2,0
Hmgb1,8550,1838,667,267,857,445,384,187,252
5730422E09Rik,3,1,0,0,0,1,0,0,0
Gm42788,63,4,4,1,2,3,1,1,3
Gm43332,2,1,1,0,0,0,0,0,0
Uspl1,237,53,21,8,39,33,8,16,13
2310047D07Rik,1,0,0,0,0,0,0,0,0
Gm29264,0,0,0,0,0,0,0,1,0
Alox5ap,58,11,17,2,7,5,3,2,1
Gm19719,10,0,0,0,0,0,0,0,0
BC028471,37,5,3,0,0,0,0,2,1
Medag,5883,523,179,14,282,49,130,77,79
Tex26,13,3,0,0,1,1,1,3,0
Wdr95,10,1,0,0,0,0,0,0,0
Hsph1,2214,608,238,50,598,349,200,471,200
Gm20005,2,0,0,0,0,0,0,1,0
B3glct,663,63,29,12,39,24,13,5,8
Fry,62,5,4,3,8,4,4,6,7
Gm42556,0,0,0,0,0,0,0,0,0
Brca2,88,2,2,2,2,0,3,2,5
Gm42529,1,0,0,0,1,0,0,0,0
N4bp2l1,210,21,7,6,13,2,5,1,2
Gm43598,9,1,2,1,1,0,3,2,0
Gm43597,10,1,1,1,2,0,2,3,0
N4bp2l2,1155,134,54,22,100,28,39,37,30
Pds5b,778,60,28,15,69,25,20,15,21
Stard13,121,14,13,10,20,17,14,9,1
D730045B01Rik,8,1,2,0,0,3,0,2,0
Rfc3,229,19,6,2,23,9,14,3,4
Samd9l,381,70,16,1,32,6,12,8,10
Hepacam2,0,0,0,0,0,0,1,0,0
Vps50,454,39,15,6,27,7,5,9,4
Calcr,5,1,0,0,0,0,0,0,0
Tfpi2,994,93,22,3,63,35,33,5,7
Gngt1,1,0,0,0,0,0,0,1,0
Gng11,3218,321,74,49,260,149,91,51,57
Bet1,1436,179,68,23,114,39,42,33,29
Col1a2,579887,32220,5944,3319,22643,10694,12166,2503,5970
Casd1,445,62,16,7,29,19,18,16,20
Sgce,1756,195,61,28,177,47,76,40,38
Peg10,140,56,31,3,41,3,9,22,2
Ppp1r9a,74,8,6,1,11,3,8,5,3
Pon1,14,0,0,0,0,0,0,0,0
Pon3,514,83,15,6,26,10,11,6,6
Pon2,1038,120,42,15,66,18,26,17,24
Asb4,7,2,0,0,1,0,1,0,0
Pdk4,91,21,1,0,8,1,4,6,5
Dync1i1,3,0,0,0,0,0,0,1,0
1700019G24Rik,3,0,0,0,0,0,0,0,0
Slc25a13,23,0,0,1,1,3,0,0,0
Sem1,7981,1464,427,175,941,296,309,213,231
Dlx6,0,0,0,1,0,0,0,0,0
Dlx5,0,2,0,0,0,0,0,0,0
Gm26774,2,1,1,0,0,0,0,0,0
Sdhaf3,181,31,8,4,9,5,13,4,7
Tac1,56,66,47,1,99,15,29,3,7
Asns,399,105,26,12,35,4,12,6,19
C1galt1,1829,264,86,6,94,37,59,26,30
Col28a1,50,4,0,6,5,20,6,13,0
Mios,360,25,7,3,24,3,10,6,4
Rpa3,534,120,37,17,71,26,30,27,17
Umad1,225,30,9,6,21,7,12,12,5
Glcci1,22,12,4,2,6,4,5,3,1
Ica1,36,2,1,0,5,0,0,0,1
Nxph1,15,8,0,0,6,3,3,0,0
Ndufa4,8015,1473,447,117,710,229,224,153,198
Phf14,1106,91,25,12,62,17,30,24,24
Thsd7a,537,111,26,6,25,25,27,17,14
Tmem106b,1756,208,61,13,130,50,65,26,31
Tmem168,515,59,24,10,29,19,15,13,9
Bmt2,418,79,22,8,58,21,24,12,13
Gpr85,14,5,1,0,2,1,1,2,1
2610001J05Rik,1279,173,65,13,97,40,26,20,19
1110019D14Rik,62,15,5,1,11,1,7,1,3
Ppp1r3a,0,0,0,0,0,0,0,0,0
Foxp2,242,26,6,2,19,5,7,5,3
Mdfic,1114,95,33,12,46,20,32,14,22
Tfec,6,0,0,0,0,0,0,0,0
Gm15473,2,0,0,0,0,0,0,0,0
Gm4876,10,0,0,0,0,0,0,0,0
Tes,191,19,13,10,12,6,5,4,1
D830026I12Rik,4,1,0,0,1,0,0,0,0
Cav2,179,50,23,3,35,6,8,7,8
Cav1,2639,530,139,24,224,31,54,44,82
Met,213,10,6,4,14,4,3,1,2
Capza2,3950,454,173,44,250,106,91,82,76
St7,429,43,9,6,28,6,12,7,8
Wnt2,151,18,10,0,81,12,9,6,6
Cttnbp2,65,7,2,6,27,4,7,4,5
Gm15594,2,0,0,0,1,0,0,1,0
Gm26809,20,22,9,2,5,4,2,5,7
Gm20186,282,167,49,4,27,11,13,6,16
Lsm8,939,120,33,15,68,35,29,23,30
Ankrd7,0,0,0,0,0,0,0,0,0
Kcnd2,0,0,0,1,2,0,2,3,0
Tspan12,47,10,1,0,14,0,3,4,3
Ing3,294,77,20,14,38,9,20,10,12
Gm26719,7,3,0,0,0,0,0,0,0
Cped1,2188,385,141,53,218,66,98,79,94
Wnt16,50,3,1,13,5,4,3,3,3
Fam3c,1404,196,45,24,120,57,56,50,44
Ptprz1,88,0,1,3,10,47,39,22,27
Aass,53,3,2,1,2,1,1,0,0
Cadps2,17,5,2,0,4,1,3,0,0
Ndufa5,3554,525,190,50,272,87,85,88,76
Asb15,6,0,0,0,0,0,0,0,0
Lmod2,0,0,0,0,0,0,0,0,1
Wasl,1739,238,55,24,164,39,45,46,44
Tmem229a,0,0,0,0,1,0,0,2,0
Gpr37,0,0,0,1,0,2,1,1,0
Pot1a,242,26,2,1,13,5,2,7,1
Grm8,2,0,1,1,1,1,1,0,0
6530409C15Rik,3,0,0,0,1,0,1,1,0
Zfp800,457,101,28,9,36,13,14,8,11
Gcc1,319,96,18,4,19,13,11,5,5
Arf5,11977,1418,357,188,956,326,322,238,231
Snd1,918,134,52,10,57,22,22,19,19
Lrrc4,6,2,2,0,3,2,1,0,1
Rbm28,731,104,39,17,55,34,20,20,18
Prrt4,24,0,0,0,0,0,0,2,0
Impdh1,660,73,17,11,50,19,21,8,12
Hilpda,479,177,64,9,56,25,21,10,21
Fam71f2,5,0,4,0,4,0,3,0,0
Fam71f1,1,0,0,0,0,0,0,0,0
Calu,11155,1034,336,111,706,263,252,147,229
Opn1sw,1,3,0,0,1,1,0,1,1
Ccdc136,19,1,0,5,13,1,3,4,1
Flnc,259,61,29,4,99,28,39,11,12
Atp6v1f,3221,396,120,61,286,95,127,73,67
Gm9047,0,0,0,0,0,0,0,0,0
Kcp,54,4,4,2,17,8,11,3,6
Irf5,17,4,6,1,3,0,6,2,3
Tnpo3,1270,176,64,18,98,27,28,23,29
Tspan33,2,1,0,0,1,0,1,1,0
Smo,1325,127,29,21,81,34,49,28,29
Ahcyl2,356,98,27,10,41,15,25,16,9
Strip2,4,3,0,0,1,0,0,0,0
Smkr-ps,11,1,0,0,1,0,1,0,0
Nrf1,544,71,20,9,47,16,16,10,18
Ube2h,1600,218,61,27,176,58,74,46,50
1700095J07Rik,1,0,0,1,0,0,0,0,0
Zc3hc1,246,35,16,4,19,4,4,6,10
Klhdc10,508,56,24,11,27,16,11,13,17
1700012C14Rik,1,0,0,0,0,0,1,0,0
Tmem209,235,32,5,4,17,7,3,15,5
Cpa2,9,0,0,0,0,0,0,0,0
Cpa4,0,0,0,1,0,0,0,0,0
Cep41,107,11,4,1,11,5,2,0,0
Mest,244,6,4,7,84,234,29,2,8
Copg2,320,38,16,3,17,9,12,7,8
Klf14,1,0,0,0,0,1,0,0,0
Gm27019,21,1,0,0,0,0,0,0,0
Lncpint,961,153,29,8,52,21,24,14,17
Mkln1os,9,4,0,0,4,0,0,1,0
Mkln1,2034,214,67,22,137,52,63,48,52
Podxl,10,0,0,0,0,0,0,0,0
Plxna4,208,19,0,3,9,12,9,2,0
Plxna4os1,0,0,0,0,0,0,0,0,0
Chchd3,1039,131,55,20,94,27,35,19,28
Exoc4,794,94,32,5,49,23,33,15,14
Lrguk,4,0,0,0,0,0,0,0,0
Slc35b4,645,69,27,3,30,10,8,5,11
Akr1b3,2259,318,85,29,167,71,68,35,49
Akr1b8,1063,197,50,14,90,20,27,23,21
Akr1b10,353,23,7,2,21,12,5,5,8
Bpgm,452,48,15,24,123,35,27,47,22
Cald1,9214,1204,309,144,643,281,192,154,178
Gm13861,0,0,0,0,0,0,0,0,0
Agbl3,138,26,3,3,16,7,6,5,7
Tmem140,1823,126,25,11,119,35,47,12,12
3110062M04Rik,162,25,6,2,16,5,3,4,4
Wdr91,467,43,8,1,13,4,13,4,7
Stra8,0,0,0,0,0,0,0,0,0
Slc23a4,5,0,0,0,0,0,0,0,0
Cnot4,853,178,36,22,118,37,49,29,28
Nup205,302,33,9,4,31,9,8,9,8
1810058I24Rik,4846,372,131,46,323,101,112,58,94
Slc13a4,2,1,2,0,5,0,0,0,1
Fam180a,1501,119,56,9,60,20,38,16,28
Mtpn,2865,319,102,28,134,57,66,33,46
9330158H04Rik,1,0,0,0,0,0,0,2,0
Chrm2,24,0,0,0,6,2,1,1,0
Ptn,1667,11,0,18,62,135,63,28,4
Dgki,0,0,0,0,0,0,0,0,0
Creb3l2,1488,164,50,21,78,47,48,28,25
Trim24,562,83,26,10,46,21,15,10,7
Svopl,12,0,0,0,0,0,0,0,0
Atp6v0a4,18,2,0,0,1,1,0,0,0
D630045J12Rik,256,17,9,2,16,5,5,4,7
Zc3hav1l,278,37,4,0,25,8,10,4,6
Zc3hav1,1027,301,116,17,180,29,68,26,38
Ttc26,63,12,1,2,5,3,8,0,2
Ubn2,1847,242,53,28,131,70,58,35,41
Fmc1,875,135,43,20,96,32,27,33,15
Luc7l2,5675,602,157,66,307,120,160,75,107
Gm26699,139,29,3,2,7,9,11,1,3
Klrg2,4,2,0,0,2,0,2,0,4
Clec2l,2,0,0,0,2,0,1,0,0
Hipk2,455,48,12,5,23,11,7,10,9
Tbxas1,3,3,3,0,0,0,0,0,0
1700025N23Rik,2,0,0,0,0,0,0,0,0
Parp12,395,71,26,3,33,10,19,5,10
4930599N23Rik,13,0,1,0,2,0,0,0,0
Kdm7a,1891,227,60,14,92,25,43,25,29
Slc37a3,695,53,15,0,45,16,15,7,9
Rab19,31,1,2,0,1,0,0,0,0
Mkrn1,1028,114,33,20,58,28,27,21,20
Gm10244,7,0,0,0,0,0,0,0,0
Dennd2a,594,95,35,8,50,24,32,17,11
Adck2,114,17,7,2,20,3,4,3,5
Ndufb2,2277,462,138,65,275,102,108,57,74
Braf,748,99,29,18,51,21,22,23,19
Mrps33,2211,320,102,26,184,64,66,46,57
Tmem178b,34,8,3,0,6,2,0,0,2
Agk,434,31,18,2,30,12,9,4,8
E330009J07Rik,118,13,3,0,4,4,3,1,4
Wee2,0,0,0,0,0,0,0,0,0
Ssbp1,1097,132,42,20,105,31,31,29,26
Olfr461,0,2,0,0,0,1,0,0,0
Clec5a,0,1,1,0,0,1,0,0,0
Mgam,10,0,0,0,1,0,0,0,0
Trbv1,0,0,0,0,0,0,0,0,0
Trbv13-1,0,0,0,0,0,0,0,0,0
Trbv12-2,0,0,0,0,0,0,0,0,0
Trbv19,0,0,0,0,0,0,0,0,0
Trbv20,0,0,0,0,0,0,0,0,0
Prss2,0,0,0,0,0,0,0,0,0
Trbc1,0,0,1,1,2,0,1,4,4
Trbc2,5,0,0,1,2,4,3,1,1
Ephb6,140,11,6,6,42,10,11,10,6
Trpv6,0,0,0,0,0,0,0,0,0
Gstk1,191,41,18,6,20,1,10,8,5
Tmem139,1,0,0,0,0,0,0,0,0
Casp2,233,14,6,4,13,3,2,2,3
Fam131b,20,3,0,0,2,0,0,1,1
Zyx,2346,317,81,15,140,39,56,28,47
Epha1,17,5,1,0,2,0,0,0,1
2010310C07Rik,9,4,0,1,0,1,3,1,2
Tas2r143,4,1,3,0,0,0,0,0,0
Tcaf2,84,12,6,1,5,3,7,0,1
Tcaf1,1051,112,40,13,78,28,38,28,23
Arhgef5,32,3,0,1,7,4,5,6,0
Tpk1,51,1,2,0,4,1,1,1,0
Cntnap2,7,2,0,0,3,1,0,0,0
Cul1,1433,160,46,28,106,49,58,31,38
Ezh2,381,91,24,26,70,32,32,27,14
Gm26625,1,7,0,2,4,0,1,2,0
Pdia4,1461,418,131,39,249,74,88,60,57
Zfp786,6,0,0,1,0,0,0,0,0
Zfp398,376,13,8,5,14,7,8,3,0
Zfp282,274,26,5,4,16,6,8,6,11
Zfp212,190,18,6,1,12,5,2,6,7
Zfp956,78,8,2,0,5,4,3,0,1
Zfp777,176,11,11,6,18,5,8,3,0
Zfp746,301,26,17,7,24,13,11,3,12
Gm44696,3,0,0,0,0,0,0,0,0
Krba1,165,7,1,3,2,0,2,0,1
Zfp467,153,25,9,3,13,8,7,4,5
Sspo,0,0,0,0,0,0,0,0,0
Atp6v0e2,61,10,2,0,11,3,1,5,2
Lrrc61,55,11,1,0,2,2,3,1,1
Rarres2,36737,11023,3314,112,1483,396,737,367,548
Repin1,157,19,7,1,10,1,7,0,3
Zfp775,74,9,2,3,0,3,2,2,2
AI854703,140,5,1,0,6,0,4,1,2
Gimap8,0,0,0,0,0,0,0,1,0
Gimap9,21,4,0,0,6,0,0,1,2
Gimap4,1,1,0,0,0,0,0,0,0
Gimap6,7,1,2,2,0,1,0,0,2
Gimap7,0,0,0,0,0,0,0,0,0
Gimap1,2,1,1,1,0,0,0,1,1
Gimap5,0,0,0,0,0,0,0,0,0
Gm44226,0,0,1,0,0,0,0,1,0
4833403J16Rik,0,1,0,0,0,0,0,0,0
Gimap3,0,0,0,1,0,0,0,0,2
Tmem176b,2701,669,152,58,311,152,265,113,142
Tmem176a,1941,555,127,48,219,129,158,82,82
Gpnmb,6932,1539,434,47,324,95,160,51,92
Malsu1,1187,136,36,8,78,22,36,25,23
Igf2bp3,82,24,10,2,15,3,4,7,3
Tra2a,3211,1101,270,86,506,192,252,89,146
Ccdc126,128,14,7,2,16,7,2,3,4
Fam221a,18,2,1,0,3,0,3,0,0
Stk31,0,0,0,0,0,1,0,1,0
Npy,17,2,1,0,0,0,0,0,0
Mpp6,981,127,46,10,102,24,30,44,34
Gsdme,138,24,11,3,17,2,4,5,8
Osbpl3,126,12,7,2,12,8,4,5,6
Cycs,1971,506,157,85,276,82,88,85,65
5430402O13Rik,13,1,0,0,0,0,0,1,0
4921507P07Rik,1,0,0,0,0,0,0,0,0
Npvf,1,0,0,1,1,0,1,0,0
C530044C16Rik,114,9,10,0,0,1,0,1,4
Gm26677,0,1,0,0,0,1,0,0,0
0610033M10Rik,2,3,3,0,7,0,0,2,0
Nfe2l3,5,3,1,0,1,0,0,1,1
Hnrnpa2b1,6841,1604,526,156,789,320,340,267,258
Cbx3,2845,506,205,83,379,183,140,106,126
Snx10,786,151,51,2,57,27,28,15,20
Skap2,216,71,21,7,51,7,11,15,6
Halr1,2,0,0,1,3,0,0,0,0
Hoxa1,10,1,1,0,1,0,0,1,2
Hotairm1,164,32,7,2,22,7,6,5,5
Hoxa2,17,0,0,0,0,2,0,0,1
Hoxa3,91,2,2,0,6,1,1,1,3
Gm15050,67,4,5,2,10,3,0,2,0
Hoxaas3,25,2,1,0,1,1,1,0,3
Hoxa4,17,3,1,0,0,1,1,0,0
Hoxa5,127,11,2,0,5,2,1,4,2
Hoxa6,5,0,0,0,0,0,0,0,1
Hoxa7,300,21,10,2,23,5,4,9,5
Hoxa9,744,3,0,0,1,1,0,3,3
Hoxa10,975,2,1,0,0,0,0,0,0
Hoxa11,19,0,0,0,0,0,0,0,0
Evx1,0,0,0,0,0,0,0,0,0
Hibadh,1218,118,42,13,79,23,38,22,15
Tax1bp1,3680,484,144,56,217,97,108,77,93
Jazf1,13,4,0,0,3,1,0,1,0
Creb5,5027,608,213,9,241,59,63,52,61
Tril,1145,65,5,10,64,44,43,21,20
Gm16499,13,1,0,0,2,1,0,0,0
Gm16499-1,20,7,2,0,0,0,1,2,9
Chn2,6,2,2,4,9,4,0,3,1
Prr15,2,0,2,0,2,0,0,0,0
Wipf3,29,0,0,0,0,0,0,1,2
Scrn1,556,61,21,6,38,17,8,6,10
Fkbp14,1492,136,46,18,134,48,58,28,55
Plekha8,218,23,6,4,15,5,8,12,5
Mturn,202,39,8,2,30,5,5,17,7
Znrf2,373,45,17,2,42,13,16,5,10
Nod1,536,95,34,2,35,11,19,9,10
Ggct,289,57,21,3,35,2,16,4,5
Gars,1812,243,55,24,103,26,33,26,28
Crhr2,6,0,0,0,0,0,0,2,2
Inmt,500,150,13,0,109,8,37,15,35
Mindy4,128,17,4,1,3,1,4,1,1
Aqp1,798,44,13,33,92,38,9,7,43
6430584L05Rik,3,1,0,0,0,0,0,0,0
Adcyap1r1,712,62,11,3,30,9,12,5,3
Pde1c,5,0,0,0,3,1,5,1,2
Lsm5,1644,262,83,33,122,62,50,30,43
Avl9,444,60,13,5,27,11,9,6,6
Kbtbd2,411,67,24,8,38,12,14,15,17
Fkbp9,9683,856,242,78,596,253,219,100,152
Nt5c3,448,78,21,10,48,15,21,14,16
Vmn1r4,1,0,0,0,0,0,1,0,0
Vmn1r9,0,3,2,0,2,0,0,0,0
Vmn1r12,2,0,1,0,0,0,2,1,0
Vmn1r15,0,1,0,0,0,0,0,0,0
Vmn1r16,0,1,0,0,0,0,0,0,1
Ppm1k,173,27,4,5,14,6,8,5,7
Herc6,178,62,19,3,21,7,17,6,2
Pyurf,382,58,12,7,23,21,10,8,14
Lancl2,188,15,11,1,10,5,8,6,5
Vopp1,317,27,18,6,21,9,3,10,5
Vmn1r26,0,2,0,0,0,1,0,0,0
Vmn1r28,0,1,0,1,1,0,0,0,0
Abcg2,454,53,21,7,40,15,14,20,19
Herc3,30,4,0,0,1,1,1,2,2
Nap1l5,13,0,0,0,1,0,0,2,0
Fam13a,397,25,5,0,19,3,6,7,4
Gm45060,1,0,0,0,0,0,0,0,0
Tigd2,598,56,19,5,29,12,14,10,18
Gprin3,16,0,0,0,0,0,0,1,3
Snca,9,1,0,2,1,8,1,3,2
Mmrn1,0,0,0,0,0,0,0,0,0
Ccser1,26,5,1,0,1,1,2,0,1
Grid2,4,0,0,0,0,2,0,0,2
Smarcad1,532,55,16,14,35,17,18,12,22
Hpgds,1,1,1,2,0,0,0,0,1
Tnip3,0,1,3,0,0,0,0,0,0
Ndnf,177,11,5,13,36,150,49,52,37
Gm16838,3,1,0,0,0,0,0,0,0
Prdm5,558,44,18,7,32,17,18,9,19
2610300M13Rik,20,1,1,0,0,0,1,0,1
Mad2l1,137,11,9,8,10,9,9,2,1
Vmn1r38,0,0,0,0,0,0,0,0,0
Gng12,3884,542,164,27,270,72,107,59,73
Gadd45a,362,162,54,15,92,51,34,30,12
Serbp1,6341,1282,409,144,588,223,209,170,149
Il12rb2,1,1,1,1,0,0,0,0,0
Il23r,4,0,0,0,0,0,0,0,1
Tacstd2,1,0,0,0,1,1,0,0,0
Igkv10-94,0,0,0,0,0,0,0,0,0
Gm30211,0,0,0,0,0,0,11,0,0
Igkc,0,0,0,0,0,1,36,1,0
Rpia,435,65,24,8,30,12,23,14,18
Eif2ak3,475,66,17,13,52,21,19,12,14
Thnsl2,170,22,2,0,7,1,4,1,1
Smyd1,0,0,0,1,0,0,0,0,1
Krcc1,1565,216,72,23,140,46,33,23,37
Gm1070,1,1,0,0,3,0,1,0,1
Cd8b1,1,0,1,0,2,2,1,0,1
Gm44175,9,1,1,3,2,2,1,0,0
Cd8a,0,0,0,0,0,0,0,0,0
Rmnd5a,932,89,27,11,57,13,31,25,26
Rnf103,570,111,30,9,55,18,27,15,16
1700040L08Rik,0,0,0,0,0,0,0,0,0
Chmp3,1760,271,79,30,130,48,56,45,57
Kdm3a,570,120,33,18,71,12,37,26,17
Reep1,14,1,1,3,3,0,0,1,0
Mrpl35,909,138,35,11,74,29,18,12,20
Immt,1532,197,49,17,87,44,43,29,29
Ptcd3,341,27,10,3,14,4,5,13,6
Polr1a,300,25,10,6,19,5,4,4,6
St3gal5,129,24,3,5,26,12,17,21,3
Gm38832,1,0,0,0,0,0,0,1,0
Atoh8,89,26,6,4,4,6,3,0,3
Sftpb,0,1,0,0,0,0,0,0,0
Usp39,439,42,16,5,17,9,9,6,7
Gm45051,20,3,1,0,7,3,1,1,0
0610030E20Rik,498,66,23,10,25,24,22,9,7
Tmem150a,636,121,30,7,60,18,31,12,14
Rnf181,635,67,28,8,56,9,19,14,25
Vamp5,832,88,21,9,46,16,12,17,7
Vamp8,1898,238,78,39,146,50,56,36,44
Ggcx,461,56,13,6,39,9,21,9,8
Mat2a,4139,1457,482,78,557,132,234,103,103
Sh2d6,25,4,2,0,1,0,0,0,0
Capg,4084,793,228,58,245,85,96,47,93
Elmod3,186,50,7,4,14,2,21,1,6
Retsat,220,68,18,2,18,2,5,4,3
Tgoln1,2506,565,143,42,221,92,106,63,58
Tcf7l1,1024,131,40,7,94,22,36,18,24
Gm15401,0,1,0,0,1,0,0,0,0
Gm15402,4,0,1,0,2,0,0,1,0
Kcmf1,1448,288,83,33,174,61,77,48,37
Gm26640,7,0,0,0,0,0,0,0,1
Tmsb10,39587,12223,3474,1426,8303,2540,2673,1105,1654
Gm20560,45,11,4,0,0,0,0,0,1
Dnah6,18,1,1,0,1,1,1,0,2
Suclg1,1662,206,45,21,115,47,45,29,35
Gm9008,4,1,0,0,1,0,0,0,0
Ctnna2,3,0,0,0,0,1,1,0,0
Lrrtm1,10,1,0,1,3,0,1,0,1
Reg1,247,76,0,0,4,2,1,0,0
Reg3g,597,5,0,0,0,0,1,0,0
Gm20594,38,13,12,3,3,2,11,7,25
Lrrtm4,27,4,5,1,6,3,9,0,2
Gcfc2,240,3,7,0,4,3,2,3,3
Mrpl19,368,60,17,9,25,10,8,11,9
Gm20383,1,0,0,0,0,0,0,1,0
Eva1a,31,4,0,4,9,2,4,3,0
Tacr1,8,1,0,0,4,1,2,1,1
Pole4,1010,248,68,20,103,35,44,30,45
Hk2,625,1308,395,40,604,149,358,35,33
Gm17034,0,5,0,0,2,0,0,0,0
Gm38843,0,0,0,0,0,0,0,0,0
Gm32591,1,0,0,0,0,0,0,0,0
Gm45145,0,0,1,0,0,0,0,0,0
Sema4f,48,1,0,3,3,8,4,0,2
M1ap,11,3,2,0,0,1,2,2,2
Dok1,379,48,11,0,27,14,11,3,8
Loxl3,382,125,41,5,64,25,22,12,6
Htra2,973,142,42,5,65,21,28,15,29
Aup1,1087,166,51,12,72,25,33,14,13
Dqx1,16,0,1,0,16,1,0,0,0
Pcgf1,199,16,7,1,20,2,5,6,8
Lbx2,5,1,0,1,0,0,0,0,0
Ccdc142,6,0,0,0,0,0,0,0,0
Gm42688,1,0,0,1,0,0,0,0,0
Ccdc142os,14,2,1,0,2,0,0,0,0
Mrpl53,0,2,0,2,1,1,0,3,0
Mogs,605,71,21,8,36,19,20,16,11
Wbp1,349,62,13,7,55,12,19,14,12
Ino80b,469,77,17,10,32,15,16,8,11
Gm44287,0,0,0,0,0,0,1,0,0
Rtkn,176,18,9,6,15,14,5,10,5
Wdr54,55,6,2,0,0,1,3,1,1
1700003E16Rik,1,0,1,0,0,0,2,0,0
Dctn1,1084,121,45,11,67,29,42,12,18
Gm15624,0,0,0,0,0,0,0,0,0
Slc4a5,0,0,0,0,0,0,0,0,0
Mthfd2,537,83,21,22,45,10,18,6,22
Mob1a,1714,206,60,12,95,48,49,29,43
Bola3,1352,236,70,23,117,42,48,31,35
Tet3,707,97,33,14,44,16,29,11,21
Dguok,1062,113,32,12,75,31,34,33,33
Actg2,78,0,0,6,26,25,4,2,7
Stambp,419,41,15,4,25,9,8,3,9
Gm21284,6,1,0,0,1,0,0,0,0
Cd207,2,0,0,0,1,1,0,0,0
Vax2os,390,15,5,2,14,3,9,4,7
Vax2,535,44,7,10,25,4,8,2,6
Atp6v1b1,52,5,0,1,0,0,0,0,1
1700124L16Rik,2,0,0,0,0,0,0,0,0
Tex261,1943,266,68,30,129,41,59,37,29
Nagk,1240,158,47,15,96,28,40,14,26
Paip2b,347,130,42,7,150,99,70,10,19
Zfp638,1510,156,59,13,72,43,31,26,29
Dysf,20,5,1,2,4,2,1,3,0
Cyp26b1,13416,2541,819,81,365,176,270,183,195
Exoc6b,817,83,35,9,45,14,18,31,16
Spr,1088,154,35,18,65,24,24,29,21
Sfxn5,77,6,3,2,10,3,2,3,4
Rab11fip5,853,89,15,4,34,6,22,9,9
Smyd5,176,19,8,3,19,11,11,4,4
Pradc1,287,29,7,5,19,14,8,7,2
Cct7,2785,428,161,58,266,90,74,84,89
Fbxo41,1,0,0,0,0,0,2,0,0
Egr4,14,1,1,0,2,3,0,5,0
Alms1,199,37,8,2,17,5,9,1,8
Nat8f7,2,0,0,0,1,1,0,0,0
Nat8f3,505,39,14,2,10,3,11,1,4
Nat8f6,27,3,2,1,0,0,3,0,2
Nat8f5,50,7,0,0,1,0,4,0,0
Nat8,70,8,4,0,2,1,3,0,0
Nat8f4,9,0,1,0,0,1,0,1,3
Nat8f1,115,11,4,0,2,5,10,3,5
Tprkb,621,83,21,11,40,14,16,8,16
Dusp11,1735,261,82,33,164,63,85,44,68
Gm19265,1,0,0,0,0,1,0,0,0
Add2,2,1,0,0,2,0,0,0,3
Tgfa,6,6,2,0,0,1,0,1,2
Fam136a,361,43,15,3,24,7,9,7,7
Snrpg,2272,922,365,113,561,220,198,107,168
Pcyox1,837,91,30,8,64,26,31,12,19
Tia1,1252,91,17,15,54,29,31,22,23
C87436,325,30,14,5,24,8,11,7,8
A430078I02Rik,10,3,2,0,0,0,1,0,1
2310040G24Rik,11,2,2,1,3,0,0,1,0
Gm43936,2,0,0,0,0,1,0,0,0
Gm44386,0,0,1,0,0,2,1,0,0
Pcbp1,4802,716,244,91,322,131,145,122,106
1600020E01Rik,284,33,4,9,22,12,11,13,13
Asprv1,9,3,2,0,0,0,0,0,0
Mxd1,407,148,41,21,71,34,28,35,16
Snrnp27,1264,222,79,30,105,47,45,39,44
Gm44214,6,0,0,0,0,0,0,0,0
Gmcl1,447,35,7,9,26,13,11,10,13
Gm44036,0,0,0,0,0,0,0,0,0
Anxa4,1985,256,90,19,151,46,54,44,39
Aak1,1036,104,34,16,51,22,29,21,15
Nfu1,832,131,44,10,58,23,30,30,17
Gfpt1,1650,302,76,32,154,45,59,49,51
D6Ertd527e,15,3,2,0,5,1,1,0,2
Antxr1,6528,704,252,45,367,126,156,68,91
Gkn1,0,0,0,0,0,0,0,0,0
Gkn3,5,1,0,0,0,0,0,0,1
Arhgap25,200,9,3,2,7,2,6,1,3
Prokr1,146,10,6,0,3,0,2,2,2
Aplf,118,12,3,3,8,3,5,3,2
1810020O05Rik,1,0,0,0,0,0,1,0,0
Gm44210,20,0,1,1,1,0,1,1,1
Efcc1,243,17,9,4,26,1,4,6,6
Rab43,237,88,25,4,17,12,18,9,5
Gm45140,0,0,0,0,1,0,0,0,1
Isy1,645,156,58,5,73,22,30,22,22
Cnbp,6455,878,270,94,470,179,187,144,178
Copg1,1923,211,67,13,161,35,47,32,35
Hmces,252,39,11,7,22,11,11,3,10
H1fx,354,10,2,28,52,21,25,15,4
Gm5577,7,1,0,0,1,1,0,1,0
Rab7,3501,549,162,59,298,120,108,72,80
Rpn1,4063,695,189,34,258,87,80,73,58
Gata2,3,2,2,0,0,0,0,0,0
Eefsec,164,16,9,5,20,3,9,6,4
Gm44264,1,0,0,0,0,0,0,0,0
Ruvbl1,747,117,52,17,48,21,28,13,29
Sec61a1,3837,552,136,58,294,94,113,69,93
Mgll,523,114,42,10,70,16,25,21,26
Abtb1,238,30,14,2,13,8,9,14,8
Podxl2,737,42,18,19,60,30,31,17,18
Mcm2,160,19,9,4,7,2,5,1,6
Tpra1,233,22,13,4,19,9,9,2,13
Gm1965,0,0,0,0,0,0,0,0,0
4930512J16Rik,0,0,0,0,0,0,0,0,0
Gm26811,2,0,0,0,0,1,0,0,0
Plxna1,749,81,19,5,52,16,21,8,17
Chchd6,400,55,19,3,47,9,17,8,8
Txnrd3,127,14,4,5,7,2,4,1,6
Vmn1r43,13,13,9,1,2,1,5,1,1
Vmn1r47,0,0,0,0,1,1,1,0,0
Vmn1r49,1,0,0,0,0,0,0,0,0
Chst13,1,0,0,0,0,0,0,0,0
Zxdc,346,27,7,8,32,14,11,13,6
Klf15,148,14,8,0,4,2,0,4,4
Gm44421,6,0,1,0,0,0,0,0,0
Aldh1l1,67,16,4,0,6,2,2,0,0
Slc41a3,643,55,25,1,36,6,14,3,4
Iqsec1,686,102,32,6,53,22,24,14,13
Nup210,1,0,1,0,1,0,6,0,0
Hdac11,92,10,4,1,10,5,11,0,6
Fbln2,16366,1451,389,180,1059,369,471,211,246
4930471M09Rik,1,0,0,0,0,0,1,0,0
1810044D09Rik,61,6,1,2,3,0,1,1,2
Chchd4,185,65,21,11,27,8,8,5,13
Tmem43,1807,162,68,13,106,35,45,23,28
Xpc,275,20,12,3,14,6,7,6,3
Lsm3,1172,172,48,28,99,39,35,27,37
Slc6a6,1232,200,49,18,77,56,53,33,57
Grip2,22,3,1,0,2,0,0,0,0
Ccdc174,607,133,38,15,72,23,29,21,18
4930590J08Rik,13,3,2,3,2,1,2,4,0
Fgd5,240,21,8,4,17,16,8,9,10
Nr2c2,953,59,23,7,40,17,19,10,14
Mrps25,1159,157,59,26,78,41,38,24,25
Rbsn,432,56,13,10,28,11,16,4,6
Prickle2,314,43,7,6,30,11,13,10,6
Adamts9,204,60,17,1,20,15,18,26,8
A730049H05Rik,17,5,0,0,0,2,2,2,1
9530026P05Rik,18,1,0,0,3,0,0,1,1
Magi1,70,14,3,0,8,1,7,1,3
Slc25a26,87,12,5,4,6,5,2,1,3
Lrig1,884,90,29,11,45,16,23,6,30
4930511E03Rik,6,0,0,0,1,0,0,0,0
Kbtbd8,5,1,1,0,1,0,0,2,0
Suclg2,656,117,38,13,53,22,25,18,14
Fam19a1,6,0,0,0,1,0,1,0,3
Eogt,218,29,4,0,25,12,9,4,6
Tmf1,1013,146,46,17,83,39,43,20,30
Uba3,768,100,34,10,53,31,27,9,17
Arl6ip5,3023,504,161,62,311,88,102,60,82
Lmod3,0,0,0,0,0,0,1,0,0
Frmd4b,110,28,12,1,26,8,9,7,12
Mitf,1458,169,58,9,91,17,30,40,33
Gm765,8,5,0,1,3,0,0,0,0
Foxp1,2684,289,103,26,147,56,68,31,24
Gm20696,121,11,4,1,7,1,4,1,0
Eif4e3,517,56,22,6,38,14,16,8,8
Gpr27,564,31,17,2,20,5,18,5,5
Prok2,67,7,3,0,0,0,0,0,2
Rybp,781,176,67,18,92,41,63,25,22
Shq1,133,21,2,1,6,1,3,1,4
Gxylt2,4215,554,165,35,267,114,122,39,80
Ppp4r2,2100,396,123,39,195,76,84,38,59
Gm43948,5,1,1,1,0,0,0,0,0
Pdzrn3,1345,113,32,10,65,31,35,12,23
Chl1,3445,659,108,3,49,48,33,23,20
Trnt1,1097,157,55,13,60,28,32,16,28
Crbn,502,46,13,3,23,2,2,6,6
Lrrn1,40,0,0,20,47,7,5,18,8
Setmar,28,0,2,0,1,1,0,0,0
Sumf1,847,85,30,8,56,19,19,11,10
Itpr1,400,31,10,5,35,11,18,10,12
Gm44040,2,0,0,0,1,1,0,0,0
0610040F04Rik,0,0,0,0,0,0,1,0,0
Bhlhe40,1561,1045,267,89,340,109,190,68,55
Arl8b,1465,258,65,12,84,35,39,23,34
Edem1,816,199,72,10,83,31,40,15,18
Lmcd1,444,19,15,2,6,8,1,0,4
Ssu2,1,0,0,0,0,0,0,0,0
Cav3,67,4,5,0,3,2,0,3,2
Oxtr,30,2,1,0,2,1,0,0,6
Rad18,196,10,4,3,9,6,2,0,11
Gm26799,4,0,1,0,0,0,2,0,0
Srgap3,319,37,16,6,12,11,13,4,9
Gm44081,1,1,0,0,0,0,0,0,0
Thumpd3,233,45,8,7,19,13,12,4,8
Gt(ROSA)26Sor,128,103,35,10,48,20,40,16,32
Setd5,2661,189,63,19,127,50,65,44,56
Lhfpl4,53,12,2,2,16,3,3,5,3
Mtmr14,201,19,10,6,15,4,6,6,5
Cpne9,1,1,0,2,0,0,0,0,0
Brpf1,258,46,7,4,34,14,16,15,9
Gm15492,8,0,1,0,0,0,0,0,1
Ogg1,134,18,4,4,11,7,5,1,4
Camk1,1695,179,58,22,138,33,54,30,41
Tada3,355,36,20,7,31,11,15,5,7
Arpc4,1487,351,111,49,218,55,91,46,64
Ttll3,67,24,3,3,13,7,6,3,2
Rpusd3,91,8,4,2,4,3,1,3,4
Cidec,212,0,0,0,0,0,0,0,0
Jagn1,843,91,25,10,63,25,30,15,17
Il17re,2,1,0,0,0,0,0,0,0
Il17rc,547,77,24,5,53,21,12,11,10
Creld1,434,66,21,7,40,16,14,11,8
Prrt3,6,1,0,0,2,0,0,0,0
Emc3,2201,250,99,28,173,39,54,32,26
Fancd2,34,0,1,1,3,0,0,1,0
Brk1,4214,476,119,59,262,90,110,73,93
Gm44199,1,0,0,0,0,0,0,1,0
Vhl,377,31,10,6,23,9,10,8,11
Irak2,30,5,8,0,9,4,3,2,2
Gm43964,0,0,0,0,0,0,0,0,0
Tatdn2,310,50,18,7,23,7,10,7,11
Gm26982,42,6,1,3,5,1,2,1,3
Ghrl,8,3,1,0,2,0,1,1,0
Gm44053,3,0,0,0,0,0,0,0,0
Sec13,2178,275,76,19,130,46,54,30,48
Hrh1,23,2,1,0,2,0,0,0,4
Atg7,441,46,17,6,26,6,12,7,4
Vgll4,651,84,19,26,53,26,33,35,25
Tamm41,190,21,7,2,9,2,7,2,5
Syn2,160,0,1,0,1,0,2,0,1
Timp4,15,0,0,0,0,0,0,0,0
Pparg,115,13,2,0,11,0,4,1,3
Tsen2,274,29,8,1,12,5,5,1,6
Mkrn2os,0,2,0,0,0,0,0,2,0
Mkrn2,340,33,5,5,25,13,7,15,7
Raf1,1188,173,58,17,134,34,69,31,42
Tmem40,1,0,0,0,0,0,0,0,0
Cand2,48,10,1,1,13,3,3,1,1
Rpl32,65225,9705,2844,773,3684,1283,1571,1113,1331
Efcab12,2,1,0,0,0,0,0,0,1
Mbd4,93,9,2,1,3,3,6,0,3
Ift122,150,14,4,1,16,5,8,7,5
Rho,2,0,0,0,0,1,0,0,0
H1foo,0,0,0,0,0,1,0,0,0
Plxnd1,561,77,27,19,42,28,18,14,15
Tmcc1,1015,124,44,9,69,39,36,24,26
Gm20404,0,0,0,0,0,0,0,1,0
Washc2,947,108,29,9,59,30,33,22,17
Zfand4,77,1,3,3,4,1,4,4,1
March8,661,66,22,5,40,14,23,4,12
Alox5,0,0,0,0,0,0,0,0,0
Olfr212,4,1,0,0,0,0,0,0,1
Zfp422,406,38,16,5,25,14,11,5,11
Rassf4,101,7,3,0,5,5,4,0,1
8430408G22Rik,0,0,0,0,0,0,0,0,0
Tmem72,4,2,0,0,1,0,1,1,1
Cxcl12,23542,2924,552,34,713,258,753,179,152
Zfp637,976,78,22,9,42,16,16,10,16
Zfp239,15,1,1,0,1,1,2,1,1
Hnrnpf,5929,818,302,120,435,146,187,126,118
Fxyd4,17,42,13,3,22,4,11,7,9
Rasgef1a,13,3,1,1,0,0,2,2,2
Csgalnact2,1580,130,39,14,69,20,45,19,23
Ret,73,16,1,0,12,1,1,2,2
Bms1,486,65,21,8,29,14,6,17,14
Zfp248,62,9,4,1,7,4,1,1,1
Zfp9,797,103,37,20,67,25,31,12,23
Ankrd26,176,21,8,4,13,9,11,4,3
Cacna1c,174,15,1,4,13,3,4,0,3
Dcp1b,139,12,3,1,12,4,8,5,2
Cacna2d4,1,0,0,0,0,0,0,0,0
Adipor2,799,107,17,12,63,26,24,15,12
Wnt5b,613,45,13,3,23,13,25,6,7
Fbxl14,320,40,17,7,31,16,16,10,24
Erc1,528,84,19,13,50,27,34,23,20
4930540M05Rik,7,1,2,0,4,0,0,0,1
Rad52,234,39,16,2,24,3,10,2,3
Wnk1,4542,688,178,67,324,118,203,72,107
Ninj2,1,1,0,0,0,0,0,0,0
Ccdc77,133,16,5,1,15,4,10,3,1
Kdm5a,1371,156,43,21,111,40,74,40,49
Il17ra,1244,413,130,20,159,37,86,39,28
Tmem121b,0,0,0,0,0,0,0,0,0
Hdhd5,91,7,1,2,11,3,3,4,2
Gm20692,1,12,5,1,0,0,1,2,1
Cecr2,7,2,1,1,5,0,10,3,0
Slc25a18,0,0,0,0,0,0,0,0,0
Atp6v1e1,2377,373,142,28,211,52,73,40,48
Bcl2l13,272,59,16,4,24,11,17,10,3
Bid,180,12,4,0,18,4,4,7,6
Mical3,458,39,5,3,24,16,20,7,8
Gm43915,2,0,0,0,1,0,0,0,0
Pex26,83,9,5,0,9,1,3,0,3
Tuba8,3,0,0,0,0,0,0,0,0
Gm15856,0,0,0,0,0,0,0,0,0
Usp18,274,95,28,1,16,8,9,5,1
Gm44148,31,5,3,0,2,1,3,0,0
Slc6a13,1,0,0,0,0,0,0,0,0
Slc6a12,38,10,1,0,0,0,0,1,1
Iqsec3,1,0,0,0,0,0,0,0,0
A2m,32,0,0,0,1,0,2,0,0
Klrg1,0,0,0,0,1,0,0,0,0
M6pr,990,126,64,16,101,23,40,37,23
Phc1,298,47,9,7,21,6,4,8,7
Mfap5,15649,1240,442,71,1493,339,389,232,264
Aicda,6,0,0,0,0,0,0,0,0
Apobec1,104,27,6,0,13,4,7,0,3
Gdf3,3,0,0,0,0,0,0,0,1
Dppa3,0,1,0,0,0,0,0,0,0
Nanog,1,2,0,0,0,0,0,0,1
Slc2a3,59,9,3,5,22,6,8,6,13
Gm26826,8,1,1,0,0,0,1,0,0
Foxj2,351,43,17,9,26,15,24,12,14
C3ar1,3,3,2,1,0,2,0,0,0
Necap1,289,39,15,5,21,13,10,6,4
Clec4a1,2,1,2,1,3,0,0,0,1
Clec4a3,1,1,2,0,0,0,1,0,0
Clec4a4,0,0,0,0,0,0,0,0,0
Clec4b1,2,1,0,0,1,0,2,0,0
Clec4a2,1,5,19,0,0,0,1,0,0
Clec4b2,0,0,0,0,0,0,0,0,0
Clec4n,1,3,2,0,1,0,0,0,0
Clec4d,1,6,9,1,2,0,2,1,0
Clec4e,11,14,28,4,4,0,1,1,0
Cd163,0,0,0,0,0,0,0,0,0
1700013D24Rik,0,1,0,0,0,0,0,0,0
Pex5,505,72,24,6,57,14,32,15,24
Clstn3,26,0,0,0,0,1,0,0,0
Gm44096,19,3,9,0,5,3,0,1,0
C1rl,212,41,9,1,10,7,6,1,5
C1ra,5117,965,338,34,611,181,292,69,91
C1s1,8226,1198,357,43,989,285,533,148,149
C1rb,21,3,1,0,1,0,0,5,7
C1s2,9,3,0,1,1,0,6,4,1
Lpcat3,865,100,38,7,40,18,17,13,9
Emg1,2190,297,95,23,145,51,66,35,38
Phb2,2612,411,112,57,207,56,72,56,65
Ptpn6,2,0,10,3,2,3,1,1,1
Gm20531,0,0,0,0,0,0,0,0,0
Grcc10,375,191,77,39,140,50,69,44,62
Atn1,709,107,29,17,81,35,47,21,31
Eno2,139,12,9,1,6,5,6,6,4
Lrrc23,1,0,0,0,4,0,0,0,0
Spsb2,355,40,13,9,25,9,12,9,11
Tpi1,3782,433,144,70,339,90,83,51,74
Usp5,630,90,28,12,51,15,15,10,13
Cdca3,205,30,28,10,15,15,7,0,0
Gnb3,1,0,0,0,1,0,2,0,0
P3h3,2591,309,56,42,195,94,79,38,54
Gpr162,4,0,0,1,0,0,0,0,0
Cd4,2,4,0,0,3,0,1,1,0
Lag3,39,30,13,6,33,10,19,3,8
Ptms,6433,1085,382,268,909,420,336,253,275
A230083G16Rik,5,0,0,0,0,0,0,0,0
Mlf2,2074,287,92,46,209,56,68,43,56
Cops7a,1002,131,39,14,72,20,35,17,27
Pianp,1019,64,17,16,43,40,35,18,24
Zfp384,241,58,24,4,33,14,10,10,10
Ing4,733,53,16,8,52,25,28,17,13
Acrbp,84,13,3,4,10,6,7,7,4
Chd4,2448,500,138,59,343,116,168,62,86
Nop2,298,58,24,4,31,13,6,9,8
Iffo1,238,27,10,10,19,8,10,9,8
Gapdh,14945,2460,787,328,1426,313,377,249,314
Ncapd2,144,13,3,5,15,13,4,1,0
Mrpl51,1644,249,62,34,147,43,48,42,34
Vamp1,33,6,1,1,2,0,1,0,0
Tapbpl,224,43,26,3,34,11,13,18,38
Cd27,20,2,0,1,4,2,3,4,0
Tuba3a,2,0,0,0,0,0,0,0,0
Ltbr,1596,200,69,13,83,39,44,16,31
Scnn1a,18,5,2,0,1,0,0,0,0
Tnfrsf1a,2920,540,144,25,287,61,116,56,62
Plekhg6,0,0,0,0,0,3,1,0,0
Cd9,15331,1764,517,288,1275,591,675,316,467
Gm28809,10,4,1,0,3,1,1,1,0
Vwf,3,0,0,0,0,1,0,0,0
Ano2,2,0,0,0,0,0,0,0,0
Ntf3,44,6,6,0,8,4,3,2,1
Kcna1,54,1,5,0,0,19,7,16,6
Kcna6,40,0,1,2,0,14,4,0,0
Ndufa9,1260,151,52,13,69,21,25,21,16
Dyrk4,0,0,0,0,0,0,0,0,0
Rad51ap1,48,1,7,0,2,4,4,1,1
D6Wsu163e,227,21,9,2,18,5,4,4,5
Fgf23,109,29,14,0,6,5,4,1,5
Tigar,97,16,5,1,4,1,2,2,0
Gm43126,0,1,0,0,0,0,0,0,0
Ccnd2,2533,421,78,19,139,75,96,29,38
9330179D12Rik,28,5,2,0,1,1,0,0,1
Parp11,185,19,5,2,6,4,5,1,4
Cracr2a,37,5,3,0,5,3,2,1,0
Gm38901,11,2,1,0,3,0,1,0,0
Tspan11,1938,179,37,19,128,56,100,30,34
Tspan9,379,46,9,9,32,23,19,20,14
9330102E08Rik,9,0,0,0,3,0,0,0,1
Gm10010,9,0,1,0,1,0,0,0,0
Tead4,25,1,0,0,0,0,0,0,0
Tulp3,544,78,24,13,27,32,25,24,36
Rhno1,450,30,16,5,35,18,11,3,13
Foxm1,70,7,9,5,8,7,3,1,0
Nrip2,3,1,0,0,0,0,1,0,0
Itfg2,311,35,10,7,33,7,16,15,4
Fkbp4,1272,216,75,47,143,52,64,57,43
Gm10069,7,3,0,1,1,1,0,2,2
Klrb1a,0,0,0,0,0,0,0,0,0
Klrb1,0,0,0,0,0,0,0,0,0
Klrb1c,0,1,0,0,0,0,0,0,0
Klrb1b,0,0,0,0,0,0,0,0,0
Gm44066,3,0,1,0,1,3,0,1,0
Gm26656,1,1,1,0,0,0,1,0,1
Gm44067,3,0,0,0,1,0,3,0,0
BC035044,0,0,0,0,0,0,3,0,0
Clec2i,1,0,0,0,0,0,1,1,0
Clec2g,0,0,0,0,0,0,0,0,0
Gm15987,5,1,0,0,0,0,0,0,0
Klrb1f,0,0,0,0,0,0,0,0,0
Gm44000,2,0,0,0,0,0,0,0,0
Clec2e,7,0,0,0,1,0,0,0,4
Clec2d,4853,300,97,26,175,64,87,42,68
2310001H17Rik,141,49,18,0,9,2,3,2,3
Gm47861,0,0,0,0,0,0,1,0,0
Cd69,2,2,0,0,1,1,5,0,0
Clec12a,2,1,9,2,0,1,1,0,0
Clec12b,0,0,0,0,0,0,0,0,0
Clec1b,0,0,0,0,0,0,0,0,0
Clec9a,0,0,0,1,0,0,0,0,0
Clec1a,19,3,5,0,2,2,1,1,3
Olr1,5,3,1,0,3,2,0,0,0
Gabarapl1,1784,259,80,25,169,47,58,31,38
Klre1,1,0,0,1,0,0,1,0,0
Klrd1,1,1,0,1,1,0,0,0,0
Klrk1,1,0,0,0,1,2,0,3,0
Klrc3,0,0,0,0,0,0,0,0,0
Klrc2,0,0,0,0,0,0,0,0,0
Klrc1,0,0,0,1,0,0,0,0,0
Klri1,0,0,0,0,0,0,0,0,0
Klri2,0,0,0,0,0,0,0,0,0
Klra17,0,0,0,0,0,0,0,0,0
Klra5,0,0,0,0,0,0,0,0,0
Klra6,0,0,0,0,0,0,0,0,0
Klra4,0,0,0,0,0,0,1,0,0
Klra8,0,0,0,0,0,1,1,1,1
Klra9,0,0,0,1,0,0,0,0,0
Klra7,0,0,0,1,0,0,0,1,1
Klra10,0,0,0,0,0,0,0,0,0
Klra3,0,0,0,0,0,0,0,0,0
Klra1,0,0,0,0,0,0,0,0,0
Klra2,2,1,1,0,0,0,0,0,0
Magohb,513,76,29,8,44,19,15,9,13
Styk1,3,0,1,0,2,0,0,0,1
Ybx3,7692,989,292,78,469,161,197,151,159
Smim10l1,1962,234,81,20,123,55,70,36,45
Etv6,427,62,13,9,37,15,27,9,15
Gm17088,0,0,0,0,0,0,1,0,0
Gm17089,3,1,0,0,0,0,0,0,0
Bcl2l14,1,0,0,0,0,0,0,0,0
Lrp6,2705,217,50,25,129,57,86,45,43
Gm38910,13,0,1,0,1,0,0,0,0
Mansc1,117,14,3,0,9,4,1,1,0
Borcs5,327,29,7,4,21,5,10,8,6
Dusp16,437,107,21,10,44,18,30,18,17
Crebl2,302,18,6,1,10,6,5,13,8
Gpr19,102,13,3,1,13,1,4,5,5
2810454H06Rik,64,12,0,1,9,2,4,1,3
Cdkn1b,1125,148,37,19,115,30,51,32,48
Gm44238,1,0,0,0,1,0,0,0,0
Lockd,146,19,18,11,19,18,8,3,0
Apold1,64,32,4,0,12,1,1,1,5
Ddx47,498,58,33,2,39,17,15,14,8
Gprc5a,26,20,2,0,5,0,6,1,0
Gprc5d,1,0,0,0,0,0,0,0,0
Hebp1,878,94,30,9,50,6,28,13,14
Gm19434,1,0,0,0,0,0,0,0,0
Fam234b,91,12,2,3,8,1,7,1,1
Gsg1,3,0,1,0,1,0,0,0,0
Gm36640,4,0,1,0,0,0,0,0,0
Pbp2,5,0,0,0,1,0,0,0,0
Gm44275,3,0,0,0,0,2,0,0,0
Emp1,9198,3255,996,138,1060,430,712,160,228
Grin2b,2,0,0,1,1,0,0,2,1
Atf7ip,880,124,50,14,71,39,36,16,32
Plbd1,13,4,3,4,3,1,0,0,2
Gucy2c,0,0,0,0,0,0,0,0,0
Hist4h4,54,9,2,1,3,4,6,2,3
H2afj,4157,559,144,51,245,77,87,83,80
Wbp11,867,124,52,13,73,38,27,29,17
BC049715,9,1,1,0,1,0,0,0,0
Smco3,19,0,0,1,1,2,0,3,0
Art4,7,0,0,0,0,0,0,0,0
Mgp,17574,1472,286,54,881,1537,604,230,88
Erp27,14,0,0,0,2,0,2,0,9
Arhgdib,2373,182,82,14,53,52,38,13,26
Pde6h,31,7,0,0,4,2,0,0,1
Rerg,130,21,5,5,15,3,11,3,10
Ptpro,5,0,0,1,1,0,0,0,0
Eps8,540,139,41,2,39,10,21,12,14
Strap,2206,352,111,44,194,71,93,59,58
Dera,424,61,20,2,31,7,15,8,9
Mgst1,11900,2251,672,101,962,256,446,277,311
Lmo3,6,4,0,1,1,0,2,0,1
Pik3c2g,4,0,0,0,1,0,0,0,1
Plekha5,1500,122,34,12,83,35,36,25,36
Aebp2,1081,212,71,18,87,48,39,36,44
Gm30524,23,1,0,0,0,0,0,0,2
Gm28523,11,0,0,0,2,1,0,1,2
Pde3a,935,42,6,11,93,19,30,48,19
Slco1c1,2,1,1,2,2,3,1,2,1
Slco1b2,0,0,0,0,3,0,0,1,1
Slco1a4,5,1,0,0,0,0,0,0,0
Slco1a6,0,1,2,0,0,0,0,0,0
Gm20400,2,0,0,0,0,0,0,0,0
Pyroxd1,245,18,8,1,14,7,8,5,2
Recql,179,22,5,1,15,6,1,0,3
Golt1b,1132,196,59,25,120,45,42,29,41
Spx,14,1,1,0,2,0,3,1,0
Ldhb,248,15,12,18,32,28,11,19,15
Kcnj8,1050,45,24,0,14,8,10,4,4
Abcc9,749,46,28,1,23,3,11,1,6
Cmas,618,74,26,8,34,15,16,10,14
St8sia1,1,0,0,0,0,0,0,0,0
C2cd5,411,25,4,1,15,10,4,4,6
Gm31108,0,0,0,0,0,0,0,0,0
Etnk1,1030,209,64,16,108,33,48,23,37
Sox5,217,70,14,1,23,7,8,10,6
Sox5os3,0,0,0,0,1,0,0,0,0
Bcat1,1069,171,23,5,37,11,8,9,14
Gm15687,2,1,0,0,0,0,0,0,0
Lrmp,2,0,1,0,0,1,7,0,1
Casc1,14,11,5,3,7,1,4,0,2
Etfrf1,371,46,17,2,29,8,8,6,6
Kras,1230,165,59,26,124,52,53,32,30
Gm15706,87,9,6,0,6,1,2,3,0
2010013B24Rik,0,0,0,0,0,0,0,0,0
Lmntd1,3,0,0,0,2,1,1,0,0
Tuba3b,3,0,0,0,2,0,1,0,0
Gm15704,7,1,0,0,1,0,1,0,0
Rassf8,1461,96,39,11,67,38,33,12,12
Bhlhe41,179,31,6,4,27,13,10,7,10
Sspn,1415,127,27,13,74,29,35,7,13
Itpr2,340,30,15,10,29,11,20,14,12
Ints13,350,73,12,12,41,12,18,15,17
Fgfr1op2,1877,225,66,29,110,42,53,34,35
Tm7sf3,3296,315,77,30,179,91,80,31,49
Med21,1324,153,58,19,108,30,49,34,35
Stk38l,320,27,8,4,21,3,4,10,9
Arntl2,81,15,2,5,5,3,2,2,4
Smco2,1,0,0,0,0,0,0,0,0
Ppfibp1,1958,194,60,12,106,50,44,28,18
Rep15,44,19,11,81,10,10,4,9,36
Mrps35,554,45,12,5,30,9,11,10,13
Klhl42,332,17,9,3,13,5,1,4,3
Pthlh,31,2,1,0,3,0,5,1,2
Gm6288,1,1,0,0,1,0,0,0,0
Ccdc91,306,39,16,5,29,6,8,6,7
Far2os2,3,0,0,1,0,0,0,0,0
Far2,0,0,0,1,1,0,0,0,0
Far2os1,20,0,0,3,3,0,0,0,0
Ergic2,1404,213,90,26,143,73,66,39,51
Gm17216,0,3,2,0,2,0,1,0,1
Tmtc1,505,46,21,7,22,10,11,9,8
Ipo8,386,31,10,5,22,7,4,8,10
Caprin2,97,59,14,5,18,2,8,4,1
Fam60a,93,14,7,6,13,5,1,5,0
3010003L21Rik,27,7,0,1,4,4,1,0,1
Dennd5b,385,219,53,51,155,14,48,36,49
Gm26540,1,0,0,1,1,1,0,3,0
Etfbkmt,180,28,8,0,16,4,6,4,7
Amn1,512,24,10,2,28,11,13,10,5
2810474O19Rik,1580,182,87,21,127,32,37,56,30
Bicd1,29,13,3,2,12,10,4,2,5
Gm21814,1,0,0,0,2,0,0,1,0
Nlrp12,0,0,0,0,0,0,0,0,0
Myadm,1605,246,75,35,216,79,145,45,53
Prkcg,43,8,4,7,29,7,27,0,2
Cacng7,57,12,3,10,30,9,14,13,12
Cacng8,1,0,0,0,0,1,0,0,0
Cacng6,0,0,0,0,0,0,0,0,0
Tarm1,3,0,0,0,0,0,0,0,0
Oscar,0,1,1,0,0,0,0,1,0
Ndufa3,2723,634,223,75,322,112,129,56,90
Tfpt,333,35,7,3,30,11,10,6,10
Prpf31,366,52,21,10,19,11,7,17,10
Cnot3,840,165,72,19,74,30,62,21,30
Leng1,315,60,16,4,38,6,14,6,11
Tmc4,81,35,4,1,16,2,9,2,1
Gm15929,0,0,0,0,2,0,0,1,0
Mboat7,392,67,20,7,32,14,20,7,7
Tsen34,2206,310,84,35,168,70,71,46,62
Rps9,55696,7731,2269,695,3717,1136,1321,1034,1295
Pirb,1,6,3,2,3,2,0,2,1
Gm15448,0,0,0,0,0,0,0,0,0
Pira2,0,0,3,0,1,0,0,0,0
Gm14548,0,0,0,0,0,0,0,0,0
Lilra6,0,0,0,0,0,0,0,0,0
Lair1,1,0,1,0,1,0,0,0,0
9430041J12Rik,3,0,0,1,0,1,1,0,2
Ttyh1,73,5,1,4,6,7,2,3,2
D030047H15Rik,0,0,0,0,0,0,0,0,0
Leng8,738,130,30,22,113,35,41,31,34
Leng9,143,24,11,4,10,4,8,4,10
Cdc42ep5,1407,146,49,28,140,56,55,16,34
Lilra5,0,0,0,0,0,0,0,0,0
Ncr1,0,1,0,0,0,0,0,0,0
Gp6,0,0,0,0,1,0,0,1,0
Rdh13,180,26,6,4,34,9,18,10,10
Eps8l1,36,11,1,2,9,4,1,0,6
Ppp1r12c,947,114,27,24,80,23,39,18,19
Tnnt1,40,1,1,6,6,5,3,1,3
Tnni3,14,1,0,0,1,1,0,1,2
Dnaaf3,17,5,0,0,6,1,2,2,3
Gm15873,7,1,2,0,0,2,4,0,0
Syt5,1,1,0,0,0,0,0,0,1
Tmem86b,26,3,2,0,2,1,4,2,0
Ppp6r1,241,65,23,6,23,17,21,9,9
Hspbp1,241,37,20,5,17,7,7,5,11
Brsk1,118,19,3,4,13,4,9,3,4
Tmem150b,0,0,0,0,0,0,0,0,0
Kmt5c,239,17,6,5,20,10,7,6,10
Cox6b2,180,19,12,19,31,18,18,18,22
Il11,122,136,67,1,50,3,3,0,2
Tmem190,2,0,0,0,1,0,0,0,0
Tmem238,435,48,20,4,39,9,11,8,4
Rpl28,52053,8885,2654,643,3420,1200,1483,773,1077
Ube2s,3078,772,223,177,585,203,215,127,152
Shisa7,1,0,0,0,2,3,0,0,0
Isoc2b,423,42,13,1,35,10,11,9,7
Isoc2a,69,46,11,6,29,7,12,7,8
Gm36210,2,1,2,0,0,0,0,0,0
Zfp628,159,10,5,2,13,3,4,0,3
Nat14,70,10,2,3,7,4,9,5,1
Ssc5d,868,69,20,12,89,66,40,18,17
Sbk2,10,1,1,0,0,0,0,0,0
Sbk3,4,0,0,0,0,0,0,0,0
Zfp579,241,34,13,6,31,14,9,5,9
Fiz1,210,35,7,7,17,9,5,4,7
Zfp524,388,39,14,3,17,6,10,2,3
Zfp865,315,22,13,5,16,5,10,5,9
Ccdc106,9,0,0,1,1,2,3,1,2
Zfp784,38,1,2,0,5,0,1,0,1
Gm15510,30,1,1,0,1,0,1,1,2
Zfp580,289,23,5,2,22,15,15,6,5
U2af2,1190,188,74,36,110,38,64,32,37
Epn1,1314,159,47,22,87,41,45,25,27
Rasl2-9,1,0,0,0,0,0,0,0,0
Vmn1r58,0,0,0,0,0,0,0,1,0
Vmn1r65,0,2,0,0,1,0,0,0,0
Zfp787,315,39,10,6,21,7,9,9,5
Zfp444,167,20,1,4,9,6,3,5,5
Gm45069,7,1,0,0,0,0,0,0,0
Zfp667,110,12,4,0,12,4,4,1,5
Zfp583,29,5,0,1,3,0,1,2,0
Gm3854,3,0,2,0,0,0,0,0,0
Zfp78,15,1,2,1,0,1,3,0,0
Zfp28,61,4,2,2,2,2,2,2,0
Olfr1336,0,1,0,0,1,0,1,0,0
Zim1,429,13,1,2,28,18,28,1,5
Peg3,5207,254,47,44,187,137,136,39,56
Usp29,11,1,0,0,2,1,2,0,1
Zfp954,219,69,28,6,58,5,11,7,6
Zfp773,10,2,0,0,1,0,3,2,1
Zfp418,10,2,0,1,2,1,0,0,1
Zfp772,63,8,3,2,7,3,4,2,2
Gm45844,42,8,2,0,3,1,1,1,1
Vmn2r29,1,2,0,0,1,0,0,0,0
Clcn4,1636,227,83,25,111,50,61,28,42
Gm45351,38,1,0,1,5,3,0,2,1
Vmn1r66,0,0,0,0,0,1,0,0,0
Zik1,47,2,1,1,2,4,1,2,0
Vmn1r71,0,1,0,0,0,0,0,0,0
Vmn1r72,0,0,1,0,0,0,0,0,0
Vmn1r74,0,0,0,0,0,0,0,0,0
Vmn1r75,0,0,0,0,0,0,0,0,0
Vmn1r76,1,1,0,0,0,0,0,0,0
Vmn1r81,0,6,1,1,0,1,0,0,0
Zfp551,39,1,0,0,2,2,1,0,0
Zfp606,190,19,6,6,14,6,2,7,2
Zscan18,15,2,0,1,3,0,0,3,0
Zfp329,304,17,2,4,11,14,3,5,4
Zfp110,450,25,7,2,21,9,12,7,7
Zfp128,15,0,0,0,3,0,0,0,0
Zscan22,54,5,0,2,5,3,3,0,0
Rps5,52568,7728,2278,856,4000,1221,1452,1053,1318
Rnf225,13,11,1,0,4,0,0,0,0
1810019N24Rik,12,1,0,1,0,0,1,1,0
Zfp324,85,3,3,0,4,0,0,1,3
Zfp446,80,8,1,5,6,4,2,1,4
Trim28,1205,182,81,40,149,51,58,37,36
Zbtb45,150,13,11,1,8,2,5,0,1
Chmp2a,3764,542,159,54,276,108,93,70,89
Ube2m,2434,367,98,89,223,65,89,64,56
Mzf1,20,0,1,0,1,2,2,0,1
Vmn1r86,1,0,0,0,0,0,0,0,1
Gm38947,3,0,3,0,1,0,0,3,0
Zswim9,79,6,3,1,6,3,3,0,2
Lig1,213,41,12,7,25,5,6,3,2
Pla2g4c,2,2,1,0,0,0,0,0,0
Vmn1r90,1,1,0,0,1,1,0,0,0
Selenow,14074,2123,705,220,1242,384,447,302,336
Nop53,2543,368,123,30,147,59,75,34,33
Ehd2,2771,362,91,10,187,53,59,24,46
Bicra,242,29,11,3,24,10,12,5,5
Napa,2244,274,88,38,182,55,65,27,36
Kptn,193,66,19,9,44,23,14,6,13
Slc8a2,5,4,1,0,2,0,2,1,4
Meis3,428,46,14,5,39,16,17,14,10
Dhx34,139,9,4,0,5,2,2,0,1
C5ar2,0,0,0,0,1,0,2,0,0
C5ar1,5,1,13,2,2,2,3,2,0
Inafm1,581,42,8,10,43,14,32,6,12
Ccdc9,415,68,16,10,34,10,12,6,9
Bbc3,199,30,9,17,48,10,21,6,9
Sae1,1121,131,46,23,92,35,24,15,30
Zc3h4,390,40,15,6,24,11,16,8,10
Gm45509,13,8,5,3,8,1,2,6,7
Gm45510,1,0,0,0,0,0,0,0,0
Tmem160,2104,367,98,40,180,55,55,43,51
Arhgap35,582,77,22,11,48,18,26,14,8
Ap2s1,2552,295,96,35,149,56,52,34,50
Slc1a5,1657,342,101,7,201,32,82,28,52
Fkrp,270,38,8,3,21,7,14,3,7
Strn4,795,109,26,18,64,29,38,9,19
Prkd2,181,17,2,7,18,7,8,7,11
9330104G04Rik,15,4,0,0,2,1,1,0,1
Dact3,757,73,21,19,56,29,43,16,9
Gng8,92,10,4,0,11,5,9,2,5
Ptgir,241,48,10,4,19,5,4,10,8
Calm3,4356,660,187,65,322,138,155,72,89
Pnmal2,38,1,0,0,2,3,2,1,1
Gm42372,2,4,0,0,0,0,0,1,0
Ccdc8,578,37,5,1,13,6,4,7,8
Ppp5c,637,91,26,12,42,20,22,14,20
Hif3a,32,1,1,0,0,0,0,0,0
Psg16,2,5,1,1,1,0,2,3,0
Gm32846,0,0,0,0,0,0,0,0,0
Gm44613,0,0,0,0,0,0,0,0,0
Igfl3,0,0,0,0,0,0,0,0,0
Mill1,0,0,0,0,0,0,0,0,0
Mill2,464,49,17,3,35,13,23,6,11
Pglyrp1,18,2,0,1,2,2,1,1,2
Ccdc61,186,12,7,3,8,5,3,2,3
Nova2,11,0,1,1,1,0,0,0,0
Mypop,254,40,9,3,21,7,12,5,7
Mypopos,3,4,0,0,1,0,1,0,0
Irf2bp1,314,29,10,6,28,12,11,11,9
Foxa3,0,0,0,0,0,0,0,0,0
Sympk,661,82,21,7,41,21,18,12,13
Dmwd,644,75,25,5,32,21,11,17,16
Dmpk,106,29,16,6,29,12,22,10,9
Six5,242,21,3,5,15,12,10,5,8
Fbxo46,74,13,4,1,2,2,5,4,3
Qpctl,303,56,14,5,26,8,10,7,9
Snrpd2,3787,725,221,94,393,115,113,105,109
Eml2,110,24,8,1,15,4,5,3,7
Gpr4,2,0,0,1,0,0,0,1,0
Opa3,313,83,18,5,26,13,21,14,4
Vasp,830,138,42,15,71,33,19,24,21
1700058P15Rik,0,1,0,0,1,0,1,0,0
Ppm1n,2,15,1,1,14,0,12,2,1
Rtn2,429,26,12,5,20,6,22,3,10
Gm26802,194,171,28,4,48,7,65,8,27
Fosb,17917,7061,1923,492,4290,956,2570,512,758
D830036C21Rik,1,2,1,0,1,1,1,0,1
Ercc1,675,76,28,13,51,12,11,17,13
Cd3eap,250,52,19,11,29,20,9,12,4
Ppp1r13l,53,10,4,1,7,4,5,2,3
Ercc2,105,13,2,1,14,4,1,3,5
Gm26852,0,0,1,0,0,0,0,1,0
Klc3,81,6,0,1,4,0,2,1,5
Ckm,0,1,0,0,7,1,3,1,0
A930016O22Rik,0,1,0,0,0,0,0,0,0
Mark4,396,59,23,15,46,16,25,11,16
Exoc3l2,8,0,0,0,1,0,1,0,0
Bloc1s3,116,17,3,0,8,7,3,5,8
Trappc6a,1014,106,37,8,65,27,31,19,17
Nkpd1,0,0,0,0,0,0,0,0,0
Ppp1r37,816,88,27,15,49,19,31,8,14
Gemin7,976,148,55,18,76,37,32,17,23
Zfp296,3,0,0,2,0,2,1,0,0
Clasrp,288,24,7,4,21,4,6,15,5
Gm26890,120,24,2,8,13,6,3,6,4
Relb,549,149,32,22,73,18,55,25,18
Clptm1,1357,147,49,7,95,28,43,22,20
Apoc2,0,0,0,0,0,0,0,0,0
Apoc4,80,2,0,0,2,0,1,0,0
Apoc1,288,12,3,1,6,9,6,7,5
Apoe,18182,846,275,318,2701,842,1506,889,940
Tomm40,947,178,46,27,92,31,23,25,23
Gm20512,2,1,0,0,0,0,0,0,0
Nectin2,244,21,6,8,40,18,14,10,6
Bcam,10,0,5,3,13,2,0,0,0
Cblc,0,0,1,0,0,0,0,0,3
Bcl3,518,360,135,26,217,51,86,25,43
Gm16174,34,12,2,0,2,1,3,2,1
Gm44658,1,1,0,1,1,0,1,1,0
Gm19345,3,1,0,0,0,0,0,0,0
Ceacam16,0,0,0,0,0,0,0,0,0
Ceacam19,1,1,1,0,1,0,0,0,0
Pvr,320,178,54,12,74,28,30,16,15
Gm16251,3,0,0,1,0,0,1,0,1
Igsf23,2,0,0,0,1,0,0,0,0
Nlrp5,1,0,0,0,1,1,0,0,1
Zfp180,256,29,5,4,15,5,9,2,4
Zfp112,83,5,2,1,0,0,0,1,0
Zfp235,114,4,7,1,8,4,3,5,4
Zfp114,18,2,0,1,1,0,0,1,0
Zfp111,93,2,3,2,5,2,2,2,2
Zfp109,1,0,0,1,0,0,0,0,0
Zfp108,16,1,0,0,0,1,0,0,0
Zfp93,26,4,0,3,0,0,0,0,1
Zfp61,106,5,2,4,18,5,8,1,7
Zfp94,36,3,1,2,4,3,2,0,1
Kcnn4,8,4,17,0,7,9,1,1,0
Smg9,331,34,15,9,22,10,5,9,7
Irgc1,0,0,0,0,0,0,0,0,0
Gm36159,0,0,0,0,0,0,0,0,0
Plaur,841,369,102,27,152,41,48,25,29
Cadm4,61,4,1,5,8,43,9,14,3
Zfp428,148,6,1,4,17,8,5,4,7
Irgq,297,35,11,6,19,10,18,2,9
Pinlyp,1,0,0,0,0,0,0,0,0
Xrcc1,331,32,7,6,34,14,19,10,5
Zfp575,74,7,4,2,19,1,5,3,11
Ethe1,501,95,23,14,65,31,20,18,21
Phldb3,48,2,1,3,10,3,0,3,0
Gm26550,0,0,0,0,0,0,0,0,0
Lypd3,1,0,0,1,1,0,0,0,1
Cd177,0,0,0,0,0,0,0,0,0
Ceacam10,0,0,0,0,0,0,0,0,0
Gm9844,478,78,14,12,70,20,30,15,24
Rps19,54310,9474,2770,1103,4929,1455,1747,1276,1587
Cd79a,4,13,3,0,4,1,11,1,0
Arhgef1,931,115,33,22,92,50,54,28,32
Rabac1,8902,1067,314,124,644,216,278,134,211
Atp1a3,4,1,1,1,1,1,1,1,0
Grik5,260,22,5,14,34,13,15,8,7
Zfp574,121,24,9,8,17,9,6,6,2
Pou2f2,0,0,0,0,26,0,1,0,0
D930028M14Rik,1,0,0,0,0,0,0,0,0
Dedd2,116,41,7,8,40,13,22,14,16
4933430L12Rik,0,0,0,0,1,0,0,0,0
Zfp526,18,5,1,1,0,3,0,0,0
Gsk3a,776,259,93,33,154,56,125,42,23
9130221H12Rik,93,5,1,0,5,1,3,2,2
Erf,497,285,94,36,192,61,88,24,27
Cic,537,76,23,18,50,26,31,13,17
Pafah1b3,542,93,24,23,73,16,27,20,11
Prr19,2,0,0,1,1,2,0,0,3
Tmem145,1,2,0,1,1,0,0,0,0
Megf8,713,69,20,6,38,15,21,9,15
Cnfn,0,0,0,0,1,0,0,1,0
4732471J01Rik,3,0,0,1,0,2,0,0,0
Lipe,133,16,11,2,10,4,7,6,4
Ceacam1,6,0,1,0,0,0,0,1,0
Ceacam2,0,0,0,0,0,0,0,0,0
Erich4,1,1,0,0,0,0,0,3,0
Dmac2,125,15,3,2,10,3,5,2,1
B3gnt8,48,14,5,0,7,4,3,0,3
Bckdha,733,61,23,6,33,17,20,8,9
Exosc5,643,80,29,10,45,14,14,7,16
Tmem91,8,11,1,1,2,0,2,0,0
B9d2,342,40,14,10,30,12,19,6,8
Tgfb1,876,208,49,28,86,33,46,15,24
Ccdc97,288,47,14,4,28,7,7,3,3
Hnrnpul1,1435,175,52,30,132,41,51,25,34
Axl,7233,700,228,30,388,105,176,93,94
Cyp2s1,3,1,1,0,4,0,0,0,0
Gm26707,2,0,0,0,0,0,1,0,0
Cyp2b10,2,0,0,0,0,0,0,0,0
BC026762,0,0,0,0,0,0,0,0,0
Vmn1r185,0,0,1,0,0,0,0,0,0
Cyp2f2,12218,728,274,17,114,46,104,9,26
Gm15883,14,3,0,2,0,0,0,1,0
Egln2,1295,168,49,13,91,31,37,19,20
Rab4b,26,12,9,1,10,3,10,2,7
Mia,0,3,0,0,0,1,0,1,0
Snrpa,962,172,55,15,97,36,37,23,38
BC024978,105,15,7,3,4,3,4,7,2
Itpkc,344,402,75,22,149,27,91,11,17
Coq8b,445,92,18,7,37,18,26,10,8
Numbl,1325,160,49,19,111,37,45,19,27
Ltbp4,2974,218,110,28,184,162,223,47,69
Shkbp1,188,20,8,2,15,7,7,2,5
Sptbn4,3,0,0,0,0,1,0,0,0
Blvrb,2450,449,117,25,227,58,99,69,58
Sertad3,261,39,16,15,60,14,28,13,17
Sertad1,1028,668,173,72,278,55,139,76,101
Prx,31,1,0,1,4,0,2,5,1
Gm15541,6,2,0,0,2,0,1,0,1
Hipk4,12,0,0,0,1,0,0,2,1
Pld3,1524,150,69,23,112,55,72,24,37
2310022A10Rik,128,22,12,4,15,7,4,1,3
Akt2,1396,191,69,22,134,58,55,43,39
Map3k10,396,73,16,8,44,18,20,9,14
Zfp607b,98,8,2,1,14,4,3,3,2
Zfp60,127,11,5,5,15,1,4,4,4
Zfp626,196,11,3,2,5,2,5,2,3
Zfp59,33,1,1,0,1,0,0,1,1
Zfp607a,89,11,1,1,11,2,1,3,5
Zfp974,83,4,1,0,3,4,4,0,2
Zfp780b,180,24,4,1,12,5,2,4,5
Zfp850,19,3,1,1,4,1,3,1,1
Psmc4,1742,243,75,36,115,49,45,35,44
Fcgbp,0,0,0,0,0,0,0,0,1
Fbl,1767,335,136,49,147,38,32,38,46
Dyrk1b,104,6,1,5,12,6,2,1,6
Eid2,440,37,18,9,30,13,9,4,8
Eid2b,203,15,5,1,4,3,2,5,5
Selenov,0,0,0,0,2,1,0,2,0
Dll3,0,0,0,0,2,1,1,0,2
Timm50,743,100,28,18,56,20,20,12,10
Supt5,1195,217,97,24,173,49,83,31,52
Rps16,55297,9077,2729,887,4043,1341,1581,1037,1385
Plekhg2,577,113,40,24,99,37,54,18,32
Zfp36,12922,4909,1507,320,2304,649,1587,333,422
Med29,696,97,31,6,53,18,13,12,12
Paf1,731,110,39,9,59,15,35,16,16
Samd4b,1606,359,109,31,199,66,119,28,48
Gmfg,12,2,6,0,5,2,2,3,4
Lrfn1,65,12,1,0,7,2,2,1,2
Nccrp1,2,0,0,1,0,0,0,0,0
Pak4,118,26,14,8,25,6,8,5,5
Fbxo27,66,4,1,2,4,5,7,3,2
Fbxo17,332,22,7,5,27,11,13,9,5
Mrps12,1229,172,54,20,94,21,35,38,24
Sars2,77,15,5,1,6,3,1,2,6
Nfkbib,492,194,49,31,78,23,35,18,21
Sirt2,1596,204,63,23,118,55,53,40,42
Rinl,16,7,3,2,3,2,6,2,2
Hnrnpl,1268,270,93,53,212,63,107,68,59
Gm44702,1,0,0,0,0,0,0,0,0
Ech1,2090,427,91,27,175,49,60,35,38
Lgals4,97,8,1,2,14,5,10,1,4
Gm10648,0,1,0,0,0,0,0,0,0
Lgals7,31,5,2,9,35,7,5,19,19
Capn12,2,1,0,0,1,0,0,0,0
Gm44700,3,0,0,0,0,1,0,1,0
Actn4,2231,376,141,37,210,89,66,46,56
Eif3k,6606,812,260,95,415,186,179,90,98
Map4k1,3,1,1,1,1,0,1,1,1
Ryr1,1,4,0,0,0,0,0,0,0
Gm38979,0,0,0,0,0,0,0,0,0
Rasgrp4,1,1,3,0,0,1,0,0,0
Fam98c,382,34,13,2,39,9,10,12,15
1110035H17Rik,42,8,2,0,4,5,1,1,0
Spred3,138,26,8,1,15,3,5,6,7
Ggn,3,0,0,0,0,0,0,1,0
Psmd8,5183,521,144,39,255,96,87,58,78
Catsperg1,13,3,1,0,3,0,0,2,0
Kcnk6,282,27,5,0,7,3,6,5,4
Yif1b,2117,265,70,36,150,55,62,39,51
2200002D01Rik,35,12,4,2,5,1,4,2,1
Spint2,16,2,1,1,1,1,1,2,0
Ppp1r14a,1841,154,27,11,74,24,38,12,46
Dpf1,30,9,4,2,4,2,5,2,5
Sipa1l3,480,59,13,6,35,12,10,4,10
Zfp84,133,16,9,6,16,9,5,5,5
Zfp30,254,13,7,1,23,12,7,4,9
Zfp790,53,4,1,1,2,4,2,0,3
Zfp940,14,0,2,1,0,1,1,2,2
Zfp420,66,7,3,0,6,2,2,0,1
Zfp27,83,5,2,1,2,5,0,0,0
Zfp383,157,8,2,1,15,6,9,7,7
Zfp74,216,19,9,2,16,4,2,4,2
Zfp568,102,34,4,4,8,2,7,3,6
Zfp14,34,3,1,1,1,0,1,0,0
Zfp82,3,1,0,0,0,0,0,0,0
Zfp566,68,9,0,0,2,1,2,2,2
Zfp260,1357,102,25,12,71,30,26,14,23
Zfp382,14,7,1,1,5,4,0,1,2
Zfp146,152,35,4,3,12,2,8,4,10
Gm5113,43,5,1,0,2,1,1,0,0
Cox7a1,51,3,1,2,5,0,2,3,3
Capns1,6596,831,256,71,404,164,164,88,115
Gm26810,3,3,0,0,1,0,1,0,0
Tbcb,2168,331,118,47,160,59,55,59,43
Polr2i,1634,219,91,31,127,48,48,53,46
Wdr62,56,8,5,1,5,0,1,1,0
Thap8,15,2,2,0,5,0,2,1,1
Clip3,840,108,44,15,52,21,33,12,13
Alkbh6,189,27,6,7,24,4,9,9,3
Syne4,4,0,0,0,0,0,0,1,0
Sdhaf1,665,49,32,8,25,17,15,9,10
E130208F15Rik,5,1,0,0,1,0,1,0,0
Lrfn3,137,20,5,5,10,3,6,4,4
Tyrobp,25,16,81,20,8,11,11,4,6
Hcst,2,0,1,0,1,2,1,0,0
Nfkbid,5,14,12,4,12,2,4,5,1
Aplp1,61,11,2,13,39,7,5,21,13
Nphs1,3,1,1,2,2,1,0,5,1
Arhgap33,94,11,5,4,11,3,2,3,6
Proser3,44,2,0,0,7,4,3,1,3
Hspb6,86,8,3,6,8,2,3,0,1
Lin37,225,30,11,3,20,4,11,7,7
Psenen,2560,411,141,40,290,89,99,77,81
U2af1l4,61,12,4,2,6,1,3,4,4
Gm49396,1,1,0,0,0,1,0,0,0
Igflr1,0,0,0,0,1,0,0,0,0
Kmt2b,380,62,21,14,27,17,21,16,10
Zbtb32,0,0,0,0,0,0,0,0,1
Upk1a,6,1,1,0,0,1,0,0,0
Cox6b1,7392,1242,410,138,681,200,219,137,177
Etv2,0,0,0,0,0,0,0,0,1
Rbm42,1266,177,62,23,107,37,49,43,49
Gm26610,4,2,1,0,2,0,1,0,1
Haus5,74,7,6,1,7,1,3,2,1
2200002J24Rik,0,0,0,0,0,0,0,0,0
Atp4a,0,0,1,0,0,0,0,0,0
Tmem147,1816,205,60,24,165,54,68,27,42
Tmem147os,16,1,1,0,0,0,1,0,0
Gm26935,52,4,1,0,2,1,2,0,1
Sbsn,419,165,56,11,121,10,12,63,46
Dmkn,13,68,22,0,55,1,2,33,29
Krtdap,6,10,1,0,12,0,1,19,18
Ffar2,1,0,0,0,0,0,0,0,0
Ffar1,1,1,0,0,0,0,0,0,0
Cd22,0,0,0,0,0,0,0,0,0
D7Ertd128e,0,0,0,0,1,0,0,0,0
Mag,0,0,0,0,1,0,0,3,0
Hamp,22,1,0,0,0,0,0,0,0
Usf2,1476,154,44,16,95,39,46,25,40
Gm17077,0,1,0,0,0,0,0,0,0
Gm4673,101,11,3,1,15,1,6,2,5
Lsr,5,0,1,1,0,0,2,0,0
Fam187b,4,0,0,0,1,0,0,1,0
Fxyd5,2343,416,196,34,144,57,54,36,50
Fxyd7,43,2,0,8,18,4,7,3,2
Fxyd1,5311,602,207,67,383,185,206,101,130
Lgi4,557,23,13,2,38,29,27,15,15
Fxyd3,35,1,3,4,4,6,1,10,9
Hpn,3,4,1,0,3,0,1,0,0
Scn1b,1390,169,46,10,102,36,52,26,40
Gramd1a,567,86,21,16,77,36,36,14,15
G630030J09Rik,0,2,0,0,0,0,0,0,0
Gm10640,0,0,0,0,0,0,0,0,0
Scgb2b27,0,0,0,0,0,0,0,0,0
Wtip,772,117,24,19,93,31,33,29,34
Uba2,1334,173,67,23,78,40,36,30,31
Pdcd2l,316,29,10,4,24,14,12,6,8
Gpi1,3128,434,139,46,246,82,78,63,79
Gm12758,3,0,2,1,0,4,0,3,1
4931406P16Rik,653,76,23,7,35,40,19,17,21
Lsm14a,1207,139,52,17,86,43,32,22,24
Gm12764,1,0,0,0,0,0,0,0,0
Gm44837,2,0,0,0,0,0,2,1,0
Kctd15,80,7,3,3,10,9,4,11,3
Chst8,5,2,0,2,6,4,3,11,2
Pepd,538,70,26,17,46,17,16,14,10
Cebpg,1016,189,47,35,107,55,50,33,40
Cebpa,533,104,19,31,111,47,59,52,36
Slc7a10,44,1,0,0,6,2,0,3,0
Lrp3,585,52,18,5,32,17,32,12,10
Gpatch1,302,24,6,5,16,7,9,6,5
Rhpn2,55,5,2,0,0,0,4,0,2
Faap24,126,12,1,1,12,5,4,3,3
Cep89,148,16,7,1,5,10,8,2,1
Nudt19,613,83,29,10,48,12,10,16,9
B230322F03Rik,18,4,1,2,0,0,0,0,0
Ankrd27,547,59,11,6,30,8,9,14,8
Pdcd5,3256,481,156,49,268,90,80,80,91
Dpy19l3,179,18,4,4,9,4,5,8,8
Zfp507,342,20,10,5,21,7,8,4,6
Tshz3,1056,96,17,4,51,15,33,7,16
Gm45768,68,3,1,0,3,1,0,0,0
Zfp536,414,24,15,4,8,17,16,1,4
Uri1,988,76,18,8,42,18,26,13,12
Ccne1,50,24,6,5,14,10,5,3,4
1600014C10Rik,160,24,8,1,11,2,3,6,4
Plekhf1,371,63,12,15,58,21,23,10,11
Pop4,543,60,22,15,52,12,7,9,8
Zfp619,33,7,4,0,2,2,0,0,1
Gm37494,352,58,16,8,31,12,14,9,11
Gm26526,61,24,13,3,13,9,8,7,4
4930558N11Rik,0,0,0,0,1,0,1,0,2
A230077H06Rik,3,0,1,0,0,0,0,0,0
Vstm2b,47,0,0,3,10,4,4,0,2
AI987944,269,20,9,1,11,6,7,2,1
Gm17102,2,2,0,0,0,0,0,0,0
Gm20449,2,0,0,0,1,0,0,0,1
AW146154,140,5,2,1,9,2,2,2,6
2610021A01Rik,121,11,8,2,7,3,2,2,4
Zfp788,148,14,6,2,3,1,1,3,4
Zfp141,104,14,1,0,7,1,1,2,3
Zfp977,5,0,0,0,1,1,0,0,0
Zfp976,139,12,3,3,8,1,3,4,1
Zfp975,107,7,3,1,3,1,0,1,3
Zfp715,145,26,9,2,11,4,5,3,5
Siglecf,2,0,0,0,0,0,0,0,0
Siglecg,0,1,1,0,0,0,1,0,0
Lim2,0,0,0,0,0,0,0,0,0
Nkg7,1,0,0,0,1,1,0,2,2
Cldnd2,0,0,0,0,0,0,0,0,0
Etfb,2391,456,116,24,182,34,51,46,56
Vsig10l,48,2,2,0,2,0,2,0,0
Iglon5,212,28,6,7,27,11,12,5,9
4931406B18Rik,0,1,0,0,0,0,0,0,0
Gm2511,1,0,0,0,0,0,0,0,0
Cd33,1,0,0,0,1,0,1,0,0
Zfp658,31,2,1,0,4,1,0,0,1
Zfp719,161,21,1,3,10,4,7,2,4
Siglece,0,0,0,0,0,0,0,0,0
Ctu1,82,5,2,0,5,0,3,2,1
Klk13,0,0,0,0,0,0,0,0,0
Klk11,0,0,0,0,0,0,0,0,0
Klk10,0,0,1,0,0,0,0,0,0
Klk9,0,0,0,0,0,0,0,0,0
Klk8,18,1,1,2,1,13,0,0,1
Klk7,0,0,0,0,0,0,0,0,0
Klk6,0,0,0,0,0,0,0,0,0
Klk5,0,0,0,0,0,0,0,0,0
Klk1b9,0,0,0,0,0,0,0,0,0
Klk1b27,0,0,0,0,0,0,0,0,0
Klk1,8,3,0,0,0,0,0,1,0
1700028J19Rik,9,1,0,0,0,0,3,0,0
2410002F23Rik,631,93,21,9,58,14,20,24,17
Clec11a,1670,122,29,18,134,70,111,17,35
Shank1,92,17,2,0,14,8,8,9,1
1700008O03Rik,6,1,0,0,2,0,0,0,0
Syt3,57,3,3,0,3,1,2,0,0
Lrrc4b,6,0,0,0,2,1,0,1,0
Josd2,819,104,44,20,87,30,36,26,25
5430431A17Rik,5,0,3,1,3,2,0,2,0
Emc10,3827,445,145,55,356,117,128,78,110
Fam71e1,23,1,0,1,1,3,1,1,4
Mybpc2,0,1,0,0,0,1,1,0,0
Spib,2,0,0,0,1,0,3,0,0
Pold1,169,22,9,4,11,5,5,4,1
Nr1h2,707,105,38,16,80,33,34,12,11
Napsa,0,3,3,3,1,2,1,0,0
Gm15396,1,1,1,0,0,3,5,0,0
Kcnc3,0,0,0,0,0,0,1,3,1
Myh14,1,0,0,0,0,1,0,1,0
Zfp473,4,2,0,0,1,0,1,0,0
Vrk3,427,85,28,7,50,19,12,9,10
Atf5,3495,474,113,44,349,92,136,48,86
Nup62,685,75,22,15,46,11,26,10,14
Il4i1,11,0,0,0,0,0,0,0,0
Tbc1d17,845,89,19,10,57,23,19,10,9
Akt1s1,1246,146,41,16,93,21,29,18,26
Pnkp,357,48,12,5,27,12,8,15,6
Ptov1,3210,308,99,106,323,112,108,83,86
Med25,662,105,29,16,74,24,41,15,42
Fuz,190,30,18,2,19,7,13,6,4
Ap2a1,692,104,31,14,55,25,14,21,18
Tsks,2,0,0,0,0,0,0,0,0
Cpt1c,368,57,14,6,40,9,18,9,11
6530437J22Rik,2,1,1,0,1,2,0,1,0
Prmt1,1859,280,84,49,193,69,54,70,44
Gm15545,36,7,0,1,2,1,3,2,0
Bcl2l12,307,31,12,10,36,10,9,10,17
Irf3,620,54,29,11,54,20,31,28,24
Scaf1,631,75,24,15,61,30,28,19,10
Rras,2082,325,102,31,204,87,100,60,56
Prr12,404,34,9,6,27,18,12,5,8
Prrg2,217,22,7,1,18,8,8,3,5
Nosip,491,56,10,3,30,3,9,3,8
Rcn3,12060,999,274,139,900,312,314,147,225
Gm45669,4,0,1,0,0,0,0,2,1
Fcgrt,5247,706,203,38,385,128,198,99,106
Gm45552,0,0,0,0,0,0,0,0,0
Rps11,40806,6399,1858,702,3612,1073,1159,921,1102
Rpl13a,5047,2432,971,111,477,234,330,146,220
Flt3l,816,121,47,7,81,24,36,9,32
Aldh16a1,204,29,7,3,20,6,6,5,4
Pih1d1,809,137,61,17,67,23,34,14,21
Slc17a7,8,7,0,1,3,1,0,1,0
Ccdc155,0,0,0,0,0,0,0,0,0
Dkkl1,0,0,0,0,0,1,0,0,0
Tead2,319,30,12,9,36,13,5,6,19
Cd37,5,3,6,0,1,2,3,0,1
Trpm4,267,18,5,3,13,2,7,4,5
Hrc,1,2,0,0,1,0,0,0,1
Ppfia3,9,1,1,1,2,0,0,0,1
Mtag2,1,0,0,0,0,0,0,1,0
Lin7b,38,1,1,3,2,1,5,4,3
Snrnp70,3960,412,126,88,325,126,133,108,92
Kcna7,0,0,0,0,0,0,0,0,0
Ntf5,5,0,0,0,0,0,0,1,0
Ruvbl2,401,65,17,5,39,9,13,12,5
Gys1,212,21,5,3,11,5,2,1,3
Ftl1,46975,10892,3004,866,4943,1206,1984,1073,1375
Bax,2318,404,129,45,225,75,77,42,59
Dhdh,176,43,16,1,10,2,6,4,2
Tulp2,2,0,1,0,1,0,0,0,0
Nucb1,3889,524,162,53,321,125,155,65,66
Ppp1r15a,2160,1172,358,134,946,194,504,153,195
Plekha4,138,19,15,1,22,36,24,11,6
Hsd17b14,19,3,3,1,4,1,6,0,0
0610005C13Rik,1,1,0,0,0,0,0,0,0
Bcat2,538,87,33,7,53,16,21,16,16
Fgf21,8,0,0,1,1,1,0,0,1
Fut1,0,0,0,0,0,0,0,0,0
Izumo1,2,0,0,1,0,0,0,1,0
Rasip1,2,0,0,0,0,0,0,0,0
A030001D20Rik,28,1,1,0,4,2,2,0,0
Mamstr,133,17,4,1,9,4,6,0,1
Fut2,0,0,0,0,0,0,0,0,0
Sec1,12,2,1,3,10,3,6,0,0
Ntn5,14,2,1,4,8,1,12,5,1
Car11,69,11,4,0,3,5,2,4,2
Dbp,189,46,8,1,9,6,6,4,2
Sphk2,226,20,11,5,14,6,8,5,4
Rpl18,35909,6104,1887,619,2968,1001,1126,921,1012
Fam83e,7,4,0,0,2,1,2,1,1
Sult2b1,1,2,0,1,0,0,2,1,0
Gm31597,5,0,0,0,0,0,0,0,0
Lmtk3,16,3,1,3,1,1,1,0,1
Cyth2,815,136,42,31,96,29,41,27,20
Kcnj14,2,0,0,0,0,1,0,0,0
Grwd1,282,36,9,2,17,3,1,5,8
Grin2d,104,8,0,0,8,3,3,1,1
Kdelr1,4650,569,172,45,341,114,130,70,125
Syngr4,3,1,0,0,0,0,0,1,0
Tmem143,101,15,2,0,18,7,10,3,1
Emp3,10099,1717,499,184,893,336,376,188,248
Gm45442,0,0,0,0,0,0,0,0,0
Ccdc114,19,2,2,0,5,4,2,3,0
Abcc6,2,1,0,0,0,0,0,0,0
Nomo1,667,78,33,5,36,14,19,10,6
Abcc8,0,0,0,0,0,0,0,0,0
Gm45486,3,0,0,0,0,0,0,0,0
Ush1c,1,0,0,0,0,0,0,1,0
Myod1,0,0,0,0,0,0,0,2,4
Kcnc1,0,0,0,0,0,0,0,0,0
Sergef,290,32,10,3,19,5,6,9,8
Tph1,3,1,0,0,0,0,0,0,3
Saal1,441,31,13,3,27,9,6,3,16
Saa3,60963,9857,4430,248,233,143,210,125,112
Saa1,341,70,86,0,3,0,0,2,2
Saa2,40,6,0,0,0,0,0,0,0
Hps5,245,33,12,2,13,5,9,6,20
Gtf2h1,815,146,44,13,91,34,32,20,14
Ldha,7593,1149,317,152,790,186,203,187,187
Ldhc,0,2,0,0,1,0,0,0,0
Tsg101,1283,159,58,22,88,36,31,29,26
Uevld,188,12,10,4,11,11,5,3,4
C86187,0,0,0,0,1,0,0,0,0
Spty2d1,726,283,79,21,168,51,71,32,53
Gm45474,3,0,0,0,0,0,0,1,0
Tmem86a,187,12,1,3,17,6,7,13,7
Ptpn5,1,2,0,0,2,0,0,12,0
Mrgpra2a,0,0,0,0,0,0,0,0,0
Mrgpra2b,1,0,0,0,0,0,0,0,0
Mrgprb1,7,1,0,0,0,0,0,0,0
Mrgprx2,0,0,0,0,0,0,0,0,0
Mrgprb2,1,0,0,0,0,0,0,0,0
Zdhhc13,113,12,5,2,11,3,6,5,3
Csrp3,0,0,0,0,0,0,0,0,0
E2f8,19,0,1,0,0,0,1,0,2
Nav2,74,8,11,7,16,37,33,12,10
Htatip2,853,107,34,12,60,10,27,7,12
Prmt3,430,40,16,0,31,12,17,8,11
Nell1,14,8,0,0,1,2,5,0,0
Ano5,0,0,0,0,0,1,0,0,0
Slc17a6,0,0,0,0,0,0,0,0,0
Fancf,118,10,1,3,4,3,1,2,1
Gas2,105,9,3,1,7,15,1,2,2
Svip,4,1,0,0,2,3,3,2,1
Luzp2,3,0,0,3,11,3,13,0,3
Siglech,0,0,0,0,0,0,0,0,0
Tubgcp5,322,17,6,3,20,10,1,4,9
Cyfip1,1644,192,59,17,92,49,35,17,27
Nipa2,790,94,38,16,62,31,34,22,21
Nipa1,253,25,5,3,18,10,12,4,8
Herc2,923,149,30,13,71,22,33,24,29
Oca2,0,0,0,0,0,0,0,0,0
Gabrb3,10,1,0,0,1,5,1,0,0
Atp10a,305,55,19,3,29,8,10,7,13
Ube3a,2420,314,97,49,162,59,74,58,51
Gm38393,3,1,0,0,3,0,1,2,26
Snrpn,33,11,4,21,47,7,2,13,9
A230057D06Rik,2,1,1,0,1,0,1,1,1
Gm9801,1,0,0,1,0,0,1,1,0
Ndn,2151,376,92,33,189,67,75,40,35
Mkrn3,12,1,2,0,0,0,0,0,0
Peg12,73,9,3,0,5,1,0,1,0
Chrna7,28,1,1,0,0,1,2,0,1
Otud7a,5,0,1,1,3,0,0,2,0
Klf13,1584,275,90,21,169,39,84,31,46
E030018B13Rik,0,1,0,0,1,0,0,0,0
Gm45052,0,0,0,0,0,0,0,0,0
Gm32633,0,0,0,0,0,0,0,0,0
Trpm1,2,5,0,0,0,1,0,0,3
Mtmr10,304,59,24,3,17,14,16,3,4
Gm20457,2,0,0,0,0,1,0,0,0
Fan1,27,1,1,1,2,0,0,3,2
Mphosph10,544,82,18,12,44,13,19,10,9
Mcee,775,128,39,15,101,30,29,27,22
Apba2,2,0,1,0,0,0,2,0,0
Fam189a1,7,1,0,0,1,1,0,2,1
Nsmce3,724,83,20,23,60,25,23,31,13
Tjp1,640,76,26,5,51,22,20,22,27
Tarsl2,41,3,4,2,2,3,0,0,0
Tm2d3,739,77,21,6,54,24,24,10,17
Pcsk6,261,87,52,2,94,7,18,16,25
Snrpa1,1054,177,52,23,86,38,25,31,27
Gm45081,2,0,0,0,0,0,0,0,0
Selenos,6214,735,249,81,448,145,177,107,104
Gm26827,1,0,0,0,2,0,0,0,0
Chsy1,509,49,18,11,36,13,18,8,12
Lrrk1,1115,88,33,3,47,20,29,8,13
Gm44752,25,3,0,0,0,0,1,0,1
Aldh1a3,140,24,28,1,54,15,6,17,21
Asb7,286,21,8,2,11,7,9,2,7
Lins1,99,17,3,1,6,3,3,1,3
Cers3,0,0,0,0,0,0,1,0,0
Adamts17,227,4,2,3,6,13,3,2,4
1700112J16Rik,6,1,2,0,0,0,2,2,3
Lysmd4,112,3,0,0,8,1,2,1,2
Mef2a,3092,347,127,36,178,57,77,58,55
Gm33926,3,0,0,0,0,0,0,0,0
Lrrc28,267,28,9,2,11,3,6,5,5
Ttc23,399,34,7,4,13,6,8,13,4
Synm,131,13,0,1,5,3,3,0,1
4833412C05Rik,24,0,0,0,2,2,0,0,0
Igf1r,2591,307,106,22,128,48,81,38,56
Pgpep1l,12,1,0,0,0,0,0,0,0
Gm16157,17,1,0,0,0,0,0,0,0
Fam169b,30,4,1,0,2,0,0,1,2
Arrdc4,385,37,18,6,34,6,10,10,10
Gm29683,0,0,1,1,1,0,0,1,0
Nr2f2,650,81,66,10,112,34,42,24,12
Mctp2,39,2,2,0,0,0,0,2,2
Gm30075,10,0,0,0,3,0,1,1,0
A730056A06Rik,27,3,1,0,5,0,0,2,0
Rgma,653,88,30,5,38,18,23,11,21
Chd2,980,117,46,11,74,34,47,24,26
Gm44686,0,1,0,0,0,0,0,0,0
Gm44739,5,1,0,0,3,1,0,0,1
Fam174b,357,31,12,9,30,26,19,8,17
Gm21269,9,3,2,1,2,1,0,1,1
St8sia2,60,7,0,4,14,6,12,5,6
Slco3a1,1989,173,63,10,92,26,35,11,16
Sv2b,112,14,5,1,15,4,7,0,7
Akap13,4692,634,168,44,308,127,134,81,82
AU020206,267,37,5,3,18,5,13,4,7
Klhl25,109,16,2,1,6,5,7,3,4
Ntrk3,221,10,1,1,24,11,17,1,13
Gm9885,31,2,0,0,2,3,0,0,2
Mrpl46,339,48,14,10,21,5,10,12,5
Mrps11,631,85,26,15,55,21,13,15,15
Det1,114,15,4,4,11,3,2,7,5
1700011D18Rik,3,1,0,0,0,0,0,0,0
Aen,461,73,36,3,35,5,10,7,12
Isg20,326,55,19,6,33,18,29,13,18
Acan,82,0,0,1,20,18,13,2,14
Hapln3,22,0,1,0,6,3,6,1,5
Mfge8,4721,429,119,46,314,120,151,61,98
Abhd2,457,124,40,36,112,42,36,25,32
Fanci,16,2,2,2,2,2,0,0,0
Polg,630,103,23,3,35,16,10,9,16
Ticrr,9,0,2,1,0,1,2,0,7
Kif7,57,3,1,0,2,3,3,3,2
Plin1,13,0,1,0,14,0,0,0,0
Pex11a,97,7,4,1,6,3,1,2,1
Wdr93,5,0,0,0,0,0,0,0,0
Mesp2,1,0,0,0,0,0,0,0,0
Anpep,1695,266,94,16,187,64,55,24,33
Ap3s2,364,52,12,4,27,6,4,8,8
Arpin,402,39,9,8,23,12,19,10,7
Zfp710,125,14,7,2,10,7,8,6,7
Gm21057,0,0,0,0,0,0,0,0,0
Gm44949,6,0,0,1,1,0,0,0,0
Idh2,2489,223,71,41,158,50,92,39,56
Sema4b,111,17,7,3,22,4,8,2,4
Cib1,879,143,34,22,93,25,39,19,27
Gdpgp1,25,3,0,0,2,2,1,1,2
Ttll13,9,1,0,0,0,0,1,0,0
Ngrn,304,28,7,4,18,10,8,5,2
Vps33b,177,17,4,3,9,5,6,4,5
Rccd1,64,15,5,3,9,5,7,1,8
Prc1,174,5,10,8,21,40,7,1,5
6330403N20Rik,4,0,0,0,1,0,0,1,1
Unc45a,425,43,14,11,48,14,23,11,15
Hddc3,82,19,5,1,10,2,5,4,2
Man2a2,963,78,35,23,47,33,25,21,27
Fes,115,31,1,5,12,7,7,3,1
Furin,1374,235,76,30,108,52,56,36,30
Gm44851,0,2,0,0,0,0,0,0,0
Blm,89,4,4,3,3,0,1,4,1
Crtc3,1393,185,52,14,111,29,54,22,36
Gm15880,4,1,0,0,0,0,1,0,0
Iqgap1,3726,643,183,52,307,155,135,77,101
Zscan2,30,3,1,2,3,3,1,1,1
Wdr73,157,12,2,1,8,6,2,3,2
Nmb,294,61,8,2,13,2,13,5,5
Sec11a,4074,546,139,80,325,88,131,83,94
Gm44899,1,3,0,0,0,0,0,0,1
Zfp592,414,72,18,7,30,12,20,15,9
Alpk3,2,2,0,0,0,0,0,0,0
Slc28a1,3,0,0,0,0,0,0,1,0
Pde8a,1094,140,52,12,72,18,21,18,10
Rps17,20263,3853,1192,216,1138,393,414,255,356
Cpeb1,640,86,30,6,32,17,11,7,13
Ap3b2,20,1,0,0,0,0,1,0,0
2900076A07Rik,96,7,4,3,14,9,5,4,6
Fsd2,1,0,0,0,0,0,0,0,0
Whamm,257,42,12,3,17,7,12,3,4
Homer2,228,10,1,5,4,6,0,1,1
Fam103a1,1018,159,39,12,80,26,39,24,30
3110040N11Rik,260,46,23,9,26,10,16,7,14
Gm45016,0,1,0,0,0,0,0,0,0
Btbd1,1233,146,47,12,74,30,43,19,17
Gm10160,1,0,0,0,2,0,1,0,1
Tm6sf1,9,3,2,2,0,1,0,1,4
Hdgfl3,846,100,36,12,52,16,29,21,13
Bnc1,1,0,0,0,0,0,0,0,0
Sh3gl3,9,1,0,1,2,5,1,2,0
Adamtsl3,46,11,5,1,23,7,13,7,9
Saxo2,36,7,3,0,6,2,1,1,1
Efl1,317,29,8,2,18,11,8,8,3
Gm36584,1,0,0,0,0,0,0,0,0
Mex3b,797,85,28,24,74,39,25,9,27
A530021J07Rik,1,0,0,0,0,0,0,0,0
Gm16638,70,26,7,1,5,7,3,3,3
Stard5,439,47,14,2,16,8,10,5,7
Il16,347,36,8,0,17,6,6,5,7
2310044K18Rik,0,0,0,0,0,0,0,0,0
Tlnrd1,534,65,25,8,87,21,33,14,19
Mesd,1308,147,45,14,85,33,26,19,22
Cemip,211,10,4,1,0,0,1,0,0
Abhd17c,442,30,10,3,14,8,10,2,2
Arnt2,11,1,1,1,3,0,2,2,2
Gm30873,6,1,0,0,0,0,0,0,0
Gm2115,8,0,10,0,2,2,1,3,0
Fah,254,16,7,7,20,5,11,2,3
Zfand6,1439,196,64,21,146,54,66,29,43
2610206C17Rik,1,0,0,0,0,0,0,0,0
Folh1,10,0,0,0,0,0,2,0,0
Nox4,395,131,29,0,66,26,25,11,14
Tyr,2,0,0,0,0,0,0,1,2
Ctsc,831,101,66,11,42,43,22,8,17
Gm26522,25,4,5,0,1,0,1,1,1
Gm44751,10,2,1,0,1,1,0,0,0
Rab38,46,12,6,1,12,4,6,4,2
Tmem135,472,52,16,6,35,12,24,4,9
Fzd4,1381,99,35,2,51,12,37,20,10
Prss23,4211,463,126,24,519,83,126,135,113
Prss23os,4,2,1,0,0,1,1,0,0
A230065N10Rik,3,0,0,0,2,0,0,1,0
Me3,68,4,0,1,5,1,4,0,1
Ccdc81,10,1,0,0,0,1,0,1,0
Hikeshi,1288,197,48,26,99,34,41,27,30
Eed,425,70,13,9,56,12,21,11,18
Picalm,2680,399,125,66,283,91,111,55,88
Ccdc83,0,0,0,0,0,0,0,0,1
Sytl2,100,6,7,1,23,8,5,3,3
Ccdc89,11,0,0,0,0,1,0,0,0
Crebzf,500,68,21,14,41,19,23,17,20
Tmem126a,1277,219,53,16,101,33,32,33,29
Tmem126b,354,47,17,5,28,15,12,4,8
Dlg2,53,19,1,2,4,4,4,0,0
Gm45159,1,0,1,0,0,0,0,1,0
Ccdc90b,599,103,23,11,58,14,29,13,18
Ankrd42,41,12,4,2,9,1,2,2,3
Gm26944,1,1,0,0,0,0,0,0,0
Pcf11,836,420,132,37,190,63,101,38,61
Gm26981,6,3,1,1,3,2,0,0,1
Rab30,758,61,16,3,45,10,22,11,8
Ddias,26,19,9,1,4,2,4,2,1
Prcp,803,72,40,17,55,17,14,15,14
Fam181b,26,0,2,2,7,7,1,4,0
Tenm4,14,0,0,0,7,3,0,2,1
Nars2,101,11,5,0,6,6,6,1,0
Gab2,360,35,6,0,18,14,10,7,9
Usp35,168,9,5,0,16,5,6,1,2
Kctd21,28,6,0,0,6,2,1,0,0
Alg8,162,30,12,1,15,3,5,3,8
Ndufc2,3743,524,176,63,317,116,106,108,103
Thrsp,0,0,0,0,1,0,0,0,0
Kctd14,24,1,0,1,4,4,4,1,3
Ints4,171,13,6,4,10,5,3,3,4
Aamdc,803,116,25,19,101,42,39,37,29
Rsf1,916,102,41,36,86,39,39,33,35
Rsf1os2,0,0,0,0,2,0,0,1,1
Clns1a,936,112,41,14,64,27,28,13,22
Aqp11,13,5,1,0,1,2,1,0,0
Pak1,104,44,15,5,23,15,7,8,5
Myo7a,293,20,3,4,17,8,10,2,1
Capn5,398,44,22,1,23,7,10,3,4
Omp,3,0,0,0,0,0,0,0,0
B3gnt6,1,2,1,0,1,0,0,0,0
Acer3,553,90,41,10,37,16,21,17,14
Tsku,219,43,8,6,23,6,9,4,3
Lrrc32,1044,218,56,15,69,27,21,10,19
Emsy,797,107,37,15,69,32,37,15,23
Thap12,1091,123,49,14,96,31,36,22,18
Gm19656,0,1,0,0,0,0,0,0,0
Wnt11,147,33,9,2,48,14,14,3,12
Uvrag,706,88,21,11,44,16,21,18,16
Gm45187,32,5,2,0,7,0,0,2,5
Dgat2,29,13,4,3,13,4,1,3,6
Gm26705,14,1,1,0,1,0,0,0,0
Map6,371,38,8,5,11,10,12,10,6
Serpinh1,38894,6024,1374,595,4286,1355,1372,775,973
Gdpd5,97,9,4,2,7,2,2,5,1
Klhl35,13,0,0,0,0,0,1,1,0
Rps3,43992,7706,2168,724,3522,1122,1352,964,1290
Arrb1,617,45,18,2,20,7,10,10,6
Tpbgl,295,25,7,0,13,2,6,4,3
Gm10605,58,6,3,0,1,0,1,1,3
Slco2b1,2143,238,74,5,83,28,69,16,38
Gm15635,71,0,1,0,0,0,0,0,1
Gm34280,7,0,0,0,0,0,0,0,0
Neu3,17,3,0,0,6,0,0,0,0
Spcs2,4181,699,236,59,350,105,134,107,88
Xrra1,2,1,1,0,0,0,0,1,1
Gm38405,2,0,0,0,0,1,0,0,1
Rnf169,255,22,8,0,14,5,3,9,9
Chrdl2,6,0,0,0,0,0,0,0,0
Pold3,238,29,10,6,20,7,5,7,4
Lipt2,76,3,0,1,5,0,1,1,0
Kcne3,1,0,0,0,0,0,0,0,0
Pgm2l1,327,30,9,3,18,6,5,12,7
P4ha3,475,57,25,5,35,16,9,2,3
Ppme1,472,114,33,24,79,20,36,20,12
C2cd3,200,19,9,2,18,6,4,7,5
Gm10603,1,0,0,0,0,0,0,0,0
Ucp3,0,0,0,0,0,0,0,0,0
Ucp2,387,70,71,12,11,19,39,2,19
Dnajb13,0,0,0,0,0,0,0,0,0
Coa4,88,8,2,3,7,0,3,0,1
Mrpl48,1371,181,47,26,97,23,45,23,43
Rab6a,2416,448,104,42,186,65,99,56,69
Plekhb1,16,0,1,7,3,16,4,5,0
Gm35082,3,0,1,0,4,0,0,2,1
Fam168a,1005,134,43,10,77,26,41,19,14
Relt,29,13,3,1,9,3,4,1,3
Arhgef17,253,31,10,14,31,9,18,8,6
P2ry6,2,5,4,0,1,0,0,0,1
P2ry2,97,14,2,0,3,2,0,2,1
Fchsd2,494,59,15,10,37,14,20,9,8
Atg16l2,193,23,8,7,16,20,14,6,8
Stard10,80,5,4,4,17,6,2,3,3
Gm45620,2,0,0,0,0,0,2,0,0
Arap1,2371,128,55,20,100,41,65,34,30
Pde2a,3,0,0,1,0,0,2,0,1
Gm35363,0,0,0,0,0,0,0,0,0
Art2b,1,0,0,0,1,0,0,0,0
Clpb,357,71,24,9,25,12,15,15,14
Phox2a,17,1,0,0,0,0,0,0,0
Inppl1,486,68,16,10,38,21,21,12,11
Gm10602,19,3,1,0,4,2,3,0,0
Folr2,0,0,0,0,0,0,0,0,0
Folr1,0,0,0,0,1,2,0,0,0
Anapc15,355,59,21,6,29,11,7,5,3
Lamtor1,2070,259,72,25,98,53,42,40,43
Lrrc51,42,9,2,1,2,3,0,3,2
Numa1,1326,97,22,17,84,35,53,25,36
Il18bp,104,32,6,1,6,4,5,0,1
Rnf121,755,107,27,8,50,10,14,20,11
Xndc1,269,9,2,0,9,4,5,3,3
Xntrpc,6,1,2,0,1,0,1,1,0
Art5,7,1,0,0,2,0,0,1,0
Art1,0,0,0,0,0,0,0,0,0
Chrna10,0,1,0,0,0,0,0,0,0
Nup98,752,311,105,41,237,78,91,101,79
Pgap2,614,100,21,7,48,15,21,17,11
Rhog,561,98,44,14,46,22,21,10,13
Stim1,689,127,37,11,62,23,51,16,24
Rrm1,503,63,25,9,22,18,10,7,11
Trim21,86,18,7,1,10,3,3,0,0
Olfr552,1,6,1,0,1,0,3,2,0
Trim68,84,5,1,0,0,0,0,1,1
Olfr558,1,0,0,0,0,0,0,0,0
Olfr78,1,0,0,0,0,0,0,0,0
Olfr571,0,0,1,0,0,0,0,0,0
Olfr607,0,1,0,0,0,0,0,0,0
Olfr613,0,0,0,0,0,0,0,0,0
Olfr620,0,2,0,0,1,0,2,1,0
Olfr624,2,1,0,0,0,0,0,0,2
Hbb-bt,42,63,31,12,21,84,99,59,59
Hbb-bs,223,439,172,57,121,383,452,374,390
Olfr633,0,0,0,0,1,1,0,0,1
Olfr635,6,8,7,0,1,1,4,2,2
Olfr639,2,0,2,0,0,0,0,0,0
Trim6,6,3,0,0,1,0,1,1,2
Trim34a,91,16,3,0,6,3,2,0,0
Gm47248,0,0,1,0,0,0,0,0,0
Trim5,61,15,3,2,6,2,5,6,0
Trim12a,475,54,17,3,32,7,28,6,13
Gm15133,11,2,1,0,1,1,2,0,0
Trim12c,346,57,23,4,19,8,11,4,8
Trim30b,1,1,2,0,0,0,0,1,0
Trim30c,0,1,0,0,0,0,0,0,0
Trim30a,285,148,54,1,73,17,30,4,9
Trim30d,151,50,11,3,31,3,10,5,5
Olfr655,6,0,1,1,0,0,0,0,2
Olfr658,0,1,0,0,1,0,0,0,0
Olfr671,1,3,0,1,0,0,0,0,0
Olfr675,2,1,1,0,1,0,0,0,1
Olfr678,2,1,0,0,2,0,1,0,0
Olfr679,1,1,0,0,0,0,0,0,0
Fam160a2,213,33,6,2,14,5,8,3,10
Cavin3,8021,1042,301,110,699,234,241,167,182
Smpd1,835,90,37,10,46,18,26,10,12
Apbb1,267,28,8,2,18,2,7,7,7
Hpx,10,4,1,0,4,1,0,1,2
Trim3,444,55,22,4,36,10,17,5,12
Arfip2,904,75,21,11,53,22,27,14,15
Timm10b,1789,384,103,33,203,71,71,50,51
Gm45799,4,2,0,0,0,0,0,0,1
Dnhd1,5,3,2,0,2,0,0,0,1
Rrp8,453,56,16,5,18,14,7,11,13
Ilk,1876,232,91,34,150,67,56,46,44
Taf10,2551,503,154,49,249,71,70,69,72
Tpp1,1342,253,86,17,106,42,51,9,22
Dchs1,405,28,5,6,30,16,25,9,10
Mrpl17,1873,250,74,26,130,39,46,52,51
Gm4070,4,9,4,0,4,7,1,1,0
Gm20663,0,0,0,0,0,1,0,0,0
Gvin1,5,6,3,0,2,0,0,0,0
Olfr695,0,1,0,0,0,0,0,0,0
4930458B22Rik,0,0,0,0,0,0,0,0,0
Olfr714,0,0,1,0,0,0,0,0,0
Olfr715b,2,2,1,1,1,0,3,1,2
Syt9,4,1,0,1,0,1,0,1,0
Olfml1,1289,92,27,9,51,19,30,8,20
Gm44773,9,0,0,0,2,0,0,0,0
Ppfibp2,247,31,15,6,29,19,4,11,13
Cyb5r2,14,0,0,0,1,1,0,0,0
Olfr472,1,1,1,0,1,0,2,1,0
Olfr482,0,0,0,0,0,0,1,0,0
Nlrp10,4,0,0,0,0,1,0,0,0
Eif3f,8905,1224,383,113,622,205,258,156,187
Tub,6,1,0,1,2,0,0,0,0
Ric3,17,2,1,2,3,1,0,0,0
Lmo1,148,40,8,7,19,13,9,10,8
Rpl27a,61932,10625,3074,961,4657,1453,1722,1180,1376
St5,524,64,13,9,65,19,30,8,11
Akip1,396,50,18,6,31,7,12,5,7
BC051019,1,0,0,0,0,0,0,0,0
Ascl3,1,1,0,0,0,0,0,0,0
Tmem9b,883,141,39,10,54,23,38,20,17
Nrip3,10,6,0,0,1,0,2,0,0
Scube2,31,2,0,1,2,14,6,0,0
Dennd5a,1859,150,62,21,97,57,77,33,43
Tmem41b,808,95,25,16,64,20,25,10,23
1600010M07Rik,1,0,1,0,0,1,0,0,0
Ipo7,932,217,71,27,102,52,61,22,27
Zfp143,135,18,2,2,9,3,6,6,5
Wee1,208,33,6,4,22,6,21,5,9
Swap70,567,74,26,7,51,16,18,16,18
Sbf2,1583,145,46,10,87,26,46,34,24
Adm,4301,487,97,8,232,46,51,32,40
Gm21123,3,1,1,0,0,0,0,0,0
Ampd3,289,72,14,2,25,3,2,7,17
Rnf141,157,19,3,0,8,8,6,7,6
Lyve1,1,0,0,0,3,0,0,0,0
Mrvi1,5,1,0,0,0,1,0,1,0
Ctr9,509,55,15,8,39,20,20,16,19
Eif4g2,8948,1216,345,110,667,205,262,166,177
Galnt18,148,10,5,1,8,0,5,3,3
Usp47,1333,144,35,16,89,37,38,33,36
Dkk3,1948,118,26,20,100,61,50,7,14
Mical2,340,30,14,7,26,19,5,4,13
Micalcl,2,0,0,0,0,0,0,0,0
Parva,2368,307,77,16,130,56,56,42,45
Parvaos,35,8,1,0,3,2,0,1,0
Tead1,2556,237,63,26,125,63,61,55,39
Rassf10,0,0,0,0,0,2,0,0,0
Arntl,886,127,38,9,93,33,48,18,16
Btbd10,330,47,14,14,49,17,19,14,11
Far1,1129,215,45,27,122,61,45,41,25
Spon1,1025,32,25,32,129,95,80,92,51
Rras2,700,89,29,5,43,13,17,13,9
Copb1,2428,328,87,21,190,59,84,42,50
Psma1,2127,317,101,33,178,61,54,33,44
4933406I18Rik,7,0,0,0,0,1,0,0,0
Pde3b,251,19,6,1,8,4,6,1,5
Cyp2r1,18,2,1,0,1,1,0,0,0
Calca,235,2,0,0,5,1,0,4,0
Calcb,1,0,0,0,0,0,0,0,0
Insc,38,1,1,6,3,12,1,1,2
A730082K24Rik,2,0,0,3,5,0,0,4,0
Gm34225,0,0,0,1,1,0,0,0,1
Sox6,25,0,1,0,4,8,4,4,0
Sox6os,5,0,1,0,0,0,0,0,0
1110004F10Rik,2627,304,102,38,183,66,65,56,69
Gm4353,2,1,0,0,1,1,0,0,0
Plekha7,6,1,0,0,0,1,0,2,1
Rps13,40190,6202,1829,599,3044,994,1119,828,1034
Gm44777,35,7,2,0,4,4,1,2,1
Pik3c2a,618,69,26,12,35,23,25,13,12
Nucb2,2102,384,116,14,170,44,55,31,51
Gm45151,10,0,3,0,0,0,0,1,1
4732496C06Rik,17,1,0,0,1,0,1,0,0
Xylt1,602,72,31,6,18,18,23,6,11
Rps15a,67725,10410,2968,897,4627,1415,1683,1166,1509
Arl6ip1,2259,310,104,50,186,111,85,44,43
Smg1,1201,208,58,14,111,36,48,38,39
Gm45155,1,0,0,0,0,0,0,0,0
Syt17,101,1,1,3,2,3,0,1,2
Itpripl2,2927,256,80,11,85,43,39,19,33
Coq7,483,65,29,5,35,15,13,14,7
Tmc7,9,3,0,1,1,0,4,1,1
B230311B06Rik,19,4,0,0,1,3,2,1,0
Gde1,1142,140,38,20,96,37,39,19,19
Ccp110,197,15,8,1,13,5,7,3,7
9030624J02Rik,777,107,28,11,57,23,25,11,14
Knop1,729,92,15,12,55,17,18,13,19
Iqck,32,6,1,2,2,0,0,0,2
Gm44763,11,2,2,0,1,1,1,1,0
Gprc5b,705,94,33,7,52,20,16,6,16
Thumpd1,504,36,13,3,26,13,12,13,15
Acsm3,8,0,0,0,0,0,0,0,0
Eri2,89,12,4,1,5,7,3,1,1
Rexo5,39,9,2,2,6,3,1,3,2
Dcun1d3,578,104,32,8,43,23,27,17,18
Lyrm1,168,25,2,0,15,3,8,3,1
Dnah3,0,1,0,0,0,1,0,0,1
Tmem159,1328,198,64,16,122,38,61,24,29
Crym,51,1,0,5,4,30,3,0,2
Uqcrc2,2189,263,57,43,137,52,47,36,45
Pdzd9,5,0,0,1,1,0,0,0,1
Mosmo,849,95,33,13,53,27,23,14,25
Vwa3a,0,3,0,0,0,0,0,1,0
Eef2k,944,80,20,4,34,8,14,6,15
Gm15774,2,1,1,0,0,0,0,0,0
Polr3e,218,38,11,3,11,9,5,8,3
Cdr2,860,130,28,6,65,25,41,12,16
Mfsd13b,6,0,0,0,1,1,0,0,0
Mettl9,2034,244,77,43,161,64,53,45,49
Igsf6,1,1,7,0,1,1,1,0,0
Otoa,3,1,0,1,1,0,1,0,1
Usp31,337,40,20,8,34,12,8,5,14
1700069B07Rik,14,0,0,1,2,0,0,0,0
Scnn1g,0,0,0,0,0,0,0,0,0
Scnn1b,20,0,0,0,5,0,0,2,0
Cog7,450,39,10,0,24,11,9,10,7
Gga2,984,118,20,10,82,16,21,9,17
Ears2,102,10,5,2,8,3,4,2,2
Ubfd1,731,129,42,26,97,27,34,26,27
Ndufab1,2619,395,133,60,215,83,74,71,79
Palb2,18,0,1,0,0,2,2,0,0
Dctn5,615,78,20,4,40,13,13,10,17
Gm15489,0,0,0,0,0,0,1,0,0
Plk1,76,3,3,3,5,10,0,1,1
Chp2,3,0,0,0,1,0,0,0,0
Prkcb,765,58,14,2,14,9,8,2,4
Rbbp6,1718,619,188,45,300,79,119,68,71
Gm45847,9,8,0,0,0,0,0,0,0
Tnrc6a,2001,267,88,28,180,69,80,58,68
Arhgap17,1153,168,60,18,114,36,37,15,31
Lcmt1,506,49,24,5,46,15,22,15,15
4933440M02Rik,9,0,0,0,0,0,0,0,2
Gm30717,6,1,1,0,0,0,1,0,0
Kdm8,20,3,2,0,2,2,2,0,0
Nsmce1,1233,167,50,20,79,28,37,16,21
Il4ra,1589,214,63,5,116,21,51,34,23
Il21r,0,7,6,1,2,2,2,2,1
Gtf3c1,514,53,24,16,46,17,23,12,11
D430042O09Rik,469,80,16,8,32,20,27,8,13
Gsg1l,2,0,0,0,2,2,2,0,0
Xpo6,831,121,25,16,67,30,25,12,13
Sbk1,118,11,2,2,7,4,2,1,4
Lat,6,1,0,0,2,2,2,1,0
Spns1,770,82,22,12,57,23,17,14,15
Nfatc2ip,131,16,6,3,13,6,3,2,2
Cd19,0,0,0,0,0,0,2,0,0
Rabep2,269,21,3,2,24,6,6,5,3
Atp2a1,1,0,0,0,2,0,0,1,1
Sh2b1,448,51,16,6,49,18,22,4,8
Tufm,619,105,26,10,32,11,17,7,12
Atxn2l,816,182,68,34,154,43,65,45,34
Eif3c,3423,470,137,56,221,90,90,61,57
Cln3,227,55,14,6,28,11,10,5,4
Apobr,62,16,9,0,11,4,5,2,6
Il27,0,0,0,0,0,0,0,1,0
Nupr1,13781,891,304,114,733,187,259,127,192
2510046G10Rik,55,2,4,2,8,0,5,2,4
Sgf29,258,39,6,4,17,7,9,5,5
Sult1a1,248,24,3,0,12,1,6,3,4
Slx1b,216,20,5,2,8,6,2,6,9
Bola2,2047,543,160,58,246,72,54,72,73
Coro1a,16,2,13,8,10,7,12,4,6
4930448A20Rik,0,0,0,0,0,0,0,0,0
Mapk3,1395,188,70,21,96,66,51,20,35
Gdpd3,19,2,0,1,3,1,1,0,0
Ypel3,3359,364,104,27,236,94,124,62,95
Tbx6,47,3,1,0,3,2,2,1,2
Ppp4c,917,153,44,19,89,27,41,23,28
Aldoa,7174,1059,271,117,673,176,209,160,203
Fam57b,2,0,0,0,0,0,0,0,0
Ino80e,697,75,25,11,52,20,22,18,26
Hirip3,159,33,14,2,19,7,5,9,4
Taok2,561,52,13,12,46,16,22,11,17
Tmem219,1204,136,38,12,70,29,33,29,24
Kctd13,162,21,9,1,20,6,15,8,12
Sez6l2,6,0,0,0,0,1,0,0,0
Cdiptos,24,1,0,0,3,0,1,1,0
Cdipt,861,112,26,15,54,14,33,14,16
Mvp,1402,264,81,16,79,24,42,30,24
Pagr1a,13,5,1,1,0,0,1,1,1
Gm42742,8,0,0,0,1,0,0,0,1
Prrt2,1,0,0,1,0,0,0,0,0
Maz,986,117,31,41,108,41,55,26,37
Kif22,64,5,2,4,7,13,8,0,1
Gm31749,0,0,0,0,1,0,0,0,0
AI467606,2,0,0,0,1,1,1,1,0
Qprt,17,9,1,0,3,7,4,3,1
Spn,0,0,0,1,0,1,1,3,0
Cd2bp2,618,78,21,7,36,14,19,7,13
Tbc1d10b,536,60,21,9,31,15,13,9,8
Mylpf,28,4,2,1,5,1,2,1,2
Sept1,180,38,13,3,8,11,12,5,7
Zfp553,132,10,6,9,11,2,7,1,2
Zfp771,1136,114,49,19,92,30,37,20,41
Dctpp1,613,122,45,10,43,19,14,12,28
Sephs2,273,38,11,4,16,8,5,7,9
Itgal,1,1,0,0,0,2,1,0,1
Zfp768,191,14,3,3,12,8,3,5,1
Zfp747,106,30,5,5,16,5,5,4,4
9130019O22Rik,41,3,1,2,4,1,0,0,4
E430018J23Rik,71,6,3,4,5,4,1,3,2
Zfp764,133,13,5,1,5,5,6,0,2
Zfp688,225,12,2,1,12,5,5,5,4
Gm45184,24,5,7,1,5,2,2,7,11
Zfp689,40,4,1,0,2,1,1,0,1
Prr14,522,83,25,11,47,20,27,14,19
Fbrs,448,68,22,11,31,14,22,6,10
1700008J07Rik,85,7,2,3,3,2,2,2,2
Srcap,206,58,14,2,26,10,11,2,6
Gm42715,55,21,7,3,21,5,18,5,7
Phkg2,360,43,26,4,38,25,16,18,8
Ccdc189,36,10,0,1,8,4,2,0,0
Rnf40,300,28,10,4,25,7,11,10,6
Gm44759,0,0,0,0,0,0,0,0,2
Zfp629,117,12,4,3,14,3,3,0,2
Bcl7c,2176,342,86,53,220,67,90,49,67
Gm39090,11,3,0,1,0,0,0,1,2
Ctf1,20,2,0,1,2,3,2,2,3
Ctf2,1,0,1,0,0,0,0,0,0
Fbxl19,162,13,4,3,10,6,5,5,5
Orai3,580,70,14,3,43,11,15,9,16
Setd1a,268,23,5,8,26,6,15,13,10
Hsd3b7,7,0,0,0,3,0,0,0,1
Stx1b,36,5,2,0,6,0,0,3,1
Stx4a,1712,280,75,26,175,59,44,52,40
Zfp668,133,15,6,1,12,5,6,3,1
Zfp646,284,31,11,9,23,6,11,7,6
Prss53,34,4,0,2,3,3,0,1,0
Vkorc1,4182,547,149,69,448,132,155,97,119
Bckdk,894,122,27,8,59,12,20,11,13
Kat8,281,32,9,3,12,6,9,2,9
Prss8,0,0,0,0,0,0,0,0,0
Prss36,47,10,1,0,9,2,5,1,5
Fus,6214,1112,295,96,527,174,269,135,155
Gm26690,2,1,0,0,0,1,0,0,1
Pycard,684,125,45,9,55,25,30,14,20
Trim72,2,1,0,0,0,0,0,0,0
Itgam,1,1,7,0,1,1,1,1,1
Gm49368,7,1,0,0,0,0,0,0,0
Itgax,2,0,0,0,0,0,0,0,0
Itgad,0,0,0,0,0,0,0,0,0
Gm39091,0,0,0,0,0,0,0,0,0
Cox6a2,1,0,3,0,0,0,2,0,0
9130023H24Rik,78,4,1,2,3,5,4,1,2
Armc5,297,20,5,4,15,5,18,9,11
Tgfb1i1,1398,117,36,32,106,33,31,36,32
Slc5a2,0,0,0,0,1,0,0,4,0
BC017158,206,20,2,2,11,2,10,3,2
Rgs10,447,70,38,9,57,20,16,10,11
Tial1,1277,197,61,25,153,72,71,39,38
Bag3,2401,944,335,56,544,247,273,108,152
Inpp5f,294,49,19,3,23,14,8,6,6
Mcmbp,711,125,42,25,60,51,26,21,18
Gm44672,7,2,0,0,1,0,0,0,0
Sec23ip,1097,130,34,11,59,22,28,13,18
Gm33027,0,1,0,0,0,0,0,0,0
Wdr11,519,40,16,3,25,14,7,3,7
Fgfr2,898,100,17,26,74,37,40,35,42
Ate1,546,48,9,6,36,17,14,17,8
Gm44647,1,1,1,0,0,1,0,0,0
Nsmce4a,1376,151,52,23,78,30,32,26,34
Tacc2,1001,78,26,4,58,19,23,14,25
Etos1,1,1,0,0,1,0,1,0,0
Btbd16,1,0,3,0,0,0,0,0,0
Gm5602,1,0,0,0,0,1,0,0,0
Plekha1,1317,93,33,16,61,36,28,15,15
Htra1,16995,734,263,119,1022,343,501,171,231
Cuzd1,1,0,0,1,1,0,0,1,0
Fam24b,1,1,0,0,3,0,0,0,0
2310057M21Rik,214,38,10,2,18,10,9,8,3
Pstk,355,53,14,10,29,15,11,15,14
Gm44623,5,3,0,1,0,1,0,0,0
Ikzf5,470,105,36,6,35,23,23,5,10
Acadsb,1530,176,67,14,86,34,34,20,28
Bub3,1261,152,37,24,97,30,43,22,26
Cpxm2,1250,84,12,14,91,89,77,46,34
Gm15677,0,0,0,0,0,1,2,0,0
Chst15,188,10,3,8,15,6,6,6,5
Gm35147,0,0,0,0,0,0,0,0,0
Oat,6760,1021,335,69,483,169,216,119,137
Lhpp,69,16,3,3,9,0,1,1,4
Gm15582,0,0,0,0,0,0,0,0,0
Fam53b,474,26,7,2,16,5,10,3,6
Eef1akmt2,396,72,25,6,39,17,15,10,10
Abraxas2,555,56,9,6,33,15,15,9,6
Zranb1,1245,218,69,30,147,45,57,32,31
Gm15718,1,1,0,0,2,1,0,0,0
Ctbp2,748,116,30,34,65,17,22,40,25
Tex36,1,0,0,0,0,0,0,0,0
Edrf1,137,23,7,6,19,13,7,7,6
Uros,76,21,2,3,4,5,3,0,1
Bccip,1601,240,62,22,96,36,43,45,31
Dhx32,420,40,9,1,25,9,9,7,6
Fank1,2,0,0,0,0,0,0,0,0
Adam12,899,111,21,17,81,42,34,11,8
D7Ertd443e,2,1,0,0,0,0,0,0,0
Dock1,910,133,35,10,65,33,24,22,21
Fam196a,1,2,0,0,1,0,1,0,1
Gm45339,0,0,0,0,0,0,1,0,0
Ptpre,252,21,8,1,7,5,6,4,0
5830432E09Rik,1,0,2,0,0,0,0,0,0
Mki67,230,8,27,14,11,33,23,3,5
C030029H02Rik,2,0,0,0,0,0,0,0,0
Mgmt,124,33,10,3,17,2,9,3,6
Ebf3,66,39,9,0,28,6,6,4,3
9430038I01Rik,214,29,8,8,23,1,5,5,8
Glrx3,3176,465,115,51,238,75,86,58,73
Gm45397,14,0,0,0,0,0,0,0,0
Mapk1ip1,210,30,5,5,17,2,5,11,5
Ppp2r2d,1177,202,53,24,105,27,61,22,24
Bnip3,1564,85,29,16,63,25,15,15,14
Jakmip3,8,1,1,0,1,0,0,0,0
Dpysl4,35,1,1,1,3,1,7,1,1
Stk32c,80,10,3,2,6,2,1,0,0
Lrrc27,30,10,0,1,5,0,1,2,0
Pwwp2b,136,19,6,1,7,4,11,7,3
Gm32486,0,0,0,0,0,0,0,0,0
Inpp5a,600,80,15,7,43,23,26,9,29
Cfap46,1,0,0,0,0,1,0,0,0
Adgra1,7,0,0,0,0,0,5,1,0
Utf1,0,0,0,0,0,0,0,0,1
Gm2044,1,0,0,0,0,0,0,1,0
6430531B16Rik,4,1,0,0,0,1,0,0,0
Adam8,23,6,9,0,4,5,3,1,0
Tubgcp2,387,33,14,3,23,12,10,4,5
Zfp511,467,62,23,11,49,19,15,10,6
Caly,0,1,0,0,1,0,2,0,0
Fuom,606,75,18,5,45,14,19,9,17
Echs1,1855,133,49,19,96,35,27,30,39
Paox,231,31,10,6,19,7,10,7,7
Mtg1,146,13,7,1,13,2,2,5,5
Sprn,13,1,1,0,4,0,4,0,0
Olfr524,0,0,0,0,0,0,0,0,0
Cd163l1,1,0,0,0,0,2,1,2,1
5830411N06Rik,0,1,0,0,0,0,0,0,0
Olfr525,0,0,0,0,0,0,0,0,0
Olfr527,0,0,0,0,0,0,0,0,0
Olfr60,0,0,0,0,0,0,0,0,0
Olfr530,0,0,0,0,0,0,0,0,0
Olfr46,13,8,6,0,5,3,4,9,6
Olfr539,3,1,0,0,2,0,1,1,1
Olfr45,0,0,1,0,0,0,0,0,0
Cyp2e1,146,0,0,0,1,1,0,1,0
Zfp941,4,0,0,0,0,0,0,0,0
Urah,5,0,0,0,0,0,0,0,1
Bet1l,1211,130,37,18,90,43,56,21,25
Ric8a,907,97,14,12,51,13,19,11,14
Sirt3,313,17,8,6,20,12,7,7,5
Psmd13,2409,318,95,36,156,46,46,39,39
Cox8b,45,6,1,0,0,0,0,0,1
Pgghg,482,49,17,3,32,16,12,7,6
Ifitm5,49,14,3,0,10,7,2,1,4
Ifitm2,32633,5713,1721,330,2065,650,894,525,671
Ifitm1,1201,621,136,62,150,78,169,70,90
Ifitm3,39190,10787,3103,277,3501,735,1348,763,718
Ifitm6,5,2,0,1,3,0,0,0,0
B4galnt4,0,0,0,1,0,0,0,1,2
Pkp3,0,0,0,0,0,0,0,1,0
Sigirr,3,0,0,0,0,1,0,0,0
Ano9,0,0,0,0,0,0,0,0,0
Ptdss2,576,56,16,10,43,18,11,10,9
Rnh1,3478,755,198,57,298,90,113,79,78
Hras,1442,219,75,34,152,49,45,32,31
Lrrc56,56,5,0,1,2,1,3,1,1
Lmntd2,0,0,0,0,0,0,0,0,0
Rassf7,7,0,1,2,1,1,0,1,0
Phrf1,481,70,21,12,32,17,19,13,21
Irf7,225,184,55,10,63,8,20,8,8
Sct,1,0,0,0,1,1,0,1,1
Drd4,44,5,0,0,2,1,2,0,0
Deaf1,346,29,5,5,24,9,13,10,10
Tmem80,193,40,14,1,18,9,14,6,7
Eps8l2,0,0,0,1,0,0,0,0,0
Taldo1,2099,287,115,61,173,69,67,66,64
Gatd1,952,89,25,10,59,27,26,14,17
Cend1,4,0,0,1,0,0,0,0,0
Slc25a22,183,27,6,2,15,7,7,7,5
Pidd1,15,1,1,0,4,0,0,0,2
Rplp2,37348,7864,2340,556,2776,877,1015,657,898
Pnpla2,759,42,12,3,24,18,20,7,14
Cracr2b,4,1,1,0,0,4,1,1,0
Cd151,662,134,43,31,71,36,35,22,16
Polr2l,493,291,92,37,149,44,31,48,49
Tspan4,3192,677,208,41,207,104,101,71,73
Chid1,577,92,19,9,49,17,23,17,9
Ap2a2,2630,376,88,29,183,59,62,41,41
Muc6,4,0,0,0,0,0,1,1,0
Muc2,5,3,2,0,2,1,0,0,0
Tollip,724,87,38,15,43,23,27,21,19
Brsk2,3,1,0,0,0,3,1,0,0
Mob2,686,63,31,8,52,24,19,15,15
Dusp8,302,112,29,4,47,28,44,13,25
Ifitm10,15,2,0,0,3,1,0,0,2
Ctsd,7364,857,249,72,366,186,163,92,105
Syt8,0,0,0,0,0,0,0,0,0
Tnni2,11,0,1,2,3,3,0,1,1
Lsp1,2560,190,88,32,252,67,88,46,60
Tnnt3,47,4,1,2,14,0,6,1,0
Mrpl23,2776,430,112,38,224,64,77,47,63
H19,1055,11,0,15,87,202,56,0,0
Igf2,1,0,0,0,0,1,3,3,2
Ascl2,5,0,0,0,2,0,0,0,0
Tspan32,10,1,0,0,1,1,0,1,0
Cd81,15606,1701,523,232,1113,473,580,277,335
Tssc4,648,79,25,10,64,21,28,22,22
Kcnq1,1,0,0,0,0,0,0,0,0
Kcnq1ot1,5150,649,182,48,348,111,191,111,93
Cdkn1c,4116,252,81,45,254,110,100,59,75
Slc22a18,107,10,7,1,9,6,3,0,1
Phlda2,1,1,0,0,1,0,0,2,1
Nap1l4,1221,116,33,21,81,33,32,25,29
Cars,533,100,28,12,46,21,26,11,11
Tnfrsf26,426,38,16,0,10,6,2,2,3
E230032D23Rik,44,4,2,0,2,0,2,0,0
Tnfrsf22,36,1,2,1,3,1,0,0,4
Tnfrsf23,499,68,25,13,40,6,12,3,10
Osbpl5,720,58,28,3,46,17,20,9,10
Mrgprg,5,6,0,0,59,2,0,31,27
Mrgpre,64,8,2,1,0,2,10,1,2
Nadsyn1,51,3,1,0,2,2,2,1,0
Dhcr7,157,22,4,2,19,4,6,6,4
Shank2,17,1,0,1,1,1,2,0,1
Cttn,2107,263,91,21,101,56,48,29,30
Ppfia1,854,126,33,9,73,34,31,21,22
Faddos,0,0,1,0,0,0,0,0,0
Fadd,203,25,9,0,12,3,7,5,4
Ano1,53,1,0,0,2,1,1,0,0
Gm26793,1,0,0,0,0,0,0,1,1
Fgf15,3,1,0,0,0,0,0,0,0
Bc1,5,10,1,1,5,5,7,1,0
Oraov1,223,29,14,1,14,7,3,4,1
Ccnd1,892,153,58,47,71,55,21,20,35
Tpcn2,292,11,7,2,14,4,8,2,3
1810010D01Rik,2,0,1,0,1,0,0,0,0
Mrgprf,373,90,30,10,58,17,36,7,22
Mrgprd,2,4,0,0,0,2,2,2,0
H60c,0,0,0,0,0,0,0,0,0
Ppp1r14c,14,0,3,2,5,12,2,4,2
Iyd,6,1,0,0,0,0,0,0,0
Plekhg1,414,33,6,3,23,14,12,9,6
Mthfd1l,196,21,5,0,5,2,4,2,2
Akap12,1818,215,50,5,128,51,34,14,25
Zbtb2,180,67,22,5,51,24,24,7,13
Gm21781,27,9,2,1,4,0,1,2,0
Rmnd1,206,23,8,3,29,5,15,6,3
Armt1,319,23,5,3,11,7,9,2,6
Ccdc170,32,6,0,0,5,0,0,1,1
Esr1,1525,152,32,5,76,18,28,22,22
Syne1,1064,65,27,18,54,42,32,14,29
Gm10097,2,1,0,0,2,1,0,0,3
Myct1,0,0,0,0,0,0,0,0,0
Fbxo5,64,2,3,5,5,2,13,2,4
Mtrf1l,217,26,7,6,20,6,9,6,6
Rgs17,3,6,5,4,4,0,3,0,0
Ipcef1,0,0,0,0,0,0,0,0,0
Cnksr3,232,29,4,5,27,8,12,6,5
Ulbp1,69,1,0,3,3,5,1,2,0
Lrp11,35,19,2,0,1,2,1,0,2
Pcmt1,1472,183,79,27,141,49,50,52,39
Nup43,168,16,9,4,6,3,5,6,4
Lats1,837,85,27,24,66,20,34,17,9
Katna1,558,141,39,15,71,26,34,21,19
Ginm1,2083,265,91,29,147,48,73,43,53
B430219N15Rik,9,4,0,0,0,0,0,0,0
Ppil4,835,74,27,9,41,23,16,12,26
Zc3h12d,1,0,0,0,0,1,0,0,0
Tab2,1763,178,74,16,104,53,59,19,35
Gm48614,0,0,0,0,0,0,0,0,0
Gm30906,4,0,0,0,1,0,0,0,0
Ust,572,96,17,3,58,13,15,8,14
Sash1,4021,481,133,25,240,77,105,37,75
Gm26674,3,1,0,0,0,0,0,0,0
Samd5,105,2,1,0,5,2,2,1,1
Stxbp5,833,99,36,5,55,23,22,21,28
Gm46210,3,0,0,0,1,0,0,0,0
Adgb,0,1,0,0,0,0,0,0,0
Rab32,368,37,13,5,22,2,7,8,10
Shprh,370,28,8,3,20,12,10,9,7
Fbxo30,534,254,81,21,140,45,61,30,20
Epm2a,69,4,3,1,4,1,1,1,1
Utrn,1275,143,41,22,105,43,55,29,18
B230208H11Rik,26,9,1,1,8,2,1,4,0
Stx11,299,120,33,11,60,33,41,8,11
Sf3b5,2941,420,145,45,197,86,72,52,69
Plagl1,517,155,42,13,149,43,42,12,10
Ltv1,565,68,23,4,45,11,21,12,12
Phactr2,784,91,25,7,65,25,36,10,20
Fuca2,277,17,8,4,20,8,14,5,6
Pex3,367,43,9,5,31,14,19,6,9
Adat2,92,11,7,1,4,1,0,1,1
Aig1,788,56,25,12,55,27,29,21,26
Hivep2,1016,427,176,38,250,70,154,63,58
Gm26835,1,0,3,0,0,0,1,0,0
Gm48843,2,0,0,0,0,0,0,0,1
Adgrg6,24,12,1,4,18,9,2,4,1
Gm46212,0,0,1,0,0,0,0,0,0
Vta1,758,84,23,15,68,17,22,17,14
Gm47761,0,2,0,0,1,0,0,2,0
Gm47769,0,0,0,0,0,0,0,0,0
Cited2,1006,204,92,16,205,26,39,44,90
Gm20655,4,0,0,0,0,0,0,0,0
Txlnb,3,1,0,0,0,0,0,0,0
Heca,761,119,45,24,62,23,34,22,17
Abracl,3625,414,131,54,287,93,57,70,81
Reps1,520,61,16,7,31,20,19,8,9
Ect2l,1,0,0,0,0,0,0,0,0
Ccdc28a,92,10,3,3,13,1,3,2,6
Gm10827,27,3,1,0,6,2,1,0,0
Nhsl1,372,63,21,6,39,10,12,6,11
Hebp2,228,38,13,4,50,5,14,14,12
Arfgef3,183,13,3,1,7,6,1,3,2
Perp,9,0,5,1,5,3,1,1,3
Tnfaip3,2363,592,234,49,192,65,83,31,67
Gm48545,0,0,0,1,0,0,0,0,0
Gm20139,0,1,0,0,0,0,0,0,0
Gm33104,1,0,0,0,0,0,0,0,0
Ifngr1,4648,574,180,17,238,83,106,52,75
Il22ra2,11,3,1,0,0,0,1,0,0
Il20ra,5,0,0,0,0,0,0,0,0
AC153891.1,0,0,0,0,0,0,0,0,0
Slc35d3,2,1,0,0,1,1,0,1,0
Pex7,493,50,27,5,33,14,21,12,20
Map3k5,87,21,12,1,18,6,9,2,2
Map7,186,4,5,2,8,5,5,1,1
4933406P04Rik,14,0,1,0,0,0,0,0,0
Bclaf1,3102,472,155,43,230,59,135,42,73
Mtfr2,9,8,5,3,7,8,7,4,2
Pde7b,69,1,3,4,7,4,4,0,0
Ahi1,302,35,11,10,31,12,14,12,12
Myb,0,0,0,0,1,0,4,0,0
Gm26577,0,0,0,0,0,0,0,0,0
Hbs1l,686,84,29,10,51,21,22,16,9
Aldh8a1,3,0,0,0,1,0,0,0,0
Sgk1,3539,1030,353,78,553,161,231,106,140
4930444G20Rik,1,0,0,1,0,0,0,0,0
E030030I06Rik,28,9,1,1,4,0,1,0,2
Raet1e,0,1,0,0,0,0,0,0,0
H60b,0,0,0,0,0,0,0,0,0
Gm26740,1,0,0,0,0,0,0,0,2
Raet1d,5,1,1,0,3,0,1,0,0
Slc2a12,61,9,1,2,7,1,2,0,2
Tbpl1,473,125,46,30,89,28,35,24,24
Eya4,177,49,7,5,28,3,13,9,14
Rps12,79614,13623,4096,767,4225,1389,1827,943,1351
Slc18b1,200,22,5,3,9,7,8,6,7
Vnn3,1,0,0,0,0,0,0,0,0
Vnn1,7,0,0,0,1,0,2,0,0
Stx7,722,102,32,22,71,27,29,17,14
Moxd1,32,2,0,6,1,7,3,1,0
Gm15271,6,0,0,0,0,0,0,0,0
Ctgf,1482,199,70,23,104,64,54,45,26
Enpp1,149,12,3,2,19,13,6,1,1
Enpp3,229,40,17,2,11,3,14,4,6
Med23,262,40,11,4,15,8,7,5,5
Arg1,25,2,2,0,1,0,0,4,1
Akap7,213,25,4,4,14,5,7,6,7
Gm40617,4,0,0,0,0,0,1,0,0
Epb41l2,3076,353,131,28,213,85,83,54,44
Gm47939,0,0,0,0,2,0,0,1,0
Tmem200a,31,5,1,0,3,1,0,6,1
Samd3,0,0,0,0,0,0,0,0,0
L3mbtl3,669,29,13,7,38,11,9,8,7
Arhgap18,406,48,18,2,20,11,8,9,10
Lama2,3507,243,42,31,251,100,114,82,91
Ptprk,198,11,4,5,15,6,6,3,1
Themis,10,0,0,0,2,1,3,0,0
Soga3,4,0,0,1,0,3,4,8,4
9330159F19Rik,201,22,4,1,3,6,2,1,1
Gm46218,14,1,0,0,0,0,1,0,1
Echdc1,164,19,7,1,12,4,9,6,9
Rnf146,734,71,28,10,46,37,16,20,18
Rspo3,295,30,7,75,114,104,167,84,154
Cenpw,161,33,24,22,46,22,8,10,6
Trmt11,221,18,6,2,17,3,3,5,7
Gm20300,95,21,3,3,3,1,2,4,2
Hint3,379,49,16,10,23,5,8,4,8
Ncoa7,564,130,28,31,95,29,46,98,34
Hey2,26,2,0,2,11,11,4,3,6
Hddc2,588,67,20,7,46,19,13,12,9
Tpd52l1,17,2,1,5,9,12,1,12,2
Rnf217,671,129,32,15,65,26,24,8,15
Nkain2,2,0,0,0,1,2,0,0,2
Trdn,0,1,0,0,0,0,0,0,0
Clvs2,3,0,0,0,0,0,0,0,0
Zufsp,452,56,18,2,24,11,11,5,10
Rwdd1,2790,359,123,32,262,80,75,70,70
Gm48045,12,0,1,0,1,0,2,0,0
Trappc3l,1,0,0,0,0,0,0,0,0
Fam26e,215,14,5,1,12,4,8,1,1
Fam26f,34,8,3,0,6,2,0,1,1
Dse,1801,274,87,12,128,40,48,18,32
Tspyl1,930,110,27,13,75,23,30,34,26
Nt5dc1,227,23,5,1,16,5,10,5,3
Gm47512,23,1,1,0,2,0,1,0,0
Tspyl4,137,11,3,1,4,8,2,2,8
Frk,259,18,5,2,9,5,4,2,3
Amd2,135,89,34,17,86,27,37,22,17
Hs3st5,15,2,1,0,0,1,1,0,0
Hdac2,1384,172,77,25,88,48,43,34,25
Marcks,15723,1518,526,120,1152,516,427,201,297
Gm26535,1,0,0,0,0,0,0,0,0
Gm31378,57,23,4,0,16,2,3,7,4
Rfpl4b,4,0,0,0,0,0,0,0,1
Lama4,3352,311,94,17,193,96,93,43,43
Fam229b,112,13,0,2,10,0,3,0,3
Tube1,37,4,5,2,6,3,2,2,2
Wisp3,1,1,1,0,0,0,0,0,0
D030034A15Rik,2,0,1,0,0,0,0,0,0
Fyn,3218,347,152,24,206,49,52,47,51
Gm16364,6,1,0,0,0,0,1,1,0
Gm16365,113,13,7,1,6,2,4,1,1
Traf3ip2,423,54,27,0,21,3,7,6,11
E130307A14Rik,248,20,4,1,14,6,3,2,2
Rev3l,1902,187,53,20,107,38,63,27,31
Mfsd4b4,53,5,4,1,5,2,2,6,1
Mfsd4b3,36,5,4,0,1,1,2,0,0
Mfsd4b5,5,1,1,0,3,0,0,2,1
Mfsd4b1,13,1,0,0,2,0,0,2,0
Slc16a10,374,76,32,9,44,7,12,7,21
Gm47598,1,0,0,0,0,0,0,1,0
Rpf2,445,43,9,6,13,3,6,6,8
Gtf3c6,719,106,40,10,49,23,17,18,19
A930033M14Rik,1,0,0,0,0,0,0,0,0
Amd1,298,96,37,8,50,20,21,17,25
Cdk19,411,42,15,6,32,16,13,7,11
Cdk19os,3,0,0,0,0,0,0,0,0
Ddo,28,0,1,0,1,0,0,0,0
Mettl24,690,46,16,0,31,20,12,5,13
Cdc40,1015,91,29,15,56,30,18,19,20
Wasf1,171,8,3,3,12,3,1,0,5
Fig4,289,23,10,1,17,5,4,7,3
Ak9,3,0,0,0,0,0,0,0,0
Zbtb24,270,20,8,2,16,3,3,5,3
Mical1,1030,51,18,2,36,15,17,9,12
Smpd2,558,52,15,8,30,8,15,11,7
Ppil6,54,0,2,0,0,0,0,0,1
Cd164,3580,478,161,31,263,71,105,68,62
Ccdc162,22,4,1,0,1,0,0,2,0
Gm17196,15,4,1,2,9,0,0,0,0
Cep57l1,113,18,7,8,10,8,8,12,14
Sesn1,738,40,12,6,29,12,8,14,10
Armc2,45,2,1,0,5,2,1,0,0
Foxo3,845,136,49,10,78,43,42,20,23
Afg1l,66,15,0,0,3,3,3,2,4
Snx3,3090,495,156,75,370,115,139,103,111
Ostm1,518,49,16,4,38,11,12,4,9
Sec63,2105,286,89,28,178,45,72,47,44
Gm26860,3,0,0,0,0,0,0,0,0
Scml4,18,3,1,1,5,2,1,2,1
Gm34006,11,0,0,1,1,2,0,1,2
Gm48671,0,0,0,0,0,0,0,0,0
Sobp,458,59,11,26,53,15,17,53,22
Gm47815,0,0,0,0,0,0,0,1,0
9030612E09Rik,26,7,0,0,4,2,1,0,4
Pdss2,128,18,5,1,13,5,3,3,3
Bend3,52,17,5,3,16,1,9,1,4
Gm47889,0,0,0,1,1,1,0,0,0
Gm9803,36,6,1,3,3,4,2,1,1
1700021F05Rik,513,49,18,16,35,14,18,7,9
Cd24a,73,5,0,104,171,10,28,33,18
F930017D23Rik,0,0,0,0,0,0,0,0,0
Qrsl1,152,8,4,1,6,3,2,0,3
Rtn4ip1,48,5,3,1,7,1,1,0,4
Crybg1,5,1,5,0,2,0,1,0,1
Atg5,804,78,21,11,54,25,20,18,13
Prdm1,145,17,12,27,59,34,18,41,45
Gm48065,2,1,1,0,0,4,0,0,2
Gm35154,0,0,0,0,0,0,0,0,0
Gm48066,0,0,0,0,0,0,0,0,0
Gm47389,0,0,0,0,0,0,0,0,0
Gm47398,0,0,0,0,0,0,0,0,0
Prep,394,42,23,3,29,12,12,10,10
Popdc3,2,0,0,1,1,1,0,0,0
Bves,5,1,0,0,1,0,3,0,0
Hace1,265,27,12,2,12,9,6,5,10
D030045P18Rik,183,31,4,1,2,2,9,0,2
Grik2,12,0,1,0,0,6,1,1,0
Ascc3,913,186,54,27,117,32,55,23,32
Sim1,44,5,0,0,2,3,0,1,0
Gm49339,0,0,0,0,0,0,0,0,0
Lilr4b,5,2,7,2,3,3,1,0,0
Gm40645,0,0,0,0,0,0,0,0,0
Lilrb4a,3,3,4,1,1,0,0,0,0
Gm46224,0,0,1,0,1,0,0,0,0
Vgll2,0,0,0,1,0,0,0,0,1
Dcbld1,81,4,2,3,4,4,1,4,4
Gopc,517,54,15,4,20,17,13,19,16
Nus1,1304,163,50,18,60,27,28,17,20
Slc35f1,21,0,0,4,3,10,6,4,0
Cep85l,294,34,26,6,25,9,22,17,9
Gm20597,1,1,0,0,0,0,0,0,0
Mcm9,163,21,7,1,13,4,7,3,0
Gm47738,1,1,0,0,0,0,0,1,0
Asf1a,558,53,20,13,47,18,24,18,22
Fam184a,29,5,2,1,4,4,3,3,5
Man1a,8206,1313,493,37,496,132,320,73,128
Gm47917,2,3,1,0,1,0,0,0,1
Tbc1d32,132,14,6,1,7,3,3,2,6
Msl3l2,204,24,6,3,7,2,1,5,3
Gja1,9132,1255,481,72,652,159,264,95,172
Gm36595,4,2,0,0,0,0,0,1,0
Hsf2,386,47,27,9,43,15,26,12,17
Serinc1,6211,640,216,58,304,129,141,73,81
Pkib,3,1,8,0,0,1,0,0,0
Fabp7,28,0,0,0,0,11,0,0,0
Smpdl3a,1539,128,25,16,108,49,67,39,31
Gcc2,790,67,26,12,54,15,19,8,13
Lims1,1552,181,59,16,110,45,51,37,36
Ranbp2,1393,288,97,24,149,37,49,43,40
Ccdc138,105,40,13,4,20,10,9,3,3
Edar,0,0,0,0,0,0,0,0,0
Sh3rf3,96,18,5,0,5,2,2,2,4
Sept10,436,54,22,2,22,21,15,11,10
Sowahc,578,269,50,12,97,33,26,8,20
P4ha1,1573,266,95,38,259,75,101,51,63
Gm10273,9,6,3,1,4,0,1,0,2
Oit3,4,0,0,0,0,0,0,0,0
Mcu,520,73,28,3,42,16,30,8,9
Micu1,698,82,18,8,79,18,21,17,19
Gm17059,4,1,0,0,0,0,0,0,0
Dnajb12,327,59,21,8,34,12,12,10,4
Ddit4,556,229,84,13,34,8,29,11,10
Anapc16,1618,212,61,25,127,42,60,28,34
Ascc1,372,63,21,6,27,5,17,9,10
Spock2,1018,61,20,3,30,10,23,1,7
Chst3,16,1,0,2,0,1,3,0,0
Psap,27911,2638,791,191,1543,534,653,258,340
Cdh23,6,1,0,0,0,0,0,0,0
Vsir,490,42,20,4,14,4,12,10,5
Gm17455,48,3,2,0,1,0,1,1,1
Slc29a3,1021,74,25,8,46,6,16,16,14
Unc5b,129,25,3,15,26,12,2,3,6
Gm26947,0,0,1,0,0,0,0,0,0
Pcbd1,184,11,4,0,14,5,14,1,3
Sgpl1,1397,157,50,15,106,33,48,22,31
Tbata,12,2,1,0,5,0,0,3,0
Adamts14,278,11,4,3,25,3,12,3,5
Prf1,0,0,0,0,0,0,1,0,1
Pald1,68,5,3,3,8,3,3,2,1
Eif4ebp2,1755,184,68,12,64,26,39,19,28
D830039M14Rik,2,0,0,0,0,0,0,0,0
Lrrc20,160,16,6,2,11,0,2,3,2
Gm47595,41,5,4,0,0,0,0,1,2
Npffr1,3,1,0,0,0,0,0,0,0
Ppa1,2131,553,186,41,260,52,91,54,63
Sar1a,6265,831,215,68,471,147,203,100,130
Tysnd1,321,47,15,4,23,4,7,5,3
Aifm2,205,23,9,4,24,5,11,3,3
H2afy2,390,34,9,15,41,11,12,4,10
Col13a1,57,0,1,12,14,5,5,11,4
Fam241b,5,0,0,0,3,2,3,1,3
Tspan15,37,3,5,10,5,21,5,7,5
Hk1,497,61,17,5,34,13,17,9,17
Hk1os,30,1,1,0,1,2,1,0,3
Hkdc1,1,0,0,0,0,1,0,0,0
Supv3l1,165,18,10,2,8,5,4,2,3
4930507D05Rik,1,2,0,0,1,0,0,0,0
Vps26a,857,122,64,9,69,24,28,18,18
Srgn,297,69,66,14,53,31,40,19,22
Kif1bp,451,50,19,7,24,15,12,4,16
4933428P19Rik,1,0,0,0,1,0,0,0,0
Ddx21,954,287,94,31,138,52,67,35,43
Ddx50,2820,382,103,55,238,92,136,88,93
Stox1,1,0,0,0,0,0,0,0,0
Ccar1,1980,257,94,41,150,73,53,30,34
Tet1,218,10,2,3,9,9,5,5,8
Slc25a16,546,39,19,3,16,5,5,2,8
Dna2,46,2,1,2,2,2,2,1,1
Rufy2,426,33,14,0,27,14,6,9,8
Hnrnph3,651,150,40,29,78,41,50,31,13
Pbld2,6,1,0,0,0,0,1,0,0
Pbld1,6,8,3,22,13,5,9,105,215
Mypn,0,0,0,0,0,0,0,0,0
Herc4,611,72,21,2,53,23,15,15,16
Gm26789,9,1,4,0,3,2,0,1,0
Sirt1,426,214,46,21,152,41,69,19,26
Dnajc12,92,12,6,4,7,3,6,1,2
Ctnna3,0,0,0,0,0,0,0,0,0
Lrrtm3,104,6,1,1,7,5,3,6,5
Gm47903,3,1,0,0,0,0,0,0,1
1110002J07Rik,4,0,3,1,0,0,0,0,0
Gm26576,2,0,0,0,0,0,0,0,0
Gm31763,9,3,0,0,1,0,2,0,0
Reep3,6081,591,187,69,293,128,137,77,122
Jmjd1c,2421,735,202,82,267,103,161,69,87
Nrbf2,814,84,36,7,52,18,21,15,19
Gm32255,1,0,0,0,0,1,0,0,0
Egr2,335,161,26,24,113,34,52,23,38
Ado,556,47,15,6,45,21,15,19,12
Zfp365,21,8,3,1,4,0,0,0,3
Rtkn2,4,0,1,1,0,0,0,0,0
Arid5b,2218,501,175,51,252,72,111,48,92
Cabcoco1,7,3,0,0,0,0,1,0,0
Tmem26,411,35,15,3,19,4,5,3,2
Rhobtb1,100,8,2,0,6,2,0,1,0
A930033H14Rik,15,1,0,0,2,0,0,0,0
Cdk1,213,12,13,26,25,36,9,0,2
Ank3,182,3,4,5,12,50,14,24,3
Ccdc6,1104,120,38,12,80,31,28,20,28
Mrln,3,0,0,0,1,0,0,0,0
Slc16a9,41,12,2,0,17,3,1,3,1
Fam13c,226,51,5,2,20,6,4,6,5
Phyhipl,5,2,1,0,1,0,0,0,0
Gm48022,0,3,0,0,0,0,0,0,0
Gm48024,1,12,6,0,3,1,1,0,0
4930533K18Rik,1,0,0,0,1,1,0,0,0
Bicc1,5183,673,174,26,237,85,149,65,60
Tfam,415,46,22,3,38,14,16,12,9
Ube2d1,691,54,17,7,35,18,19,13,8
Cisd1,1148,154,46,21,83,31,26,21,33
Ipmk,430,95,43,12,63,13,36,8,22
Zwint,998,144,60,25,82,31,45,51,27
Pcdh15,3,0,0,0,4,0,0,0,0
Gnaz,13,2,0,1,4,1,2,1,1
Rab36,70,4,2,1,3,4,3,3,1
Bcr,214,38,15,4,28,10,11,9,13
Specc1l,643,82,13,12,55,15,23,14,8
Adora2a,12,4,2,1,6,0,1,1,1
Gucd1,256,17,5,3,21,7,6,6,5
Upb1,0,0,0,0,0,0,0,0,0
Snrpd3,1877,339,125,50,173,63,53,51,55
Lrrc75b,8,1,0,0,2,0,0,0,1
Ggt1,0,0,0,0,0,0,0,0,0
Ggt5,773,244,65,1,99,14,31,38,18
Susd2,226,11,5,6,17,4,13,5,3
Cabin1,460,54,8,7,36,12,20,12,15
Ddt,1566,245,75,20,118,28,42,20,22
Gstt3,433,41,14,1,24,7,6,5,11
Gstt1,1186,323,79,12,98,35,56,26,24
Gstt4,15,2,1,0,0,0,0,0,0
Gstt2,392,72,12,1,17,5,6,6,10
Mif,8706,1480,388,179,696,155,136,131,191
Derl3,7,1,13,0,1,0,0,0,0
Smarcb1,1713,178,44,17,112,38,42,24,30
Mmp11,1632,109,21,7,121,35,45,16,16
Chchd10,729,47,7,1,19,4,17,12,11
Gm867,16,3,0,0,6,0,0,0,0
Vpreb3,3,0,0,0,0,0,27,1,0
Zfp280b,101,7,3,1,4,1,5,2,1
Gm16222,4,2,1,0,0,0,0,0,1
Prmt2,296,35,11,5,34,16,13,18,11
S100b,104,8,3,6,25,39,45,14,19
Dip2a,427,52,13,5,32,8,12,3,10
Pcnt,299,32,13,3,27,7,11,3,6
Ybey,105,11,2,1,6,1,0,5,4
Mcm3ap,348,34,8,3,20,10,11,3,4
Lss,90,8,3,3,9,1,1,1,3
Col6a2,14577,1244,272,202,1448,620,566,267,329
Col6a1,23190,1834,404,287,2186,940,909,343,490
Gm48276,3,0,0,0,0,0,0,0,1
Pcbp3,121,16,10,6,10,4,6,3,8
Slc19a1,219,21,8,2,13,4,5,5,3
Col18a1,2003,121,57,58,102,191,114,23,43
Pofut2,2327,274,74,47,232,75,101,45,58
Adarb1,484,99,21,4,35,7,12,9,10
Fam207a,517,42,19,9,28,15,14,9,10
2810425M01Rik,2,0,0,0,1,0,0,0,0
Itgb2,7,4,10,1,2,3,2,2,1
Pttg1ip,3769,397,152,42,273,90,133,72,75
Sumo3,2520,361,114,31,199,76,84,48,55
Ube2g2,1321,142,34,15,88,24,46,33,20
Tspear,0,0,0,0,0,0,0,0,0
Lrrc3,17,2,0,0,0,1,0,0,1
Trpm2,0,0,0,0,0,0,0,0,1
1810043G02Rik,267,43,8,5,20,12,9,8,6
Pfkl,553,52,17,23,61,15,21,6,5
Aire,0,0,0,0,0,0,0,0,0
Dnmt3l,136,31,10,0,6,0,0,2,2
Icosl,320,35,14,1,36,11,20,4,15
Gm47922,0,0,0,0,0,0,0,0,0
D10Jhu81e,628,74,18,4,32,9,17,13,11
Pwp2,164,16,3,2,6,3,2,6,5
Trappc10,505,71,32,9,39,11,14,10,13
Gm30122,56,6,0,1,3,2,6,1,0
Agpat3,1308,219,46,12,104,31,44,36,23
Rrp1,1802,207,75,27,117,50,42,35,35
Cstb,3534,1106,409,55,535,113,163,68,77
4921516A02Rik,2,4,1,0,0,0,2,0,0
Pdxk,301,79,21,4,33,9,26,9,1
Ilvbl,369,54,24,12,28,18,15,8,1
Syde1,704,76,16,3,44,23,13,6,8
Casp14,0,0,0,0,0,0,0,0,0
Slc1a6,13,1,0,0,1,2,4,0,0
Olfr1356,0,1,0,0,0,0,0,0,3
Olfr57,0,0,0,0,0,0,0,1,0
2610008E11Rik,339,17,3,5,19,5,7,10,8
Gm47015,2,0,0,0,0,0,0,0,0
Plpp2,93,23,3,1,12,5,8,7,5
Mier2,195,13,9,0,12,4,8,4,5
C2cd4c,43,7,0,0,0,0,1,1,4
Shc2,805,105,34,3,40,10,17,7,17
Tpgs1,743,86,22,24,57,19,12,16,14
Cdc34,406,86,43,6,45,11,13,11,12
Gzmm,6,11,7,0,9,0,4,3,5
Bsg,11282,1421,404,219,1023,351,406,216,260
Hcn2,12,3,0,0,2,2,2,0,0
Polrmt,136,16,2,3,5,2,3,2,6
Fgf22,0,1,1,1,0,0,1,1,0
Rnf126,678,93,32,15,54,27,31,17,10
Fstl3,842,92,26,15,49,28,25,24,23
Prss57,17,1,1,0,2,1,3,0,1
Palm,1000,135,29,13,101,27,34,24,16
Misp,10,3,0,0,1,0,0,0,0
Ptbp1,2618,477,147,50,332,94,153,66,50
Plppr3,70,7,6,5,12,7,2,7,7
Gm17134,0,0,0,0,0,0,0,0,0
Prtn3,30,10,6,2,5,3,7,1,3
Elane,2,0,0,0,1,1,1,1,0
Cfd,2727,5,0,0,3,0,0,0,0
Med16,426,60,18,6,33,13,14,9,7
R3hdm4,1685,178,61,29,114,50,77,38,51
Gm26602,1,0,0,0,0,0,0,0,0
Kiss1r,22,2,0,1,1,2,0,2,0
Arid3a,234,20,3,7,20,4,13,5,7
Wdr18,502,88,30,8,29,20,10,9,15
Grin3b,3,0,0,0,0,0,1,0,0
Tmem259,1377,145,38,12,103,31,38,22,29
Cnn2,1155,97,18,49,103,35,29,25,27
Abca7,152,29,4,3,10,6,10,5,3
Arhgap45,6,1,2,1,4,0,2,1,1
Polr2e,1744,229,67,30,114,39,35,36,34
Gpx4,7878,1280,383,180,740,226,270,190,185
Sbno2,3041,1185,335,66,394,126,244,85,141
Stk11,1052,143,36,17,111,31,41,24,18
Cbarp,46,8,2,1,10,2,5,1,2
Atp5d,6817,917,272,126,465,157,209,127,156
Midn,1020,604,200,55,357,62,131,47,56
Cirbp,2096,91,34,25,102,33,37,37,46
1600002K03Rik,402,75,25,2,31,6,11,6,11
Efna2,153,37,9,7,31,15,19,12,16
Mum1,511,51,17,7,46,15,12,10,8
Ndufs7,2081,345,113,35,180,62,72,63,49
Gamt,329,53,17,19,60,22,26,14,8
Dazap1,1642,220,78,26,120,50,53,34,33
Rps15,34510,6161,1853,200,1039,465,552,231,396
Apc2,16,0,1,1,2,1,2,3,0
2310011J03Rik,924,94,29,11,55,12,20,11,12
Pcsk4,5,2,0,0,1,0,0,0,2
Reep6,7,0,0,0,1,0,0,1,0
Adamtsl5,1300,132,34,8,59,31,23,17,33
Plk5,12,0,0,3,4,5,8,3,0
Mex3d,504,75,19,23,47,27,27,22,19
Mbd3,1867,235,87,44,147,58,54,33,42
Uqcr11,4488,884,289,75,428,155,158,92,118
Tcf3,1039,102,26,27,75,17,43,24,20
Atp8b3,0,1,0,0,3,1,1,1,0
Rexo1,432,73,19,14,59,10,26,8,7
Klf16,162,39,21,10,49,9,23,11,6
Gm26710,6,0,0,1,0,1,1,5,0
Abhd17a,1427,208,56,24,111,42,31,37,23
Scamp4,4,2,0,0,0,0,0,0,0
Gm49322,3,6,1,0,7,2,6,2,4
Csnk1g2,1272,148,30,19,92,39,41,31,27
Btbd2,486,50,22,12,55,25,12,18,22
Mknk2,683,228,93,24,209,44,82,29,33
Gm26541,9,0,1,2,2,2,2,0,1
Mob3a,201,29,9,7,21,4,11,7,8
Izumo4,225,27,6,3,20,6,4,4,5
Ap3d1,729,85,32,8,48,19,22,9,14
Dot1l,602,225,70,25,87,47,51,17,21
Plekhj1,1072,202,43,20,113,40,46,24,31
Sf3a2,426,75,30,11,51,6,21,17,14
Amh,1,0,0,0,0,0,0,1,0
Jsrp1,7,2,0,1,0,0,1,2,3
Oaz1,15281,2419,721,443,1895,587,667,519,509
Lsm7,1579,226,81,39,144,39,45,47,50
Sppl2b,440,35,10,5,27,11,12,8,10
Tmprss9,0,0,0,0,2,0,1,0,2
Timm13,4033,691,197,91,360,108,106,87,98
Lmnb2,135,21,5,4,16,6,4,23,2
Gadd45b,3445,1516,469,178,711,215,373,217,140
Gng7,115,11,8,2,15,6,6,3,3
Slc39a3,425,48,10,3,27,11,15,6,5
Sgta,1782,196,60,28,109,35,49,38,23
Thop1,368,65,17,4,19,9,7,7,6
Creb3l3,684,64,3,4,31,6,14,3,9
Map2k2,2239,350,89,53,184,61,74,47,48
Zbtb7a,1501,338,97,36,138,47,63,34,40
Pias4,314,42,12,8,28,12,9,9,11
Eef2,24012,3159,948,274,1305,578,697,309,363
Dapk3,741,77,17,8,64,14,18,15,11
Atcayos,12,14,0,2,7,0,11,6,5
Nmrk2,0,1,1,0,0,0,0,0,2
Atcay,0,0,0,0,1,0,0,0,0
Zfr2,119,7,0,2,8,6,4,0,1
Matk,9,1,1,1,3,2,3,1,0
Mrpl54,2095,273,99,24,185,44,41,41,43
Apba3,288,53,9,8,59,6,16,3,7
Tjp3,0,0,0,0,0,0,0,0,1
Pip5k1c,613,69,30,13,47,14,22,10,8
Gm16315,1,0,0,0,0,0,0,0,0
Cactin,256,38,4,5,10,8,8,7,7
Tbxa2r,339,23,2,7,18,15,18,6,4
Gipc3,2,0,0,0,0,0,0,0,0
Hmg20b,1260,162,59,26,128,57,42,17,34
Mfsd12,275,26,15,2,26,5,4,9,3
4930404N11Rik,115,1,0,0,3,1,2,4,2
Fzr1,403,43,14,11,26,19,14,8,2
Dohh,531,80,25,10,47,20,17,17,16
Gm48551,32,1,3,0,0,2,2,0,0
Smim24,51,5,1,1,3,2,2,3,2
Nfic,3130,379,90,50,217,120,144,62,53
Gm16104,4,0,0,0,0,9,0,0,0
Celf5,15,5,3,1,1,3,3,0,1
Gm16105,0,0,0,1,1,0,1,1,0
Ncln,1070,138,44,14,69,20,19,10,13
S1pr4,0,0,0,0,0,2,2,0,0
Gna15,0,1,1,1,1,1,0,1,0
Gna11,1628,203,40,28,143,47,58,38,40
Aes,4552,704,233,76,453,165,210,112,142
Tle2,219,44,8,14,41,27,17,26,17
Tle6,234,31,12,1,13,3,7,5,3
BC025920,13,4,1,0,1,0,0,0,0
Sirt6,103,14,5,2,9,4,3,5,2
Ankrd24,158,20,6,2,6,11,1,6,5
Gm10778,1,0,0,0,0,0,0,0,0
Zfp433,11,2,0,1,2,0,1,1,1
Gm3055,23,0,0,0,0,1,1,0,0
Gm32687,3,1,0,0,1,0,0,0,0
Zfp781,13,2,1,0,1,0,0,0,0
Zfp873,28,1,1,0,1,1,0,1,4
BC024063,30,1,3,0,1,0,1,1,0
AU041133,78,3,2,0,5,3,4,4,3
AC158605.1,2,0,0,0,0,0,0,1,0
Zfp938,228,26,9,5,19,3,10,4,3
Gm4924,58,4,2,0,8,1,4,2,0
1190007I07Rik,181,37,8,2,17,6,10,5,6
Tdg,570,57,18,9,49,16,13,8,10
Glt8d2,1099,88,22,2,47,10,22,10,9
Hcfc2,647,63,20,3,42,20,13,8,8
Nfyb,652,80,42,6,51,14,19,7,14
Txnrd1,1097,525,161,25,228,65,117,61,45
Eid3,56,54,8,2,19,11,10,9,3
Chst11,530,29,11,10,33,11,4,17,16
1700025N21Rik,0,0,0,0,0,0,0,0,0
Slc41a2,457,63,22,8,25,13,15,7,8
Gm40723,2,0,0,0,1,0,0,0,0
D10Wsu102e,544,170,54,5,74,44,43,17,25
Aldh1l2,406,31,2,7,18,6,8,1,7
Washc4,1035,72,47,5,56,18,18,19,31
Appl2,803,61,19,5,49,19,27,8,11
1500009L16Rik,225,44,8,5,35,19,25,11,18
Gm34113,0,0,0,0,0,0,0,0,0
Nuak1,360,53,19,5,36,21,22,5,13
4930463O16Rik,2,1,0,1,0,0,0,0,0
E230014E18Rik,0,0,0,0,0,0,0,0,0
Ckap4,5586,718,180,92,467,198,170,60,96
Platr7,0,0,0,0,0,0,0,0,1
Tcp11l2,966,147,53,17,115,47,47,23,27
Polr3b,169,27,10,1,10,5,2,1,2
Ric8b,309,41,10,4,23,13,9,5,6
Fhl4,7,0,0,0,0,0,0,1,0
Tmem263,2006,199,39,23,142,70,58,25,42
Mterf2,37,8,7,0,3,2,3,4,1
Cry1,488,52,19,11,58,27,33,14,17
Btbd11,189,13,3,3,15,11,8,7,1
Pwp1,338,62,8,8,30,9,7,9,7
Prdm4,251,39,13,7,38,6,14,8,12
Ascl4,0,0,0,0,0,0,0,0,0
Rtcb,1532,172,49,14,64,34,25,30,24
Bpifc,0,0,0,0,0,0,0,0,0
A230060F14Rik,4,0,0,0,0,0,0,0,0
Fbxo7,305,18,6,3,25,13,10,2,8
Syn3,31,8,3,2,7,6,3,4,3
Timp3,6784,627,156,33,407,193,211,144,160
Hsp90b1,12968,2856,849,270,1633,536,495,350,407
Ttc41,9,1,1,0,2,0,0,0,2
Nt5dc3,398,95,38,6,49,22,24,6,11
Gm16268,2,1,1,0,1,0,0,0,0
Stab2,4,1,0,0,0,0,0,1,0
1700113H08Rik,1,0,0,0,0,0,2,0,0
Pah,3,1,0,0,0,0,0,1,0
Igf1,7195,669,107,58,391,295,451,86,79
Parpbp,22,0,0,1,2,1,0,0,0
Nup37,234,36,15,8,19,7,11,11,7
Washc3,1024,151,40,12,94,34,36,19,31
Dram1,1313,274,72,7,123,29,81,36,30
Gnptab,395,47,19,4,33,10,17,4,7
Gm26546,3,0,0,0,0,0,0,0,0
Gm16235,0,0,0,0,0,0,0,0,0
Chpt1,1720,206,68,11,84,29,50,32,43
Sycp3,1,0,0,0,0,0,1,0,0
Mybpc1,0,0,0,0,0,0,0,0,0
Spic,0,0,0,0,0,0,0,0,0
Arl1,5616,582,145,68,348,134,142,88,94
Utp20,307,40,16,2,21,5,6,5,10
Gas2l3,90,16,12,3,18,26,12,8,0
Nr1h4,6,3,4,0,0,0,2,0,0
Slc17a8,6,2,2,0,1,0,1,1,0
Scyl2,325,32,13,6,26,13,12,3,11
Actr6,175,33,9,3,16,7,5,12,8
Uhrf1bp1l,824,124,32,13,51,15,26,14,8
Anks1b,10,1,0,0,2,0,0,0,0
Apaf1,676,101,34,9,58,18,28,13,18
Ikbip,3572,321,87,35,216,76,87,51,72
Slc25a3,9815,1618,501,177,818,263,289,230,239
Tmpo,1150,114,52,25,51,40,29,19,22
Gm26765,0,0,1,0,0,0,0,0,0
Nedd1,333,31,10,4,20,3,7,6,4
Cfap54,0,0,0,0,1,0,0,0,0
Cdk17,238,27,19,7,25,15,12,15,7
Elk3,646,84,28,1,68,25,22,11,12
Gm32688,0,0,0,0,0,0,0,0,0
Gm17745,1,0,0,0,0,0,1,0,0
Lta4h,1619,172,67,7,66,22,34,13,17
Hal,7,3,1,0,0,1,1,0,1
Amdhd1,2,0,0,0,0,0,0,0,0
Ccdc38,0,0,0,0,0,1,0,0,0
Snrpf,3452,805,295,94,428,115,127,104,124
4933408J17Rik,4,0,1,0,1,0,1,0,2
Ntn4,406,33,19,1,24,9,5,14,15
Gm15915,9,1,0,0,1,0,0,0,0
Usp44,0,0,0,0,0,0,0,0,0
Metap2,2563,398,130,44,184,87,75,53,72
Vezt,201,26,8,7,13,12,5,7,4
Fgd6,11,4,2,1,4,0,2,1,1
Nr2c1,263,30,10,0,18,4,1,5,8
Ndufa12,2646,336,127,28,185,59,68,50,53
Tmcc3,161,15,1,3,29,10,13,3,5
Gm48657,1,0,0,0,0,0,0,0,0
Cep83,385,57,10,9,32,26,10,9,13
Plxnc1,14,3,0,0,3,4,2,4,0
Gm29684,1,1,0,0,0,0,0,0,0
Gm33091,4,1,0,0,0,1,0,0,1
Cradd,216,21,15,1,13,2,9,2,3
Gm48882,11,2,0,0,0,0,0,0,0
2310039L15Rik,1,0,0,0,0,0,0,0,0
Socs2,1019,223,34,7,61,31,38,31,30
Mrpl42,1610,277,76,23,116,39,47,20,36
Ube2n,2696,378,119,70,237,75,95,60,55
Nudt4,1666,319,103,27,177,74,86,39,25
1110019B22Rik,0,0,0,0,0,0,0,0,0
Gm47708,4,0,0,0,1,1,0,2,1
4732465J04Rik,0,0,0,0,0,0,0,0,0
Gm47719,0,0,0,0,0,0,0,0,0
Gm47725,3,1,1,0,0,1,0,0,0
Eea1,1191,194,61,20,108,37,46,36,25
Gm5426,6,2,1,0,0,0,0,1,1
4930459C07Rik,0,0,0,0,0,0,0,0,0
Gm48427,23,7,3,0,2,0,0,0,1
Gm33782,3,0,1,0,0,0,0,0,0
Btg1,6112,1879,742,253,1351,331,624,285,293
Dcn,448921,49156,15637,1341,17703,6349,8216,4401,5565
Lum,73773,5463,2135,516,4391,2143,2034,641,1118
Kera,158,0,0,2,10,2,29,7,0
Epyc,3,0,0,0,10,0,1,0,1
Gm5427,1,1,1,0,1,0,0,0,0
Atp2b1,3024,362,154,59,238,92,106,88,69
Poc1b,271,34,14,3,30,13,9,4,9
Galnt4,287,23,5,4,12,5,7,2,3
Gm34574,1,0,0,0,1,0,0,1,0
Dusp6,241,32,13,4,11,26,18,10,9
Gm34921,0,0,0,0,0,0,0,0,0
Gm48089,0,0,0,0,1,1,0,0,1
B530045E10Rik,0,2,1,0,0,0,0,0,0
Gm20110,0,0,0,0,0,1,0,0,0
Gm47578,2,1,0,0,0,0,0,0,0
Csl,2,0,0,0,0,0,0,0,0
Gm35206,0,1,1,0,0,0,0,0,0
Kitl,610,232,112,11,151,76,85,22,17
Tmtc3,497,54,11,1,25,14,15,10,10
Cep290,232,19,6,3,19,11,7,10,4
4930430F08Rik,138,12,7,3,11,3,5,2,4
Mgat4c,1,0,0,0,0,0,2,1,0
Gm47101,14,6,1,3,2,0,2,0,1
Nts,0,0,0,0,8,0,0,0,0
Rassf9,10,1,0,0,1,0,0,0,0
Alx1,0,0,0,0,0,0,0,0,0
Slc6a15,2,0,0,0,0,1,1,0,0
Gm47221,2,0,0,0,0,0,0,0,2
Tmtc2,273,12,1,4,7,10,4,8,3
Mettl25,54,8,2,1,4,3,1,0,2
Ccdc59,1384,231,62,32,105,33,33,43,39
Ppfia2,12,1,0,0,1,1,3,1,0
Acss3,632,49,14,1,21,6,13,5,5
Gm29674,4,1,0,0,0,0,0,0,0
Lin7a,23,2,0,2,1,4,2,2,0
Myf5,1,0,0,0,3,0,0,0,0
Myf6,0,0,0,0,1,0,0,0,0
Otogl,1,0,0,0,0,1,0,0,0
Ppp1r12a,1610,255,85,35,151,65,49,49,42
Pawr,20,2,0,1,4,8,1,1,4
Gm36283,1,0,0,0,0,0,0,0,0
Syt1,5,0,0,1,0,0,0,0,0
Nav3,253,59,18,15,41,17,36,11,11
E2f7,31,6,2,5,6,0,4,0,3
Csrp2,3421,400,187,115,587,241,222,69,64
Zdhhc17,441,41,15,5,26,13,15,4,5
Osbpl8,772,115,32,9,78,35,26,14,15
Bbs10,10,5,1,0,2,0,1,1,0
Gm40761,1,2,0,0,0,1,0,0,0
Nap1l1,4146,794,265,83,356,143,138,85,109
Phlda1,3253,1665,603,76,1051,547,469,201,147
Gm28592,0,1,0,0,0,0,0,1,0
Gm47865,0,0,0,0,0,0,0,0,0
Krr1,358,48,16,8,37,12,10,9,9
Glipr1,49,0,4,1,16,5,1,0,0
Kcnc2,1,2,0,0,0,1,0,0,0
Atxn7l3b,2490,280,76,51,161,106,100,67,87
Trhde,12,1,0,0,2,4,5,2,4
Gm31182,0,1,1,0,0,0,0,0,0
Tbc1d15,864,132,35,17,70,20,35,13,25
Rab21,2061,423,138,49,227,94,112,68,69
Tmem19,700,88,27,12,39,18,20,10,11
Thap2,663,169,42,17,90,34,35,25,27
Zfc3h1,603,268,78,20,149,35,53,21,28
Lgr5,2125,116,18,2,26,8,18,0,1
A930009A15Rik,4,0,0,0,0,0,0,0,0
AC153364.1,2,0,1,0,0,0,0,0,0
Tspan8,31,0,0,0,1,0,0,0,0
Ptprr,11,3,0,0,1,0,1,0,1
Ptprb,11,3,2,2,2,0,0,2,2
Kcnmb4,12,3,1,3,6,9,5,7,5
Kcnmb4os2,1,0,0,0,1,2,0,0,0
Cnot2,875,67,31,8,57,20,18,24,34
Rab3ip,126,25,11,3,11,6,4,8,2
D630029K05Rik,4,1,0,0,1,0,0,0,0
Cct2,3718,563,172,74,252,88,109,92,91
Frs2,685,49,22,7,31,21,14,13,14
Yeats4,679,89,26,9,69,17,30,10,10
Lyz2,42,70,75,22,53,40,36,27,12
Lyz1,0,0,0,0,0,0,0,0,0
Cpsf6,1401,195,60,26,120,45,38,42,30
Gm48903,0,0,0,0,0,0,0,0,0
Gm40770,0,0,0,0,0,0,0,0,0
Cpm,47,4,4,1,0,4,8,0,2
Mdm2,812,332,189,23,150,28,42,32,42
Slc35e3,312,51,13,0,14,9,8,4,6
Nup107,208,30,8,0,17,7,8,3,4
Rap1b,5384,815,265,73,408,127,166,105,134
Gm32552,0,0,0,0,0,0,0,0,0
Gm40773,1,0,0,0,0,0,0,0,0
4933411E08Rik,10,0,0,0,0,0,0,0,0
5330439M10Rik,1,0,0,0,0,0,0,0,0
Mdm1,73,2,9,1,4,4,1,0,2
Il22,1,0,0,0,0,0,1,0,0
Iltifb,0,0,0,0,0,0,0,0,0
Ifng,0,0,0,0,1,1,0,3,0
Ifngas1,0,0,0,0,0,0,0,0,0
Dyrk2,846,92,36,13,63,33,25,21,19
Gm38403,2,1,0,0,2,0,0,0,0
Cand1,1215,150,42,14,75,19,43,23,29
Grip1,4,1,0,0,0,0,0,0,2
Helb,195,53,12,6,26,9,4,4,3
Irak3,987,218,70,5,101,9,27,32,27
Tmbim4,1831,262,74,22,145,52,73,31,41
Llph,2151,292,105,24,143,50,49,51,34
Hmga2,250,130,27,0,5,3,0,7,4
1700006J14Rik,2,0,0,0,0,0,0,0,0
4930471E19Rik,4,4,2,0,0,0,0,0,0
Msrb3,624,80,36,9,43,18,19,9,21
Gm15910,9,2,1,0,1,0,0,0,0
Lemd3,374,41,11,11,26,12,11,10,14
Wif1,442,7,0,64,287,375,260,496,232
Tbc1d30,4,0,0,1,0,0,1,0,0
Gm48435,1,0,0,0,0,0,0,0,0
Gns,6010,749,224,23,251,124,108,60,77
Rassf3,272,22,7,8,23,9,14,7,6
Gm40787,1,0,0,0,0,0,0,0,0
Gm35696,0,0,0,0,1,0,0,0,0
Tbk1,414,91,27,9,44,7,30,12,15
Xpot,923,90,26,11,57,17,16,14,23
BC048403,87,5,1,0,2,1,1,1,0
Srgap1,1273,175,70,10,79,30,32,20,19
Tmem5,1217,147,54,15,116,48,45,25,17
Gm36041,0,5,0,0,1,0,1,0,1
Avpr1a,165,25,5,0,6,0,4,0,5
A130077B15Rik,5,1,2,0,0,2,0,2,1
Ppm1h,122,14,8,3,9,3,1,3,3
Gm36208,1,0,0,0,0,0,0,0,0
Mon2,1415,180,49,15,89,40,50,39,35
Usp15,733,106,42,11,72,27,20,13,26
Fam19a2,4,0,0,0,2,0,0,0,0
Slc16a7,255,20,12,2,12,7,5,5,6
Lrig3,862,78,29,12,65,24,25,16,17
Atp23,135,12,3,2,19,4,4,1,1
Gm49335,17,4,0,0,0,0,0,0,0
Gm47972,4,1,0,0,0,0,0,0,1
Ctdsp2,5350,523,160,45,273,90,120,71,86
Avil,24,10,2,1,6,0,0,3,4
Tsfm,595,65,31,11,54,11,11,9,8
Eef1akmt3,123,13,2,4,17,5,2,3,5
Mettl1,1201,136,39,11,49,23,33,16,18
Cyp27b1,13,2,0,1,1,2,0,0,0
March9,74,3,3,1,3,6,4,3,1
Cdk4,2566,343,108,72,243,94,88,78,82
Tspan31,1785,266,91,28,209,64,76,48,54
A730063M14Rik,58,12,3,1,5,6,4,3,1
Agap2,4,0,0,0,0,2,1,1,1
Os9,2424,354,83,27,142,53,75,30,38
B4galnt1,440,23,11,5,24,12,9,10,10
Slc26a10,21,2,0,0,0,0,0,0,1
Arhgef25,1204,109,29,20,102,50,57,28,35
Dtx3,1514,131,36,28,168,44,64,26,42
F420014N23Rik,23,1,2,0,0,0,0,2,1
Pip4k2c,451,57,18,7,44,18,15,8,21
Kif5a,14,3,3,3,11,1,4,1,1
Dctn2,3099,367,94,63,239,89,107,65,79
Mbd6,325,35,12,10,22,10,18,10,4
Ddit3,771,184,63,31,151,37,79,40,23
Mars,573,62,18,4,33,18,8,5,10
Arhgap9,2,2,3,0,0,1,1,0,0
Gli1,282,9,7,22,70,17,16,29,16
Inhbe,0,0,0,0,0,0,0,0,0
R3hdm2,1000,138,39,18,75,44,43,25,35
Stac3,23,6,1,1,6,3,6,0,1
Ndufa4l2,6977,352,50,84,390,135,172,37,178
Shmt2,678,81,28,10,43,10,18,9,17
Nxph4,70,21,2,2,6,3,2,0,4
Lrp1,18806,2063,679,100,774,392,453,194,237
Gm16217,1,0,0,0,0,0,0,0,0
Stat6,812,92,23,4,45,15,22,17,10
Nab2,491,65,22,54,108,18,25,68,34
Gm16229,0,0,0,0,0,0,0,0,0
Nemp1,131,19,7,0,6,8,10,4,5
Gm16230,18,3,3,0,1,1,2,0,0
Myo1a,1,0,1,0,1,1,0,1,0
Tac2,1,0,1,0,1,0,1,0,0
Zbtb39,99,15,6,2,7,2,2,8,1
Rdh1,1,0,0,0,0,0,0,0,1
Rdh16,0,0,0,0,1,1,0,0,1
Prim1,122,12,7,4,10,1,6,0,3
Naca,21090,3023,919,332,1629,467,546,496,541
Ptges3,2628,563,169,71,319,106,109,111,103
Gm47438,20,2,0,0,1,4,1,1,1
Atp5b,9491,1413,445,210,731,279,287,197,242
Baz2a,511,94,22,22,42,22,20,21,19
Rbms2,1024,175,38,11,65,22,30,17,18
Gls2,19,3,0,1,4,2,0,1,0
Spryd4,139,11,2,2,4,0,2,1,6
Gm26847,6,0,0,0,1,0,1,0,0
Timeless,99,22,6,5,18,13,5,10,5
Apof,0,0,0,0,0,0,0,0,0
Stat2,451,178,69,11,91,31,57,22,16
Il23a,2,3,1,0,7,0,4,7,0
Pan2,239,14,5,0,18,5,12,0,2
Cnpy2,4444,611,171,63,374,155,154,65,112
Cs,1078,178,54,23,90,31,35,19,31
Coq10a,422,21,9,9,25,10,14,14,12
Ankrd52,146,17,2,2,7,3,4,2,0
Gm17201,1,0,0,0,0,0,0,0,0
Nabp2,903,138,46,24,91,36,41,28,23
Rnf41,292,50,13,11,33,7,18,7,9
Smarcc2,1054,126,48,16,53,38,34,24,26
Myl6,22347,2526,783,440,1816,608,575,458,563
Myl6b,4,6,3,2,6,1,2,2,3
A430046D13Rik,34,2,2,0,6,1,4,2,2
Esyt1,866,173,50,29,126,39,59,25,20
Gm29585,1,0,0,0,0,0,0,0,0
Zc3h10,127,18,9,2,22,5,6,7,1
Rpl41,94022,21856,6428,2347,11498,3359,3709,2164,3029
Pa2g4,1867,308,117,42,150,42,51,38,53
Erbb3,45,1,5,5,1,12,5,1,2
Gm47540,0,0,0,0,0,0,0,0,1
Rps26,28248,6342,1876,527,2460,799,874,578,781
Ikzf4,94,58,9,12,32,12,15,20,17
Gm26876,3,0,0,0,1,0,0,0,0
Suox,130,16,5,4,9,6,5,4,3
Rab5b,908,111,35,10,49,34,30,11,18
Cdk2,252,41,15,17,36,10,16,14,11
Pmel,13,2,0,0,2,1,1,3,2
Dgka,215,29,13,3,19,11,12,6,12
Pym1,236,32,5,4,19,8,8,5,8
Gm47093,3,1,0,0,1,0,0,1,0
Mmp19,2027,374,108,12,231,23,63,23,26
Tmem198b,271,38,16,3,18,8,7,9,5
Dnajc14,710,98,25,2,43,11,20,14,17
Sarnp,1638,375,140,46,224,63,65,55,56
Ormdl2,349,63,30,10,44,9,12,19,7
Gdf11,118,30,5,8,18,7,16,4,6
Cd63,51922,8174,2181,616,3393,1148,1254,733,919
Rdh5,76,19,4,10,36,3,14,16,5
Bloc1s1,246,165,114,36,129,42,67,39,48
Itga7,36,13,26,10,16,11,10,1,2
Mettl7b,5,0,0,0,0,0,0,0,0
Olfr775,3,0,0,0,1,1,0,0,1
Olfr802,0,0,0,0,1,1,0,0,0
Olfr804,0,0,0,0,1,0,0,0,0
Olfr810,13,0,0,0,0,1,0,0,0
Gm10310,1,3,1,0,0,0,0,1,0
Olfr825,1,1,1,0,0,0,0,0,0
Tespa1,4,0,0,0,0,1,0,0,0
Gm31793,0,0,1,0,0,1,0,0,0
Insr,924,67,38,6,40,13,16,4,11
A430078G23Rik,1,0,1,0,0,0,0,0,0
Arhgef18,272,25,10,3,18,4,15,5,5
Pex11g,109,6,3,2,9,0,5,3,2
Tex45,0,1,0,1,1,0,0,1,0
Zfp358,410,39,11,2,24,6,11,9,9
Mcoln1,258,29,4,3,16,4,12,4,5
Pnpla6,226,20,5,2,16,7,8,4,2
C330021F23Rik,0,0,0,1,0,0,0,2,1
Camsap3,36,5,2,1,3,0,1,0,1
Xab2,355,35,11,4,18,8,11,5,4
Pet100,1075,307,91,38,155,45,45,26,42
Stxbp2,51,9,7,1,19,8,2,2,2
Retn,203,42,1,0,1,0,0,1,0
Mcemp1,1,0,2,0,0,0,0,0,1
Fcor,137,28,8,1,9,5,8,4,5
Gm39121,1,1,0,0,0,0,0,0,0
Gm45231,0,0,0,0,1,0,1,0,0
Trappc5,911,107,27,14,58,15,19,11,18
Fcer2a,0,0,1,0,0,0,0,1,1
Clec4g,0,0,0,0,0,0,0,0,0
Gm16553,0,0,0,0,0,0,0,0,0
Cd209a,2,0,0,0,0,2,0,0,0
Cd209e,2,0,0,0,0,0,0,0,1
Cd209d,2,0,0,0,0,0,0,1,0
Cd209b,0,1,0,0,0,0,0,0,0
Cd209c,0,0,0,0,0,0,0,0,0
Gm26750,1,0,0,0,1,0,0,0,0
Cd209g,1,1,0,0,2,0,0,0,0
Evi5l,159,23,6,6,17,5,7,6,2
Prr36,5,2,0,0,0,0,0,1,0
Lrrc8e,53,11,1,0,8,1,2,1,2
Map2k7,645,60,13,6,42,11,15,11,9
Tgfbr3l,5,0,0,1,1,0,0,0,0
Snapc2,209,27,3,4,19,6,6,5,4
Ctxn1,111,5,0,12,19,5,5,8,5
Timm44,587,75,15,8,34,12,15,9,9
Elavl1,1822,273,102,30,134,48,53,52,57
Ccl25,163,34,9,3,14,4,3,4,9
Cers4,464,43,13,10,32,23,19,16,19
Zfp958,124,6,2,2,4,1,1,2,1
Gm6410,0,1,0,0,0,0,0,0,1
Shcbp1,68,5,8,2,4,3,6,0,2
Efnb2,264,59,18,8,29,40,23,12,10
Arglu1,2226,252,108,44,225,100,75,60,82
Fam155a,3,0,0,0,0,0,1,1,1
Gm10067,0,0,0,0,0,0,0,0,0
Lig4,82,7,3,1,0,4,2,3,1
Abhd13,383,41,18,1,17,8,6,2,7
Tnfsf13b,102,10,6,0,14,5,10,0,0
Myo16,153,9,4,0,5,2,3,0,3
B930025P03Rik,1,0,0,0,0,0,1,0,0
Gm2814,52,6,3,0,0,0,0,0,1
3930402G23Rik,15,14,0,0,3,1,2,1,3
Gm44956,1,6,1,0,3,0,1,0,1
Irs2,909,925,232,48,404,84,211,63,73
B830042I05Rik,0,2,0,0,0,0,1,0,0
Col4a1,8912,1225,159,53,568,242,318,158,105
Col4a2,4415,505,66,40,257,206,206,86,83
Rab20,276,84,28,12,58,17,45,14,10
Naxd,1460,166,51,24,98,48,34,28,42
Cars2,407,34,18,7,28,14,14,7,9
Ing1,1034,190,41,19,96,41,65,17,20
Ankrd10,914,74,22,16,66,37,28,25,27
1700016D06Rik,0,0,0,0,0,0,0,0,0
Arhgef7,1329,146,29,17,60,34,33,15,29
Tubgcp3,354,46,11,5,24,7,9,6,5
Atp11a,1057,125,28,7,60,36,36,18,12
Mcf2l,15,2,3,0,8,1,0,1,0
F7,2,0,0,0,0,0,0,0,0
F10,3,2,1,1,2,1,1,0,0
Proz,0,0,0,0,0,0,0,0,0
Pcid2,283,32,13,2,28,3,11,4,6
Cul4a,1040,128,34,9,43,25,37,13,18
Lamp1,12631,2082,608,142,887,310,366,197,221
Grtp1,84,8,5,3,9,0,2,1,3
Adprhl1,0,0,0,0,0,0,0,0,0
Dcun1d2,225,17,9,2,12,8,4,1,3
Tmco3,574,84,15,16,47,18,19,12,11
Tfdp1,690,105,38,20,79,26,17,15,20
Grk1,0,1,0,1,1,0,0,0,0
Tmem255b,8,1,0,0,0,2,0,1,0
Gas6,11686,4670,1344,110,1944,664,1260,146,325
Gm5608,16,14,7,1,1,2,3,1,0
Rasa3,1672,156,54,1,38,21,37,13,14
4932443I19Rik,2,0,1,0,0,0,1,0,0
Cdc16,1506,123,36,14,72,37,44,16,25
Upf3a,857,128,48,10,59,23,34,34,29
Champ1,375,23,8,5,8,3,9,3,6
Coprs,196,32,12,6,19,8,8,14,11
Fbxo25,311,24,7,4,20,9,13,3,9
Tdrp,13,5,1,2,2,2,3,1,0
Erich1,261,30,12,2,15,2,7,3,2
Dlgap2,6,2,0,0,0,0,0,0,0
Cln8,294,37,9,4,20,8,11,9,8
Arhgef10,609,51,12,2,39,9,18,9,10
Gm16350,1,0,0,0,0,0,0,0,0
Kbtbd11,365,12,2,3,13,1,4,1,5
5830468F06Rik,0,0,0,0,0,0,0,0,0
Myom2,10,0,0,0,1,0,0,0,0
Csmd1,47,3,2,3,5,5,5,2,3
Mcph1,87,14,5,6,7,1,4,1,2
Angpt2,38,6,1,1,10,6,6,2,0
Agpat5,610,83,23,2,45,15,16,13,13
Xkr5,9,0,0,0,1,0,0,0,0
Defb6,2,0,0,0,0,0,4,0,1
Gm26853,269,46,20,4,26,11,8,4,8
Gm26804,3,0,0,0,0,0,0,1,0
Gm15056,1,0,0,0,0,0,0,0,0
Defb1,0,0,0,0,0,1,0,0,0
Defb2,0,0,0,0,0,0,0,0,0
Alg11,336,31,6,2,17,8,9,8,4
Nek5,2,0,0,0,2,0,0,0,1
Nek3,27,2,1,0,2,2,1,0,1
Ckap2,107,17,7,1,13,19,4,0,0
Vps36,994,153,47,18,92,33,27,8,20
Thsd1,26,5,1,0,3,1,6,1,2
Slc25a15,174,26,10,0,15,4,3,2,0
1810012K16Rik,0,0,0,0,0,0,0,0,0
Mrps31,356,38,12,6,21,11,7,3,2
Smim19,693,91,29,11,63,18,27,8,13
Slc20a2,352,36,9,2,19,15,4,5,3
Vdac3,3120,411,131,59,235,74,79,62,65
Polb,971,106,24,15,76,23,27,22,27
Gm26909,15,4,1,11,5,1,2,3,2
Ikbkb,868,64,33,16,47,20,14,25,23
Plat,3127,405,143,24,396,106,80,55,41
Ap3m2,181,15,7,1,18,2,9,2,2
1700041G16Rik,7,1,0,0,1,0,1,1,0
Kat6a,697,107,37,17,54,23,27,16,15
Ank1,8,1,0,0,1,2,1,0,0
Gm15816,5,1,0,0,0,0,0,0,0
Gpat4,915,104,36,13,69,25,23,19,21
Gins4,325,49,13,4,22,6,9,7,14
Golga7,1177,123,44,20,81,41,34,28,28
Sfrp1,3321,251,136,15,194,101,215,27,46
Zmat4,1,0,0,0,0,0,0,0,0
Tcim,314,84,23,8,33,21,14,13,6
Ido1,2,0,0,0,0,0,0,0,0
Adam3,0,0,0,0,0,0,0,0,0
Adam5,22,2,0,0,3,1,3,0,2
Adam32,2,0,0,0,1,0,0,0,0
Adam9,1684,273,85,19,138,36,57,28,24
Tm2d2,1919,343,124,32,279,69,97,57,62
Htra4,19,7,1,0,3,0,1,1,0
Gm16933,0,2,0,0,2,1,0,1,0
Plekha2,296,53,19,2,28,3,11,5,8
Tacc1,1378,206,64,39,118,51,55,46,48
5430421F17Rik,6,0,0,0,1,0,0,1,1
Gm30978,1,1,0,0,0,0,0,0,0
Gm45237,0,0,0,0,1,0,0,0,0
Gm45238,0,0,0,0,0,1,0,0,0
Gm31045,1,5,0,0,0,2,2,0,0
Fgfr1,3722,824,285,134,670,175,253,173,168
Gm16159,0,0,0,0,0,0,0,0,0
Letm2,176,41,8,8,22,11,6,6,10
D830025C05Rik,111,190,61,11,125,44,30,15,11
Nsd3,1721,557,131,42,326,105,126,80,97
Plpp5,883,135,34,14,108,37,36,17,24
Ddhd2,665,71,21,10,42,20,25,16,21
Gm17484,17,4,1,0,6,4,1,1,4
Bag4,367,51,13,4,19,11,14,7,12
Lsm1,1014,104,42,12,56,26,32,12,22
Star,31,6,1,1,3,1,1,2,1
Ash2l,693,67,17,15,29,14,17,12,11
Kcnu1,19,4,1,0,2,0,1,3,3
Hgsnat,1045,107,32,13,60,21,23,8,11
Pomk,189,20,4,2,9,5,6,4,8
Fnta,1094,156,45,17,78,35,55,30,15
Hook3,2666,270,88,39,199,47,66,58,63
Rnf170,547,62,11,10,30,15,8,8,6
Gm45250,42,6,1,0,3,0,2,0,0
Thap1,167,75,17,30,52,4,7,3,4
Gm45307,4,0,0,0,0,0,0,0,0
Gm45572,0,2,0,0,0,0,0,0,0
Zfp703,1096,223,82,20,146,47,38,23,34
Gm45371,1,0,0,1,0,0,0,0,0
Gm45370,0,1,1,0,2,0,0,1,0
Gm32389,0,3,1,0,7,1,0,1,1
Erlin2,396,54,19,3,38,8,14,4,6
Proscos,7,3,3,0,2,1,1,1,0
Plpbp,1009,263,86,14,99,31,27,30,36
Adgra2,2053,236,72,18,95,43,46,28,33
Brf2,144,7,6,6,14,5,6,6,4
Rab11fip1,24,3,3,1,3,2,1,1,0
Gm45267,0,0,0,0,1,0,0,0,0
Adrb3,5,0,0,0,2,2,1,0,1
Eif4ebp1,2482,330,88,24,185,45,65,51,48
Chrnb3,0,0,1,0,0,0,0,0,0
Unc5d,6,1,0,0,0,0,0,0,0
Dusp26,41,4,0,0,5,0,3,0,0
Rnf122,1504,297,98,27,109,44,71,7,19
Tti2,208,29,6,2,8,4,6,1,3
Mak16,536,85,32,10,39,13,17,12,9
Fut10,376,25,5,4,23,7,5,5,13
Nrg1,101,3,0,0,11,1,2,1,5
Gm26578,3,0,2,0,0,1,1,4,4
Wrn,316,34,10,3,34,8,18,11,12
Purg,129,12,9,6,17,5,5,7,7
5930422O12Rik,1,1,0,0,0,1,0,0,0
Tex15,4,3,0,3,2,0,2,2,10
Ppp2cb,395,86,27,15,65,20,31,11,12
Ubxn8,286,42,19,1,17,4,11,8,10
Gsr,907,130,40,13,43,14,13,21,25
1700104B16Rik,1,0,0,0,0,0,0,0,0
Gtf2e2,722,81,34,9,50,17,20,19,15
Rbpms,1867,334,104,17,185,44,61,44,41
Gm26632,56,26,12,1,8,3,3,1,2
Gm9951,1,0,0,0,0,0,0,0,0
Dctn6,812,91,29,24,92,38,32,27,27
Gm10131,31,9,6,1,4,3,3,0,0
Leprotl1,1243,157,54,16,85,37,36,30,33
Saraf,1933,301,93,43,195,60,66,61,46
Gm29243,0,0,0,0,0,0,0,0,0
Gm45627,0,0,0,0,0,0,0,0,1
Dusp4,32,13,4,5,12,9,1,41,13
Tnks,607,58,14,13,32,17,28,15,21
Ppp1r3b,45,2,1,1,7,2,3,1,4
Eri1,521,79,27,12,44,9,17,10,22
Mfhas1,654,91,30,10,32,15,13,5,9
Cldn23,0,1,0,1,0,0,0,2,0
Prag1,21,2,2,1,4,7,2,0,0
Gm38414,0,0,0,0,0,0,0,0,0
Lonrf1,37,34,13,3,24,6,16,15,5
6430573F11Rik,2,0,0,0,0,0,0,0,0
Dlc1,2454,341,105,17,183,73,67,42,57
G630064G18Rik,4,0,0,0,0,0,0,0,0
AI429214,18,2,1,0,0,0,2,0,0
Tusc3,1384,156,44,20,128,55,57,26,38
Gm6213,0,0,0,0,0,0,0,0,0
Msr1,1,4,2,0,2,1,1,0,1
Micu3,295,36,10,5,34,11,14,7,18
Zdhhc2,24,2,0,2,3,1,3,0,1
Cnot7,543,91,31,6,56,13,25,13,20
Vps37a,569,71,20,15,39,20,15,11,8
Mtmr7,8,3,0,0,1,2,0,0,0
Gm26584,2,0,0,1,0,0,0,1,0
Slc7a2,742,51,4,3,28,25,24,7,18
Pdgfrl,4277,179,47,22,184,136,117,38,58
Mtus1,478,49,11,5,27,14,9,7,7
B430010I23Rik,61,2,0,0,3,3,1,1,1
Gm16192,3,0,0,0,0,0,0,0,0
Fgl1,9,3,0,0,0,0,3,0,0
Pcm1,1110,136,35,23,88,37,41,33,42
Asah1,1856,287,87,36,171,72,79,28,58
Frg1,899,110,41,11,72,27,28,16,20
Triml2,3,1,0,0,0,0,0,0,1
Fat1,1568,74,22,12,56,41,33,29,14
Gm2366,7,0,0,0,0,0,0,0,0
Klkb1,6,2,0,0,0,0,0,0,0
Cyp4v3,242,37,7,1,13,6,10,3,2
Fam149a,330,49,12,1,10,9,7,7,4
Tlr3,192,21,7,1,11,7,7,3,9
Sorbs2,42,0,0,0,2,6,5,2,0
Pdlim3,27,2,0,0,6,1,1,2,0
1700029J07Rik,55,5,1,1,4,3,1,1,0
Ufsp2,1351,132,42,18,91,29,32,18,24
Ankrd37,48,7,1,4,15,2,1,1,0
Lrp2bp,2,0,1,1,0,2,0,1,0
Snx25,200,16,9,6,19,6,4,7,4
Cfap97,382,18,4,3,19,8,15,7,9
Slc25a4,8815,1237,329,160,724,256,282,196,241
Acsl1,271,41,13,3,33,4,4,16,8
Cenpu,29,3,0,1,3,0,0,3,1
Primpol,90,9,4,2,11,3,4,0,1
Casp3,435,71,32,14,49,11,14,18,14
Irf2,927,161,48,35,104,46,48,42,41
Enpp6,7,2,1,0,0,0,1,0,1
Stox2,575,49,14,6,37,14,18,6,12
Trappc11,344,27,6,3,11,11,9,5,7
Rwdd4a,569,82,16,8,34,14,13,10,10
Ing2,455,89,33,19,65,11,26,12,16
Cdkn2aip,362,74,26,16,47,23,23,19,25
E030037K01Rik,0,1,0,0,0,0,0,0,1
Wwc2,2093,292,96,29,125,62,67,30,43
Cldn22,7,0,0,0,4,0,2,0,0
Dctd,141,10,5,1,11,0,2,2,7
Tenm3,263,18,9,7,35,61,24,15,18
4930555F03Rik,1,0,0,0,0,0,0,0,0
C130073E24Rik,1,0,0,0,3,0,0,0,1
Gm45388,0,1,0,0,1,0,1,0,0
Aga,1400,196,45,15,79,36,55,13,26
Neil3,43,0,1,0,5,2,8,0,0
Vegfc,1052,76,30,9,42,14,21,11,8
Spcs3,1427,199,61,18,96,38,34,27,33
Asb5,9,1,1,1,2,1,0,1,3
Gpm6a,110,13,17,3,9,9,18,3,2
Hpgd,2365,157,61,7,94,31,56,58,31
Cep44,287,26,9,1,25,4,8,17,6
Fbxo8,586,62,13,8,36,12,7,6,10
Hand2,478,4,0,0,1,1,1,0,0
Gm34030,40,0,0,0,0,1,0,0,0
5033428I22Rik,251,3,1,1,6,3,5,0,2
Gm34099,5,0,0,0,0,0,0,0,0
Scrg1,4,0,0,0,0,0,0,0,0
Sap30,94,18,5,9,19,2,7,7,5
Hmgb2,1619,254,181,173,273,178,184,50,59
Galnt7,384,54,14,5,16,7,11,6,1
Gm45359,1,0,1,0,0,0,0,0,0
Gm26905,2,1,0,0,1,0,0,0,2
Mfap3l,298,17,3,3,4,2,0,3,2
Hpf1,810,110,36,21,73,18,26,18,16
Clcn3,619,52,11,7,44,18,10,6,12
B230317F23Rik,1,0,0,0,0,0,0,0,0
Nek1,365,44,10,4,31,10,17,9,7
Gm16178,3,0,0,0,0,0,0,0,0
Sh3rf1,345,45,19,0,17,6,15,4,5
Cbr4,313,23,6,0,24,4,8,3,9
Palld,1341,101,26,37,148,72,72,34,28
Ddx60,161,26,17,1,6,6,5,4,3
Spock3,4,1,0,4,6,3,4,6,4
Sgo2b,8,7,3,0,8,0,2,0,1
Tll1,69,10,1,0,6,4,0,1,6
Cpe,3310,160,32,62,185,137,108,46,66
Gm45518,1,0,0,0,2,0,0,0,0
Msmo1,543,66,17,4,28,12,6,16,20
Klhl2,548,66,37,8,26,16,13,12,9
Gm45345,2,0,0,1,0,0,0,0,0
Tmem192,479,34,14,4,16,10,8,2,11
Apela,1,0,0,1,0,0,6,0,1
March1,0,0,1,1,0,0,1,0,0
Tma16,422,89,32,7,44,14,11,15,7
Npy1r,150,25,14,2,14,7,8,8,2
Naf1,395,108,21,7,34,7,15,17,9
Nat2,74,6,6,2,2,4,4,0,1
Psd3,812,78,34,4,52,24,35,19,20
Gm15991,16,1,0,0,0,0,0,0,1
Sh2d4a,66,11,1,1,8,1,6,1,1
Csgalnact1,1096,128,46,4,39,27,12,13,8
Ints10,353,25,8,3,21,10,9,6,6
Lpl,10403,593,119,13,688,132,545,70,79
Gm33103,10,0,2,0,0,0,0,0,0
Slc18a1,2,2,0,0,0,0,0,0,0
Atp6v1b2,2169,324,97,24,161,61,66,27,44
Lzts1,11,2,2,1,3,2,1,1,3
Zfp930,104,10,3,1,5,0,2,6,2
D130040H23Rik,95,8,3,4,7,0,4,2,1
Zfp868,100,16,3,4,12,4,5,2,4
Zfp964,18,2,0,0,2,1,1,0,0
Zfp869,23,4,0,0,6,1,1,2,1
Zfp963,43,3,3,2,6,0,1,3,1
Zfp866,112,7,5,4,5,2,3,0,0
Atp13a1,717,71,22,6,47,12,14,6,7
Gmip,178,27,11,2,12,6,9,1,8
Lpar2,7,3,0,0,2,1,0,1,0
Pbx4,3,2,0,1,3,1,0,0,0
Cilp2,9,0,0,0,0,0,0,0,0
Yjefn3,32,1,1,1,3,2,2,0,4
Ndufa13,8189,1129,347,128,684,200,251,147,194
Tssk6,4,2,1,0,0,1,0,0,0
Gatad2a,720,141,39,17,87,24,35,20,15
Mau2,773,57,5,7,30,9,13,7,18
Sugp1,348,30,7,3,22,9,9,7,5
Tm6sf2,1,0,0,0,0,0,1,1,2
Hapln4,67,12,2,0,0,1,1,0,2
Ncan,0,1,0,0,0,0,0,0,2
Rfxank,176,28,4,4,19,6,9,4,6
Nr2c2ap,406,47,22,6,23,9,13,7,8
Borcs8,608,79,20,8,44,14,13,6,10
Mef2b,6,1,1,0,1,0,0,0,0
Tmem161a,508,67,18,7,44,16,19,5,13
Slc25a42,54,8,2,0,6,3,1,1,1
Armc6,175,22,6,0,10,5,3,0,5
Sugp2,244,31,10,4,16,7,8,5,3
Homer3,505,73,25,16,42,8,13,9,9
Ddx49,570,63,24,7,33,14,9,12,14
Cope,4522,521,155,62,316,93,105,63,108
Cers1,5,0,0,0,0,0,0,0,0
Upf1,709,105,30,26,69,22,33,10,14
Comp,94,0,0,0,0,3,0,1,0
Crtc1,216,17,3,3,11,4,5,5,2
Klhl26,223,28,12,0,19,3,6,4,14
Crlf1,661,17,5,18,30,18,5,3,2
Rex1bd,2247,383,121,37,200,66,78,62,70
Uba52,834,470,222,83,309,101,162,91,99
Kxd1,1304,147,43,13,80,18,30,29,31
Fkbp8,2725,341,108,41,195,57,86,46,57
Ell,361,79,24,8,32,16,19,8,7
Isyna1,256,120,32,9,68,11,17,11,16
Ssbp4,1185,185,64,24,116,41,47,28,32
Lrrc25,8,0,0,1,0,1,0,0,0
Gdf15,149,219,26,15,199,15,16,14,16
Pgpep1,478,74,15,2,14,13,16,5,10
Lsm4,2066,432,129,70,188,68,62,51,46
Jund,30472,4667,1400,646,3794,993,1816,535,777
Gm11175,8,4,1,1,2,0,0,1,1
Gm16486,63,22,13,3,20,9,10,5,7
Gm3336,15,21,4,3,13,2,16,1,1
Pde4c,14,15,4,3,9,8,10,3,3
Rab3a,203,32,9,5,17,6,7,7,7
Mpv17l2,595,58,13,3,43,13,19,8,8
Pik3r2,912,58,13,9,40,23,28,11,17
2010320M18Rik,411,32,10,5,24,11,17,8,7
Mast3,249,29,8,4,12,5,9,7,3
Il12rb1,3,3,0,0,3,0,1,1,3
Arrdc2,125,16,4,3,13,5,11,4,8
Kcnn1,112,9,3,2,7,4,1,1,0
Ccdc124,1510,211,66,21,134,34,34,37,36
Slc5a5,37,6,1,0,4,1,3,6,1
Rpl18a,47330,8033,2406,749,3947,1226,1471,952,1192
Map1s,240,35,7,4,35,19,11,6,8
Haus8,176,60,33,4,29,9,15,7,20
Myo9b,945,67,24,6,53,8,24,17,11
Use1,2704,329,101,21,143,52,65,35,43
Ocel1,167,27,14,4,9,8,7,3,6
Nr2f6,689,105,22,20,78,20,29,15,13
Ushbp1,0,1,0,0,0,0,1,3,3
Babam1,767,145,34,12,56,21,35,13,12
Ankle1,13,1,0,1,1,3,1,0,0
Abhd8,599,107,19,19,71,24,28,9,8
Mrpl34,1311,161,52,23,109,39,36,24,27
Dda1,926,131,37,17,84,31,40,23,16
Ano8,284,36,12,5,25,8,9,3,4
Gtpbp3,173,24,12,2,13,7,8,9,5
Plvap,367,71,17,4,31,14,27,11,10
C430049E01Rik,0,1,0,0,2,1,1,0,0
Bst2,1628,856,261,50,477,126,150,113,50
Mvb12a,1296,141,48,15,112,42,47,19,38
Tmem221,4,1,0,2,0,2,0,1,0
Nxnl1,2,1,0,0,0,0,0,0,0
Slc27a1,1033,74,24,9,34,8,14,11,11
Pgls,3422,421,135,68,262,95,93,64,79
Fam129c,14,2,0,0,0,0,9,1,0
Colgalt1,4006,415,115,40,212,88,98,37,47
Unc13a,11,0,0,1,1,1,1,0,0
Jak3,46,9,3,0,6,2,3,4,2
B3gnt3,89,13,4,0,5,0,4,2,3
Fcho1,0,0,0,0,0,0,2,0,0
Gm35572,1,0,0,1,0,1,0,1,0
Zfp709,85,1,2,0,5,0,2,4,2
Zfp882,35,5,3,0,0,2,0,1,0
Zfp617,194,17,6,2,11,3,4,2,6
Zfp961,87,9,3,1,4,0,2,3,1
Cyp4f18,2,1,4,0,2,3,0,1,0
Olfr373,1,3,2,0,0,0,0,0,0
Olfr374,2,0,0,0,0,1,0,0,1
Tpm4,6544,860,259,136,456,206,142,121,128
Gm26586,3,1,0,0,3,1,1,0,1
Rab8a,1104,106,46,8,62,27,36,13,18
Hsh2d,3,4,1,0,4,1,1,3,0
Cib3,135,13,0,3,5,3,1,0,4
Fam32a,1244,150,53,18,99,26,36,31,33
Ap1m1,552,88,15,7,51,17,19,14,6
Gm10282,16,1,1,0,0,1,2,0,0
Klf2,4537,2345,542,109,1602,271,741,160,237
Eps15l1,452,33,15,14,46,14,18,8,13
Calr3,17,1,0,0,2,0,1,0,0
1700030K09Rik,84,9,4,0,4,1,0,2,3
Cherp,443,77,18,12,35,18,18,11,17
Slc35e1,489,66,16,7,23,8,10,8,3
Gm17435,55,21,4,1,6,2,3,1,0
Med26,135,30,5,4,30,2,6,9,3
Smim7,2303,323,95,26,124,54,54,40,37
Tmem38a,105,17,1,3,18,9,3,1,3
Sin3b,2214,262,85,35,185,60,70,47,36
F2rl3,1,0,0,0,0,0,0,0,0
Large1,696,52,14,9,21,14,11,14,11
Hmgxb4,361,37,15,10,19,9,10,9,8
Gm45822,2,0,0,0,1,0,1,0,0
Tom1,421,63,24,7,28,9,8,3,7
Hmox1,1691,1116,217,60,547,138,150,155,100
Mcm5,133,23,6,7,7,7,1,0,2
Gm45899,2,0,0,0,0,0,0,0,1
Rasd2,2,0,0,0,0,0,0,0,0
Nr3c2,35,12,1,1,2,0,3,0,2
Arhgap10,868,163,51,3,76,27,32,7,11
0610038B21Rik,30,2,4,0,2,0,0,0,1
Prmt9,171,28,16,4,18,4,4,6,6
Tmem184c,673,60,35,4,46,13,17,12,7
Ednra,490,26,7,12,38,31,14,8,23
Rbmxl1,843,128,45,23,84,34,33,26,18
Slc10a7,360,40,10,3,20,5,10,6,9
Lsm6,1603,219,91,43,165,59,37,33,59
Gm45326,0,0,0,0,0,0,0,0,0
Zfp827,130,7,0,1,3,0,3,2,1
Gm30329,0,0,0,0,0,0,0,0,0
Mmaa,156,19,5,0,15,3,4,3,4
Smad1,1351,205,80,17,104,31,36,15,25
Otud4,716,70,35,11,51,17,19,12,18
Abce1,1246,152,43,11,76,27,38,20,29
Anapc10,596,72,20,15,34,19,11,10,16
Hhip,257,7,0,16,60,75,68,101,52
Gypa,0,0,0,0,0,0,0,0,0
Smarca5,2066,330,109,29,234,75,95,60,55
Gab1,428,33,16,4,27,18,12,12,3
Gm31105,25,0,2,0,1,1,0,0,3
Usp38,311,69,26,9,32,9,11,8,10
Gm9725,5,0,0,1,2,0,0,0,0
Inpp4b,14,2,0,1,5,0,8,1,1
Il15,68,19,4,1,17,8,0,3,4
Zfp330,753,118,36,13,74,30,21,20,31
Rnf150,181,16,6,4,8,6,6,4,10
Gm10645,0,1,1,0,0,0,0,0,0
Tbc1d9,11,2,1,0,0,2,3,7,0
Ucp1,0,0,0,0,0,0,0,0,0
Elmod2,415,67,20,4,28,11,9,6,8
Scoc,939,156,33,22,73,40,36,22,24
Olfr370,0,1,0,0,0,0,0,0,0
Ndufb7,3226,437,178,38,187,61,78,42,63
Tecr,2263,322,103,56,256,94,81,71,75
D830024N08Rik,4,1,0,1,0,0,0,0,0
Dnajb1,2710,1344,455,93,716,333,371,205,150
Gipc1,532,65,20,12,44,11,12,11,10
Pkn1,538,47,14,7,36,13,26,9,9
Ptger1,10,2,0,1,6,1,3,0,3
Ddx39,864,183,46,14,81,25,23,15,23
Adgre5,208,43,15,10,36,21,23,4,9
Gm26721,2,0,1,0,0,0,0,0,0
Adgrl1,561,36,10,13,40,21,27,16,12
Gm10644,2,0,0,0,0,0,0,0,0
Asf1b,58,13,14,3,1,2,4,1,2
Prkaca,547,114,20,9,61,24,22,19,26
Samd1,401,62,16,13,49,28,25,8,9
1700067K01Rik,0,2,0,1,1,0,1,0,0
2210011C24Rik,7,0,0,1,1,2,0,0,0
Palm3,26,2,0,5,2,3,4,0,0
Il27ra,6,3,0,0,3,0,0,1,0
Rln3,0,0,0,0,0,0,0,0,0
Gm10643,25,3,0,1,4,0,1,0,1
C330011M18Rik,18,2,0,0,0,0,0,0,1
Rfx1,161,19,14,3,17,7,4,3,10
Dcaf15,178,17,6,5,12,9,5,5,3
Podnl1,18,1,0,4,1,4,0,1,0
Cc2d1a,305,20,6,1,19,8,12,9,9
4930432K21Rik,10,1,0,0,1,0,0,0,0
Nanos3,17,0,0,0,3,4,1,3,4
Gm26887,3,1,0,0,0,0,0,0,2
Gm26532,358,214,42,37,126,47,105,41,36
Zswim4,123,43,12,7,26,5,9,7,9
D8Ertd738e,4395,617,195,81,346,122,134,101,109
Mri1,557,73,24,4,35,7,9,15,15
Ccdc130,160,18,1,2,11,0,4,2,3
Cacna1a,243,39,6,10,21,11,16,10,9
Gm16183,7,1,0,0,4,1,2,0,3
Ier2,12846,1405,375,175,592,126,337,262,364
Gm26664,11,0,0,1,0,0,3,1,0
Nacc1,254,31,12,4,24,10,9,2,8
Trmt1,695,88,24,11,33,21,27,16,13
Nfix,10859,1342,392,82,610,285,389,146,193
Lyl1,0,0,0,0,0,0,1,0,0
G430095P16Rik,29,1,0,1,2,0,0,0,0
Dand5,91,12,5,2,8,1,3,3,2
Gadd45gip1,1023,131,49,14,69,32,23,19,18
Rad23a,833,168,65,19,96,39,31,29,29
Calr,14799,3580,1001,191,1239,486,488,317,376
Farsa,578,82,35,9,40,15,19,11,13
Syce2,88,11,16,5,15,3,3,5,5
Gcdh,344,45,7,5,28,5,8,8,8
Klf1,3,0,0,0,0,0,0,0,0
Dnase2a,425,76,33,5,36,9,10,9,14
Mast1,0,1,0,0,2,0,3,0,0
Rtbdn,1,1,0,0,0,0,0,0,0
Rnaseh2a,433,41,15,3,22,11,9,7,10
Prdx2,8709,941,291,197,727,221,236,158,183
Junb,22752,10979,3462,904,4719,868,2046,984,1149
Hook2,147,40,14,5,21,8,11,10,13
Best2,1,0,1,0,0,1,2,2,0
Asna1,547,93,31,18,50,11,21,17,10
Trir,2765,352,113,59,249,82,96,49,72
Tnpo2,395,48,12,7,35,16,10,3,8
Fbxw9,329,29,8,8,33,11,9,5,4
Gm5741,1,0,0,0,1,0,0,0,0
Dhps,533,107,20,15,54,25,23,20,16
Wdr83,273,36,15,8,26,10,14,5,8
Wdr83os,2184,386,95,45,196,67,74,47,50
Man2b1,1608,156,43,17,99,44,36,18,23
Zfp791,4,1,1,0,0,1,0,2,5
Gm42031,5,4,6,1,1,1,7,0,4
Cks1brt,1,0,1,0,0,0,1,0,0
Vps35,2065,218,84,19,137,53,40,30,41
Orc6,560,74,25,11,45,19,26,10,10
Mylk3,4,1,0,0,0,0,0,1,0
4921524J17Rik,717,82,32,32,84,33,28,34,22
Gpt2,295,17,6,4,11,7,1,3,4
Dnaja2,2509,409,151,50,234,71,88,54,52
Neto2,16,4,4,1,10,2,0,1,0
Itfg1,1238,131,42,9,72,38,34,18,23
Gm39214,1,0,0,0,0,0,0,0,0
Phkb,365,34,15,5,21,9,15,5,6
Lonp2,538,67,10,4,33,20,17,7,13
Siah1a,608,64,19,9,59,19,30,12,16
Gm10638,106,5,2,2,2,1,4,2,2
N4bp1,526,78,30,6,34,24,20,17,17
2010110E17Rik,0,1,0,0,0,0,0,0,0
Gm27167,0,0,0,0,0,0,0,0,0
Gm2694,13,0,0,0,1,0,0,1,0
Cbln1,72,1,0,0,2,0,1,0,1
Zfp423,193,13,5,2,32,6,10,13,8
Cnep1r1,921,124,42,11,62,26,17,14,19
Heatr3,608,73,27,4,47,15,19,10,14
9430002A10Rik,16,1,1,0,1,0,0,0,0
Papd5,595,68,18,11,56,20,16,15,16
Adcy7,1048,70,23,15,51,24,33,12,25
Brd7,898,118,37,18,53,29,32,17,24
Nkd1,565,65,19,24,38,27,29,22,19
Snx20,15,4,0,2,1,1,2,0,0
Nod2,43,6,4,0,3,1,0,0,4
Cyld,858,71,23,8,54,17,15,13,21
Sall1,3,0,0,0,0,0,0,0,0
Tox3,47,0,2,2,0,2,1,0,0
Gm19935,1,0,0,0,1,0,0,2,0
Chd9,1062,119,38,14,90,29,47,35,39
Rbl2,582,69,30,6,51,14,24,12,12
Aktip,450,51,17,13,42,17,17,7,12
Rpgrip1l,294,27,9,3,21,6,6,2,6
Fto,1729,205,60,17,72,33,54,21,33
4831440D22Rik,4,0,0,0,0,0,0,3,0
Gm36380,1,0,1,0,0,0,0,0,1
Irx3,356,62,21,4,16,8,18,6,8
Irx3os,29,2,0,1,0,0,0,0,0
Gm21817,3,1,0,0,0,0,0,0,0
Irx5,1458,171,62,6,44,13,34,7,29
Gm45336,6,0,0,0,0,0,0,0,0
Irx6,96,5,2,0,1,0,0,1,1
Mmp2,39350,3965,1121,183,1862,752,856,315,459
Gm45472,0,0,0,0,0,0,0,0,0
Lpcat2,41,5,1,0,12,5,4,3,4
Capns2,7,0,0,0,2,0,0,0,0
Slc6a2,501,15,11,0,7,1,8,2,3
Ces1a,6,0,0,0,1,0,0,0,0
Ces1d,78,1,0,0,8,1,1,2,0
Ces1f,37,0,0,0,0,0,0,0,0
Ces5a,0,2,0,0,0,0,0,0,0
Gnao1,150,21,6,1,7,5,7,3,4
Amfr,1439,172,46,22,108,30,39,28,32
Nudt21,1585,214,78,29,119,55,50,24,33
Ogfod1,229,21,3,3,13,3,11,6,4
Bbs2,138,13,5,3,7,2,7,2,2
Mt4,95,17,1,0,0,0,0,1,0
Mt3,10,11,2,0,1,0,0,1,0
Gm45774,25,5,1,1,0,0,0,1,0
Mt2,42789,13267,3879,141,3708,693,1783,582,687
Mt1,89396,31827,7945,363,8366,1727,3835,1532,1683
Gm39228,2,1,1,0,0,0,0,1,0
Nup93,585,81,29,5,36,11,19,17,12
C78859,2,1,0,0,2,0,0,0,0
Slc12a3,1,0,0,0,0,0,0,0,1
Gm15890,0,0,0,0,0,0,0,0,0
Herpud1,2030,555,175,48,234,70,110,58,68
9330175E14Rik,8,1,1,0,1,0,0,0,0
Nlrc5,56,29,4,1,12,4,7,3,4
Cpne2,565,71,21,5,57,15,25,5,9
Fam192a,783,63,18,12,58,19,17,15,19
Rspry1,861,123,39,21,62,28,32,24,14
Arl2bp,1146,126,65,20,79,38,33,19,26
Pllp,0,0,0,0,0,0,0,2,3
Gm45767,16,6,2,1,5,1,3,2,1
Ccl22,0,0,0,0,2,0,0,0,0
Cx3cl1,86,8,1,1,6,2,9,0,4
Ccl17,3,0,0,0,0,0,0,0,0
Ciapin1,470,44,13,9,31,7,11,8,16
Coq9,511,40,14,4,31,6,12,4,8
Polr2c,1163,171,47,23,112,33,38,34,29
Dok4,139,11,5,3,6,4,3,0,6
Ccdc102a,643,74,21,13,54,21,33,23,14
Adgrg5,0,0,0,1,1,0,1,0,0
Adgrg1,5,0,2,4,0,4,1,0,0
Adgrg3,1,0,1,0,0,0,0,0,0
Katnb1,223,16,11,4,19,6,5,5,0
Kifc3,166,13,9,2,11,13,4,5,0
Cngb1,4,1,0,0,0,0,0,0,0
Tepp,1,0,0,0,0,1,0,0,0
Zfp319,166,19,8,4,10,2,8,3,3
Usb1,137,25,6,5,21,8,7,9,4
Mmp15,36,2,1,1,8,17,2,4,1
Cfap20,1048,104,44,20,108,41,37,38,28
Csnk2a2,1080,180,50,31,102,34,37,32,18
4933406B17Rik,0,1,0,0,0,0,0,0,0
Gins3,51,1,0,3,2,1,0,1,0
Ndrg4,1005,79,37,15,62,14,22,14,33
Setd6,278,36,13,4,22,6,9,6,6
Cnot1,1254,143,47,14,63,31,37,25,16
4930513N10Rik,15,3,0,0,6,0,0,0,0
Sap18b,137,39,6,5,25,10,9,6,10
Gm31805,4,0,0,0,1,3,0,0,0
Slc38a7,260,38,20,3,17,6,10,5,11
Got2,1144,136,43,14,73,24,24,16,16
Gm45895,0,0,0,0,0,0,0,0,0
Cdh11,2618,185,31,48,200,137,120,46,70
Cdh5,8,0,2,0,3,0,0,1,0
Bean1,10,0,1,0,1,2,2,0,0
Tk2,254,13,9,1,12,5,11,4,1
Cklf,236,32,11,8,22,11,12,6,8
Cmtm2b,0,0,0,0,0,0,0,1,0
Cmtm3,3238,454,153,48,258,75,88,43,61
Cmtm4,387,50,10,5,20,6,15,6,9
Dync1li2,907,97,30,15,57,35,29,15,12
K230015D01Rik,32,7,0,0,3,0,1,0,1
Terb1,2,0,0,0,0,0,1,0,0
Nae1,895,77,31,13,48,22,23,20,23
Car7,14,1,0,0,6,0,0,0,0
Pdp2,83,15,1,2,8,2,8,6,1
Rrad,226,148,50,28,114,62,47,18,24
Gm33023,3,0,0,0,1,0,0,0,0
Fam96b,917,201,55,21,114,37,38,33,25
4932416K20Rik,6,8,4,0,1,0,4,2,2
Ces2b,5,2,0,0,2,0,0,0,2
Ces2c,41,1,0,0,2,0,0,0,0
Ces2e,6,0,1,0,0,0,0,0,0
Ces2f,0,1,0,0,0,0,0,0,0
Ces2g,751,56,14,4,53,11,10,7,4
Gm3830,6,1,0,1,1,0,1,0,1
Cbfb,1240,149,55,31,115,31,55,35,34
D230025D16Rik,324,47,7,8,24,11,11,10,6
B3gnt9,1269,129,35,17,98,33,32,14,20
Tradd,538,66,19,5,33,6,11,16,6
Fbxl8,151,7,4,0,12,4,4,2,0
Hsf4,31,4,3,0,6,0,1,1,0
Nol3,281,55,14,6,29,11,17,4,6
4931428F04Rik,58,6,3,2,8,3,4,1,4
Gm20163,7,2,0,0,3,1,3,0,1
Exoc3l,3,1,0,0,1,0,0,0,0
E2f4,481,71,30,12,39,22,15,16,8
Elmo3,12,2,1,0,5,0,1,1,0
Lrrc29,17,0,1,0,0,0,0,0,0
Tmem208,1702,253,65,26,162,41,41,35,35
Fhod1,138,8,5,8,22,1,9,5,3
Slc9a5,30,3,1,2,1,1,0,1,3
Plekhg4,22,0,0,4,5,2,0,0,1
Kctd19,0,0,0,0,0,0,0,0,0
Lrrc36,10,0,0,0,1,0,1,2,0
Tppp3,3184,342,155,38,211,56,100,88,132
Zdhhc1,324,38,7,4,29,9,18,12,13
Hsd11b2,13,2,0,1,5,4,12,6,2
Atp6v0d1,2330,328,77,22,190,65,77,43,47
Gm38250,2,1,0,0,1,0,1,0,0
Agrp,2,0,0,0,1,1,0,0,1
Ripor1,365,54,17,7,37,5,23,5,9
Gm5914,109,8,1,1,6,8,2,5,3
Ctcf,933,134,46,28,68,29,46,24,31
Carmil2,1,2,0,0,0,0,1,0,0
Acd,380,58,11,11,39,15,19,14,10
Pard6a,200,20,7,5,11,9,12,5,2
Enkd1,112,6,4,3,8,6,6,1,2
Gfod2,129,59,5,1,9,1,4,267,66
Ranbp10,392,43,14,14,24,15,12,7,6
Cenpt,177,15,10,4,3,5,2,4,3
Thap11,664,53,23,7,40,14,14,6,14
Nutf2,39,17,9,2,13,2,6,7,6
Edc4,472,35,10,8,39,13,16,8,7
Nrn1l,1,1,0,0,1,0,0,0,0
Pskh1,305,16,11,2,21,4,11,6,8
Ctrl,3,0,0,0,2,1,0,1,0
Psmb10,1528,291,88,27,131,36,60,21,21
Lcat,34,6,2,1,3,3,4,1,1
Slc12a4,1100,71,27,6,64,24,33,10,18
Gm45752,1,1,1,0,1,0,0,0,0
Dpep3,0,0,0,0,0,0,0,0,0
Dpep2,2,2,0,0,0,0,0,0,2
Dus2,170,16,6,4,15,5,5,6,1
Dpep2nb,0,0,0,0,0,0,0,0,0
Ddx28,131,11,3,3,6,1,1,2,0
Nfatc3,799,97,20,8,55,12,21,12,16
Esrp2,0,0,0,0,0,0,0,0,0
Pla2g15,304,38,13,4,34,12,16,8,5
Slc7a6,528,72,17,11,44,12,22,7,9
Slc7a6os,323,103,23,4,46,8,17,10,5
Prmt7,426,68,22,4,28,8,10,6,7
Smpd3,122,150,19,0,500,7,14,4,7
Gm10629,1,1,0,0,0,0,0,1,0
Zfp90,226,11,4,3,16,7,4,3,2
Cdh3,16,0,0,1,0,0,0,0,0
Gm10073,2485,140,44,14,36,16,26,36,45
1110028F18Rik,0,0,0,0,0,0,0,0,0
Cdh1,1,0,0,0,0,0,0,2,0
Tango6,162,13,1,1,8,2,2,2,0
Has3,5,0,1,0,0,0,0,0,0
Chtf8,647,101,35,6,44,18,29,11,9
Utp4,318,76,19,11,47,16,21,11,16
Sntb2,3954,710,189,39,339,127,186,38,66
Gm16208,3,0,0,0,0,0,0,0,0
Vps4a,695,89,39,13,69,30,31,13,7
Pdf,5,0,2,2,1,0,1,1,0
Cog8,499,79,19,5,34,14,14,5,14
Nip7,766,157,62,20,75,24,33,28,28
Terf2,404,39,15,9,22,14,13,5,6
Cyb5b,1088,180,34,18,67,20,22,14,20
Nfat5,2687,536,188,41,270,92,147,80,72
Nqo1,123,31,4,2,5,4,7,4,3
Nob1,484,58,16,12,40,19,18,9,18
Wwp2,318,28,8,4,26,9,17,9,10
Psmd7,3541,497,170,63,277,90,121,81,92
Zfhx3,590,96,31,13,112,33,41,24,8
Lncbate1,16,0,0,0,1,0,0,0,0
D030068K23Rik,0,0,0,0,3,0,0,0,0
Dhx38,389,39,12,4,24,13,7,8,4
Txnl4b,58,7,2,0,4,2,2,0,0
Hp,6071,23,4,4,21,22,9,4,3
Dhodh,217,21,7,1,9,4,8,5,11
Pkd1l3,0,0,0,0,1,0,0,0,0
Ist1,789,167,59,28,140,39,57,40,48
Zfp821,222,25,12,9,25,16,23,14,8
Atxn1l,332,29,8,2,17,9,5,3,6
Ap1g1,713,63,28,10,53,15,18,9,16
Gm17344,1,0,0,0,0,0,0,0,0
Phlpp2,304,51,18,4,20,12,12,7,6
Marveld3,1,0,0,0,0,0,0,0,0
Zfp612,4,0,0,0,1,0,0,1,3
Cmtr2,49,2,3,3,3,0,1,0,0
Hydin,2,1,0,0,0,0,0,0,0
Vac14,230,26,13,3,22,3,6,1,8
Mtss1l,232,15,2,12,20,23,20,19,10
Il34,113,21,7,3,28,14,15,17,10
Gm15894,2,2,0,1,1,1,0,0,1
Sf3b3,1686,230,66,30,151,56,35,36,38
Cog4,370,45,9,3,21,13,10,9,7
Fuk,110,8,5,2,3,4,0,2,2
St3gal2,1256,174,46,6,81,25,17,22,25
Ddx19a,614,54,15,13,23,9,13,7,9
Ddx19b,108,19,2,1,8,6,2,2,3
Aars,957,106,33,8,74,21,30,16,20
Pdpr,199,13,5,2,6,3,3,4,2
Glg1,2674,294,73,22,156,78,79,52,59
Rfwd3,272,36,11,5,15,4,12,3,4
Mlkl,259,56,18,3,14,3,9,4,11
Fa2h,1,0,2,0,0,0,0,0,0
Wdr59,109,10,6,4,5,6,5,1,3
Znrf1,758,76,30,36,67,26,38,13,24
Ldhd,9,1,0,0,1,0,0,2,1
Zfp1,201,14,10,4,11,5,8,3,7
Ctrb1,0,0,0,0,2,1,1,0,0
Bcar1,250,43,13,12,28,18,23,10,15
Cfdp1,2410,364,111,38,226,82,76,61,80
Tmem170,50,6,1,3,4,3,1,4,3
Tmem231,81,8,3,7,7,3,3,5,2
Gabarapl2,1826,359,89,51,223,79,107,79,76
Adat1,57,7,1,2,3,3,6,1,2
Kars,989,131,40,6,56,24,20,17,25
Terf2ip,471,47,13,6,29,15,13,8,8
Gm6793,25,15,8,2,9,1,7,0,1
Mon1b,172,19,8,2,15,2,1,3,7
Syce1l,2,1,0,0,0,0,0,0,0
Adamts18,265,0,0,12,19,2,2,2,13
Nudt7,190,14,3,0,6,4,2,2,1
Vat1l,2,0,0,1,3,0,0,0,0
4933408N05Rik,6,0,0,0,0,1,0,0,2
Wwox,252,25,13,3,14,6,14,5,7
Gm16116,0,1,0,0,0,0,1,0,0
Gm16117,2,2,0,0,0,0,0,0,0
Gm16118,83,21,4,2,7,0,7,1,3
Maf,3637,419,133,63,284,138,84,51,65
Gm15655,5,2,1,0,0,1,1,0,0
Gm45733,1,0,0,0,1,0,2,1,1
Cdyl2,85,7,6,1,5,7,3,3,8
Cmc2,403,55,14,6,33,13,5,6,6
Cenpn,40,3,1,5,3,6,4,3,1
Atmin,160,21,5,1,11,3,0,1,4
1700030J22Rik,5,1,0,2,1,1,0,1,0
Gcsh,1021,136,49,12,76,25,35,25,21
Pkd1l2,0,0,0,0,1,0,0,1,0
Gm15395,0,0,0,0,1,0,0,0,0
Bco1,5,0,0,0,0,0,0,0,0
Gan,726,75,32,7,87,11,41,22,14
Cmip,340,55,16,8,37,15,30,8,20
Plcg2,1,1,4,2,0,0,1,2,1
Sdr42e1,24,1,0,1,0,0,0,2,0
Gm38416,0,0,0,1,0,0,0,0,0
Hsd17b2,2,0,0,0,0,0,0,0,0
Mphosph6,612,61,23,11,40,9,19,14,12
Cdh13,1636,59,26,8,45,15,27,16,15
Hsbp1,3858,507,181,79,365,144,125,93,121
Mlycd,265,18,8,2,7,4,9,3,6
Osgin1,45,12,3,0,13,2,11,0,3
Necab2,0,2,0,0,0,0,0,0,0
Mbtps1,2042,179,51,16,95,47,44,21,25
Hsdl1,341,26,15,1,13,6,7,8,3
Taf1c,99,9,1,2,4,3,1,0,0
Kcng4,7,0,0,0,1,1,0,0,1
Wfdc1,42,6,6,2,16,6,17,6,5
Atp2c2,0,0,0,0,0,0,0,0,0
Tldc1,76,6,0,0,2,1,0,0,0
Cotl1,328,67,43,17,84,32,38,23,7
Klhl36,119,8,7,1,16,3,1,1,4
Usp10,371,47,27,8,38,9,21,11,11
Crispld2,5496,663,94,18,238,74,163,59,81
Zdhhc7,466,60,13,6,27,5,14,7,7
6430548M08Rik,301,38,7,2,12,5,3,6,2
A330074K22Rik,10,0,0,0,1,1,0,0,0
Gse1,431,32,13,16,28,10,18,21,16
Gins2,155,22,2,6,7,6,1,1,6
Gm26739,0,0,0,0,0,0,0,0,1
1190005I06Rik,54,7,1,1,7,8,4,3,4
Emc8,878,131,46,30,87,40,30,22,33
Cox4i1,18390,2384,703,336,1267,399,479,370,414
Irf8,41,2,6,5,34,7,22,8,6
Foxf1,15,6,3,0,1,0,0,0,0
Mthfsd,208,22,8,7,16,5,8,2,8
Foxc2,14,2,1,0,1,0,0,2,0
Foxl1,1,1,0,0,0,0,0,0,0
Gm26815,0,0,0,0,0,0,0,0,0
Fbxo31,616,53,19,6,28,10,14,6,12
Map1lc3b,9699,1576,454,141,856,249,367,206,181
Zcchc14,1732,201,57,29,131,51,65,28,46
Gm27030,13,0,0,0,1,1,0,0,1
Gm45833,33,9,2,2,1,0,3,1,2
Jph3,0,0,0,0,0,0,0,0,0
Klhdc4,379,56,20,2,39,8,9,11,5
Gm20406,1,0,0,0,0,1,0,0,0
Gm42047,105,37,10,7,68,14,11,3,5
Gm26812,3,4,0,0,2,2,3,0,1
Slc7a5,309,70,17,9,23,9,14,5,10
Car5a,5,5,3,0,3,1,4,1,2
Banp,291,62,23,13,53,32,18,13,14
Zfp469,970,63,7,6,23,14,18,3,12
Zfpm1,158,29,6,3,18,5,9,4,4
Gm45353,5,8,1,0,7,2,2,0,0
Trhr2,0,3,1,0,2,0,1,0,1
Zc3h18,585,124,40,18,75,23,23,10,16
Cyba,4086,771,264,63,342,115,154,97,124
Mvd,180,23,4,3,24,2,7,5,13
Gm20735,1,0,0,0,0,0,0,0,0
Snai3,0,0,0,0,0,0,0,0,0
Rnf166,545,64,18,8,38,24,33,11,11
Ctu2,369,29,12,6,36,6,10,14,7
Piezo1,518,90,47,17,61,19,34,14,15
Cdt1,86,20,6,3,16,4,1,4,4
Aprt,3657,548,177,61,304,73,106,84,79
Galns,281,28,13,3,18,7,7,1,2
Trappc2l,1511,256,80,28,137,53,66,26,43
Pabpn1l,0,0,0,0,0,0,0,0,0
Cbfa2t3,133,3,4,3,13,6,18,4,2
Gm10612,0,0,0,0,0,0,0,0,0
A530010L16Rik,0,0,0,0,0,0,0,0,0
Acsf3,97,8,1,2,7,3,3,3,0
Cdh15,0,0,0,1,1,0,0,1,0
Gm45894,0,2,0,0,0,0,1,0,0
Ankrd11,2525,361,103,52,205,79,96,71,74
Spg7,583,76,27,10,60,21,17,15,14
Rpl13,88292,14323,4415,1227,6483,2009,2451,1995,2248
Cpne7,37,15,5,0,3,2,0,1,3
Sult5a1,488,147,41,12,121,42,70,27,23
Gm4316,3,1,1,1,0,0,0,1,0
Dpep1,13409,1280,292,65,776,209,316,135,115
Chmp1a,1260,175,55,15,80,31,42,22,20
Spata33,36,7,7,0,13,2,4,1,3
Cdk10,372,40,10,4,27,13,10,4,7
Spata2l,39,5,2,1,20,2,4,2,3
Vps9d1,270,27,11,8,19,13,6,2,6
Zfp276,118,17,4,2,14,5,5,1,1
Fanca,8,3,1,0,2,0,0,0,0
Spire2,1,0,0,0,0,0,0,0,0
Tcf25,3674,517,151,46,237,74,108,78,87
Mc1r,8,5,4,3,4,3,5,3,2
Tubb3,68,36,11,3,16,7,3,9,3
Def8,264,26,7,5,21,6,14,5,2
Afg3l1,794,90,29,9,46,15,17,15,13
Gas8,297,45,12,4,25,9,9,8,4
Rhou,848,133,55,9,100,10,25,22,29
4732419C18Rik,10,2,0,0,1,0,0,1,1
Rab4a,246,29,4,3,25,3,8,9,7
2810455O05Rik,13,2,1,1,0,0,0,1,0
Ccsap,20,0,1,0,5,3,1,0,0
Acta1,11,1,0,2,3,0,1,10,16
Gm29773,8,0,0,1,1,1,1,0,1
Nup133,320,24,10,3,11,7,9,1,10
Gm45890,9,1,0,0,0,1,0,1,0
Abcb10,264,36,6,7,31,9,6,7,5
Taf5l,411,53,19,5,18,9,19,10,6
Urb2,111,25,11,2,16,3,9,4,3
Galnt2,5,3,0,0,1,1,0,0,1
Gm15775,2,0,0,0,0,0,1,0,0
Pgbd5,2,0,0,0,0,0,0,0,0
Cog2,357,49,14,4,23,5,8,7,2
Agt,127,69,8,0,34,2,15,4,27
Capn9,14,8,3,1,1,0,2,1,0
2310022B05Rik,1712,136,43,16,112,31,46,30,38
Ttc13,366,34,10,4,24,16,6,3,8
Arv1,41,4,5,0,3,2,1,2,4
Fam89a,17,1,0,4,1,3,2,3,0
Trim67,1,0,0,0,0,1,0,0,0
2810004N23Rik,523,77,23,5,53,17,17,15,21
Gnpat,400,48,18,6,37,8,8,3,5
Exoc8,181,12,6,0,5,5,0,3,2
Sprtn,204,24,5,3,15,5,10,6,7
Egln1,1423,159,43,18,123,46,44,28,40
Tsnax,957,106,36,18,63,23,22,15,26
Disc1,13,7,1,0,3,2,1,0,1
Gm16237,0,0,0,0,0,0,0,2,0
Sipa1l2,116,21,2,6,5,14,11,6,1
Map10,8,1,0,0,0,0,2,0,0
Ntpcr,448,34,16,2,19,6,13,12,7
Kcnk1,3,0,1,0,0,0,0,0,0
Coa6,492,94,25,4,35,18,14,8,14
Tarbp1,59,5,1,3,3,2,2,3,0
Gm26759,27,2,0,0,3,0,5,1,3
Irf2bp2,2761,259,80,26,181,57,85,34,51
Gm45805,0,0,0,0,0,0,0,0,0
Gm31718,2,2,0,0,0,0,0,0,0
A630001O12Rik,0,0,0,0,0,0,0,0,0
Tomm20,4134,721,223,88,371,129,151,119,125
Rbm34,505,58,21,7,33,21,13,12,13
Pard3,941,117,39,10,56,21,27,15,15
Nrp1,1714,191,36,5,107,37,66,15,27
Itgb1,7027,709,169,104,535,257,223,125,140
2610044O15Rik8,237,22,5,1,8,9,8,2,8
Gm32856,23,4,2,0,5,1,0,0,0
D830030K20Rik,0,0,1,0,0,0,0,0,0
Gm3488,0,0,0,0,0,0,0,0,0
Gm3468,3,0,0,0,0,0,0,1,0
Gm8050,0,2,0,0,1,0,0,1,0
Gm3636,3,0,0,0,1,0,0,0,0
Gm3696,0,0,0,0,0,2,0,0,0
Gm3512,0,0,1,0,0,0,0,0,0
Gm3739,0,0,0,0,0,0,0,0,0
Gm3558,0,0,0,0,0,0,0,1,0
Gm16741,3,2,0,0,3,0,0,0,0
Flnb,433,60,38,14,108,22,21,22,15
Dnase1l3,0,0,0,0,0,0,0,0,0
Abhd6,134,13,7,0,11,1,1,2,10
Rpp14,453,55,14,7,32,3,13,11,11
Pxk,1386,170,56,12,64,30,52,18,23
Pdhb,984,340,75,19,113,36,50,24,46
Kctd6,288,45,9,3,14,13,7,7,4
Fam107a,10,2,0,0,1,0,0,0,0
4930452B06Rik,3,1,0,0,1,2,0,0,1
Fhit,53,3,0,2,4,1,2,2,2
Gm3839,24,3,1,0,0,0,1,0,0
Ptprg,776,65,18,11,42,21,16,9,17
Gm49355,0,0,0,0,0,1,0,0,0
3830406C13Rik,616,88,26,7,54,17,17,12,11
D030051J21Rik,1,1,0,1,1,0,1,0,0
Cadps,55,5,2,0,2,2,1,0,0
Synpr,1,1,0,0,1,0,0,0,0
Thoc7,2496,391,98,38,216,69,90,55,54
Atxn7,776,166,54,15,81,26,42,19,19
Psmd6,2108,242,85,37,160,39,46,32,43
Gm48857,2,1,2,0,0,0,0,0,0
Olfr31,0,0,0,0,0,2,0,0,0
Il3ra,1018,217,40,10,101,18,19,17,18
Slc4a7,585,100,34,13,90,37,26,15,12
Nek10,2,3,1,0,1,1,1,1,0
Oxsm,160,17,5,0,2,1,3,1,2
Gm47794,3,0,0,0,0,1,0,0,0
Ngly1,671,87,18,8,44,13,22,16,20
Gm48163,3,0,0,0,0,0,0,1,0
Top2b,2034,174,55,20,104,43,55,34,38
Rarb,52,6,3,3,9,1,2,1,0
Thrb,675,71,31,6,41,9,13,24,10
Gm48321,0,0,0,0,0,0,0,0,0
Nr1d2,390,115,29,5,30,11,10,10,12
Rpl15,35907,5748,1659,584,2871,904,1002,716,874
Nkiras1,428,33,10,9,25,20,16,18,23
Ube2e1,1229,184,67,27,107,26,43,30,26
Ube2e2,1000,127,36,8,70,27,36,31,20
Gm21738,0,0,1,0,3,0,0,0,0
Gm2237,4,1,1,0,1,0,0,0,0
Nid2,571,65,8,5,82,57,45,11,13
Rtraf,5527,641,207,96,453,112,143,94,124
Gng2,206,15,10,25,38,34,17,20,16
Saysd1,580,53,18,3,31,13,6,13,7
Kcnk5,23,25,13,0,19,6,5,13,5
Nudt13,339,33,8,3,20,6,9,6,8
Ecd,355,35,13,4,19,7,12,4,8
Fam149b,394,55,14,5,38,14,8,14,15
Gm30054,2,0,0,0,0,0,0,0,0
Dnajc9,547,55,28,19,59,24,25,6,15
Mrps16,1905,262,83,26,154,52,56,42,42
Cfap70,2,0,0,0,1,1,0,0,0
Anxa7,2846,377,104,26,143,60,57,43,49
Mss51,47,17,4,1,6,1,5,6,1
Ppp3cb,1419,164,53,28,104,34,41,24,15
1810062O18Rik,25,2,1,1,0,2,1,1,1
Usp54,128,10,3,0,10,2,4,5,3
2810402E24Rik,130,12,3,2,9,3,3,4,2
Myoz1,1,1,0,0,0,0,0,0,0
Synpo2l,1,1,1,0,0,0,0,0,0
Sec24c,836,102,36,7,52,25,24,11,13
6230400D17Rik,33,3,1,0,0,0,1,0,0
Fut11,1093,151,43,6,88,35,35,13,19
Chchd1,2069,295,110,34,181,45,41,35,50
Zswim8,1088,100,33,21,69,43,38,15,20
Ndst2,222,33,9,2,4,3,2,4,4
Camk2g,437,106,23,14,41,14,16,16,16
Gm30108,18,1,0,0,0,0,0,1,0
Plau,60,74,11,4,80,9,11,14,7
Vcl,808,95,24,42,144,37,50,67,63
Ap3m1,628,61,18,4,24,12,10,5,13
Adk,3351,466,135,31,151,64,107,47,69
Kat6b,699,76,26,8,65,17,34,20,20
Dupd1,1,1,0,0,1,0,0,0,0
Dusp13,1,0,0,0,0,0,1,0,0
Samd8,727,82,42,4,51,20,22,11,7
Vdac2,3182,397,150,57,245,76,76,74,78
Comtd1,297,47,16,3,31,14,9,4,7
A430057M04Rik,3,3,1,0,0,0,0,1,0
Zfp503,2293,189,40,13,122,58,57,28,36
Lrmda,129,18,8,1,11,2,16,2,2
Gm7480,0,0,0,0,0,0,0,0,0
Gm10248,0,0,0,0,0,0,1,0,0
Kcnma1,92,3,2,0,2,8,1,0,1
CT025624.1,2,1,0,0,0,0,0,1,0
Dlg5,358,41,8,11,27,10,8,7,11
E330034G19Rik,3,0,0,0,0,0,0,0,1
Polr3a,132,13,2,2,9,0,4,5,6
Rps24,89505,14317,4178,1364,6827,2051,2561,1757,2285
Zmiz1os1,8,1,1,0,1,1,0,0,1
Gm26660,23,2,2,0,1,1,4,0,0
Zmiz1,2724,357,113,30,182,86,111,78,72
Gm26772,8,3,2,0,0,0,0,1,135
Ppif,193,31,13,4,15,11,11,4,7
Ppifos,1,1,0,0,0,0,0,0,2
Zcchc24,2827,288,91,18,187,71,69,37,49
Anxa11,1316,166,56,13,77,32,34,19,24
Anxa11os,0,0,0,0,1,0,0,1,0
Plac9a,72,41,27,5,34,2,18,43,29
Tmem254a,38,6,3,0,4,4,4,2,3
Duxbl1,1,0,1,0,1,0,0,0,0
Gm9780,324,361,151,15,95,28,75,161,135
Tmem254c,10,5,7,0,3,0,1,8,3
Plac9b,226,125,81,17,121,14,64,107,85
Duxbl3,5,0,0,0,1,0,0,0,2
Slmapos2,1,0,0,0,0,0,0,0,0
Slmap,859,101,25,6,53,17,31,19,21
Dennd6a,488,67,22,9,44,15,10,24,15
Arf4os,7,1,0,0,1,0,0,1,0
Arf4,9647,1779,516,187,1107,340,484,210,243
Pde12,316,99,36,16,48,10,33,11,12
9930004E17Rik,3,2,0,0,0,0,1,0,0
Dnah12,1,7,0,0,5,7,4,1,2
Asb14,0,1,0,0,0,0,0,0,0
Appl1,1375,150,53,16,83,35,35,18,25
Hesx1,4,0,0,0,0,0,0,0,0
Il17rd,596,53,18,5,28,15,19,8,10
Arhgef3,259,51,9,2,17,9,9,6,6
Fam208a,1352,185,68,18,126,41,56,32,36
Ccdc66,241,32,13,5,16,4,9,4,4
Erc2,2,0,1,0,1,0,0,0,0
Wnt5a,1937,162,67,38,90,82,53,53,54
Gm2670,7,1,1,0,0,0,0,1,1
Gm35164,3,0,0,0,1,0,0,0,0
Cacna2d3,95,11,4,1,7,2,5,0,4
Lrtm1,17,3,2,0,1,2,1,0,0
Selenok,8410,1216,372,192,906,253,331,230,217
Actr8,339,47,11,8,29,8,13,7,7
Il17rb,8,1,0,0,1,0,0,0,0
Chdh,42,2,0,0,0,0,0,0,0
Cacna1d,52,1,1,0,1,1,1,1,0
Dcp1a,223,28,12,2,10,4,6,4,8
Tkt,2465,324,102,37,163,65,52,58,48
Prkcd,433,59,29,12,46,18,40,22,13
AC154646.1,0,0,0,0,0,0,0,0,0
Rft1,245,33,5,3,11,6,7,6,3
Sfmbt1,212,41,10,1,14,4,12,5,5
1700087M22Rik,0,0,0,0,0,0,0,0,0
Tmem110,549,61,19,8,35,15,20,15,11
Mustn1,140,45,2,0,70,8,7,10,18
Itih4,0,0,0,0,1,0,1,0,0
Itih1,0,0,0,0,0,0,0,0,0
Nek4,129,11,8,0,7,5,6,1,5
Spcs1,4746,610,184,81,377,152,139,99,132
Glt8d1,961,119,24,14,95,39,49,16,16
Gnl3,1655,427,134,45,205,63,103,35,38
Pbrm1,3380,366,96,49,176,68,72,45,50
Smim4,957,108,41,9,68,28,37,27,21
Nt5dc2,803,67,18,19,50,23,14,10,22
Stab1,26,10,1,2,8,2,2,5,2
Nisch,5595,387,107,71,256,120,116,90,79
Tnnc1,27,7,1,0,3,0,0,1,2
Sema3g,133,0,0,4,12,14,13,7,2
Phf7,101,7,1,1,2,7,0,0,1
Bap1,393,48,14,5,26,10,17,8,9
Dnah1,59,2,1,2,11,2,1,0,1
Capn7,516,67,19,3,33,11,20,5,11
Sh3bp5,684,97,23,7,45,32,21,39,12
Mettl6,432,73,20,2,36,22,16,18,7
Eaf1,526,88,23,15,40,16,14,6,11
Colq,29,7,0,1,4,3,3,0,4
Hacl1,145,30,6,1,15,3,11,2,4
Btd,471,64,21,9,36,14,31,5,11
Ankrd28,793,133,44,39,112,46,52,61,88
4930425P05Rik,52,5,1,0,5,0,2,1,2
Galnt15,4118,235,48,2,87,16,30,42,49
Dph3,1543,189,86,22,129,45,39,35,38
Oxnad1,146,24,9,2,18,10,4,11,5
Ncoa4,772,73,20,4,45,23,17,14,18
Timm23,23,12,10,1,11,2,5,8,4
Parg,410,45,14,6,27,10,12,7,14
Gm46447,10,2,0,0,3,1,1,0,2
Gm48914,5,0,0,1,1,0,0,1,0
Ogdhl,6,0,0,0,0,0,1,0,2
Ercc6,109,15,11,2,15,4,4,3,3
Prrxl1,1,1,0,0,0,0,0,0,0
3425401B19Rik,0,0,0,0,1,2,0,0,0
1810011H11Rik,0,0,0,0,0,0,0,0,0
Vstm4,1124,92,27,5,59,30,46,12,18
Wdfy4,2,0,1,0,0,1,1,0,0
Lrrc18,33,0,1,0,1,0,1,0,0
Arhgap22,93,17,5,1,10,3,3,3,4
Gm15512,3,1,0,0,0,1,0,1,0
Mapk8,1006,139,41,21,87,20,38,24,15
Frmpd2,5,1,0,0,1,0,0,0,0
Gdf10,266,150,36,25,101,20,79,42,12
A630023A22Rik,11,0,0,0,0,0,0,0,0
Anxa8,194,9,5,0,6,14,2,3,1
Npy4r,1,0,0,1,1,0,1,0,1
Gprin2,2,0,0,0,0,0,0,0,0
Syt15,1,0,0,0,0,0,0,0,0
Gm49201,10,1,0,0,0,0,0,0,0
Fam35a,120,15,6,3,9,4,2,5,4
Glud1,4671,598,177,41,299,74,116,92,102
Fam25c,0,0,1,0,0,0,1,0,0
Sncg,5,9,1,0,1,0,0,1,0
Mmrn2,4,4,2,1,0,0,1,1,2
Bmpr1a,1620,174,48,16,97,46,49,30,35
Gm17110,1,0,0,0,0,0,0,0,0
Ldb3,17,1,0,0,1,1,0,1,1
Gm49024,0,0,0,0,0,0,0,0,0
Gm49025,2,0,0,0,0,0,0,0,0
Wapl,1287,191,62,23,118,47,58,31,18
A930038B10Rik,1,0,0,0,1,0,0,0,0
Gm49032,11,0,0,0,0,0,0,0,0
Grid1,5,1,0,1,2,1,1,1,2
Ccser2,1136,116,33,15,58,48,41,13,23
Cdhr1,1,1,0,0,0,0,0,0,0
2610528A11Rik,1,1,1,0,1,0,1,1,0
Ghitm,2041,294,120,38,175,66,66,42,29
Nrg3,0,0,0,1,2,0,0,0,0
Sh2d4b,1,1,0,0,0,0,2,0,0
Tspan14,267,27,13,10,24,11,12,7,7
Fam213a,127,17,3,8,15,12,15,12,10
Gm47547,11,3,0,0,2,0,0,1,1
Gm7324,9,1,2,2,5,3,1,0,1
Gm8113,18,1,0,0,1,0,1,1,1
Ear2,40,1,0,0,1,0,0,0,1
AC160336.1,2738,3287,1301,389,3058,1343,1324,1816,2616
Ptgdr,1,0,0,0,0,0,0,0,1
Gm17173,0,0,0,0,0,0,0,0,0
Ptger2,9,0,0,0,1,1,1,0,0
Txndc16,586,46,15,4,39,15,24,15,13
Gpr137c,30,3,2,4,7,12,1,1,3
Ero1l,527,119,35,14,68,13,26,20,11
Psmc6,2538,447,128,47,218,75,87,49,57
Styx,172,77,22,8,31,12,16,12,8
Gnpnat1,996,87,32,10,59,23,15,17,31
Fermt2,2038,385,108,59,256,91,95,74,77
Gm49123,3,0,0,0,2,0,0,0,0
Gm15601,1,3,1,0,0,0,0,0,0
Ddhd1,778,151,46,15,77,34,27,25,25
A530076I17Rik,6,0,0,0,0,0,0,0,0
Bmp4,1798,117,71,71,182,82,74,72,48
Gm15222,43,4,2,2,4,5,4,1,1
4933425B07Rik,4,0,1,0,0,0,0,0,0
Gm48924,0,0,0,0,1,1,1,0,0
Cdkn3,105,20,24,5,13,13,2,1,0
Cnih1,3502,428,137,36,220,74,66,44,71
Gm48933,85,0,1,2,2,0,0,2,0
Gmfb,1780,216,74,23,92,37,25,28,34
Cgrrf1,559,82,28,13,55,25,20,14,11
Gm34934,61,4,1,1,3,0,2,2,2
Samd4,1207,141,48,8,60,30,32,20,12
2810457G06Rik,36,4,0,2,5,1,2,2,0
Gm10371,31,5,0,1,0,0,2,1,2
Gch1,489,264,76,17,75,38,51,18,14
Wdhd1,61,4,4,4,3,1,5,0,1
Socs4,515,77,29,9,55,18,24,10,20
Mapk1ip1l,1611,260,85,23,134,60,71,37,54
Lgals3,34545,4738,1326,265,1338,389,582,319,607
Dlgap5,44,8,7,1,3,5,0,0,0
Gm48975,0,0,0,0,0,0,0,0,1
Fbxo34,222,59,15,6,49,14,14,14,11
Gm35166,0,2,0,0,0,0,0,1,0
Atg14,140,12,12,3,22,2,3,8,5
Gm49004,0,0,0,0,0,0,0,0,0
Ktn1,1216,208,61,24,131,52,63,43,41
Gm49303,3,1,0,0,1,0,0,0,0
Peli2,936,134,39,10,56,11,21,19,20
Tmem260,432,30,7,6,26,9,12,13,7
4930572G02Rik,2,5,0,0,3,0,1,0,0
Gm49151,1,0,0,0,1,0,0,0,0
Exoc5,1228,225,55,28,107,36,44,30,25
Ap5m1,313,35,10,1,18,10,5,9,3
Naa30,421,64,24,11,35,15,13,11,15
3632451O06Rik,976,75,21,3,50,15,34,11,7
Olfr727,1,0,0,0,0,0,1,0,0
Olfr731,0,3,0,0,1,0,1,0,0
Olfr735,1,0,0,0,0,0,0,0,0
Tlr11,0,0,0,0,0,0,0,0,0
Olfr742,6,1,2,0,1,1,1,1,0
Ttc5,373,33,14,6,23,12,16,4,7
Ccnb1ip1,53,93,12,41,77,37,11,127,122
Parp2,313,52,12,5,27,7,9,10,9
Tep1,292,34,21,0,25,11,12,4,9
Gm26782,455,48,14,9,30,15,10,7,7
Klhl33,171,4,2,1,10,1,6,1,2
Osgep,1061,158,63,26,116,38,34,17,27
Apex1,638,73,22,29,61,20,8,28,23
Tmem55b,817,127,39,21,66,20,31,16,21
Pnp,5871,2240,737,98,1281,312,532,159,214
Pnp2,155,44,21,2,48,14,11,6,11
Rnase10,86,7,4,0,8,1,1,1,0
Rnase12,0,0,0,0,0,0,0,0,1
Rnase4,37097,3800,1350,108,1678,413,685,281,491
Ang,1968,299,94,4,107,26,36,18,31
Eddm3b,4,0,0,0,0,0,0,0,0
Rnase6,7,1,0,1,0,1,1,0,0
1810028F09Rik,4,0,0,0,0,0,0,0,0
Rnase1,79,121,5,0,3,1,0,1,3
Rnase2b,1,0,0,0,0,0,0,0,0
Ang2,2,0,0,0,0,0,1,0,0
Ear6,0,0,0,0,0,0,0,0,0
Mettl17,121,8,6,3,9,1,6,4,4
Slc39a2,8,0,0,0,0,1,1,0,0
Ndrg2,710,69,16,3,38,21,29,23,16
Arhgef40,1001,84,28,16,73,41,34,21,25
Zfp219,371,45,8,1,21,13,8,10,11
Tmem253,4,2,0,0,1,1,2,0,0
Gm49086,1,1,0,0,0,0,0,0,0
Hnrnpc,2581,501,168,79,320,116,110,81,109
Rpgrip1,129,44,19,7,28,12,16,9,14
Supt16,1030,146,51,27,92,44,37,31,37
Gm26590,5,0,1,1,1,1,0,0,1
Chd8,769,87,20,9,47,23,24,17,22
Rab2b,373,31,9,6,21,17,14,13,4
Tox4,801,146,39,20,73,35,35,23,28
Mettl3,209,35,7,3,19,12,5,7,12
Sall2,134,9,0,1,4,4,2,3,2
Trav16n,0,0,0,0,0,0,0,0,0
Trav13-1,0,0,0,0,0,0,0,0,0
Trav5-4,0,0,0,0,0,0,0,0,0
Trav6-7-dv9,7,0,0,0,0,0,0,0,0
B230359F08Rik,1,0,0,0,0,0,0,0,0
Trav21-dv12,0,0,0,0,0,0,0,0,0
Trdv1,0,0,0,0,0,0,0,0,0
Gm43647,0,0,0,0,0,0,0,0,0
Trav22,0,0,0,0,0,1,0,0,0
Trdv2-2,0,0,0,0,0,0,0,0,0
Trdv4,3,0,0,0,1,0,0,1,0
Gm43434,0,0,0,0,0,0,0,0,0
Trdc,415,10,1,0,2,6,2,4,2
Trac,3,0,0,0,1,0,2,3,0
Dad1,7534,1074,302,141,729,247,251,165,169
Abhd4,832,84,29,8,44,22,29,15,11
Oxa1l,759,78,33,5,50,14,10,11,13
Slc7a7,97,10,1,2,8,4,5,2,4
Mrpl52,4947,1173,322,91,455,166,150,113,143
Mmp14,15528,1390,296,156,1136,393,332,147,218
Gm10366,5,2,0,0,0,0,0,0,0
Lrp10,1540,205,58,14,103,45,49,27,26
Rem2,1,1,1,4,2,0,0,0,1
Prmt5,379,55,9,2,20,3,5,10,7
Haus4,414,32,8,2,27,10,7,4,7
Ajuba,92,2,2,2,1,2,5,2,3
4931414P19Rik,35,6,2,0,2,0,1,0,0
Psmb5,3812,517,188,97,298,119,102,69,95
Psmb11,1,1,0,0,1,0,0,0,0
Cdh24,24,9,2,3,12,6,1,7,4
Acin1,1733,259,75,36,156,56,73,40,59
4930579G18Rik,1,0,0,0,2,0,0,0,0
1700123O20Rik,1002,120,36,21,81,28,31,23,20
Gm29776,0,0,0,0,0,0,0,0,0
Cebpe,1,0,0,0,0,0,0,0,0
Slc7a8,81,8,6,0,6,1,6,1,2
Homez,49,2,2,0,2,1,0,0,0
Ppp1r3e,60,4,2,0,3,1,0,0,1
Bcl2l2,451,72,20,13,37,12,16,12,21
Pabpn1,661,202,61,43,117,52,64,55,59
Slc22a17,303,26,10,12,38,24,22,14,19
Efs,1162,106,25,9,74,27,41,13,24
Cmtm5,17,0,0,0,0,9,1,2,0
Ngdn,659,102,31,11,59,15,14,17,13
Zfhx2os,2,0,0,0,0,0,0,0,0
Zfhx2,29,4,1,2,3,2,0,2,1
Thtpa,2,0,0,0,0,0,0,0,0
Ap1g2,167,11,5,1,11,5,3,3,4
Jph4,83,1,2,4,10,5,5,1,4
Dhrs2,2,0,0,0,0,0,0,0,0
Dhrs4,885,125,37,22,69,24,27,24,13
Carmil3,25,4,4,0,8,1,0,1,1
Nrl,1,2,2,0,0,0,2,0,0
Pck2,689,76,16,8,41,15,15,7,18
A730061H03Rik,0,0,0,0,0,0,0,0,0
Dcaf11,527,47,22,12,32,9,22,5,12
Fitm1,1,1,0,0,1,0,0,1,0
Psme1,2280,430,148,45,246,74,108,60,51
Emc9,299,53,8,4,24,6,7,2,5
Psme2,1985,428,127,50,234,73,82,42,48
Rnf31,217,49,12,5,18,8,11,1,8
Irf9,362,92,28,14,57,29,29,23,16
Rec8,0,3,1,0,3,2,0,0,1
Ipo4,720,113,28,8,49,17,26,5,13
Tm9sf1,111,17,10,4,8,4,7,4,7
AC174678.1,15,6,1,0,4,0,0,2,0
Tssk4,15,1,0,0,1,0,1,0,0
Mdp1,975,89,33,17,75,19,31,25,27
Nedd8,4723,731,244,119,484,158,178,118,145
Gmpr2,337,38,17,5,32,17,8,10,7
Tinf2,126,28,9,4,12,5,1,6,12
Tgm1,146,25,12,2,3,2,0,5,0
Rabggta,213,22,6,7,20,5,11,3,8
Dhrs1,793,106,32,22,64,29,36,13,10
Nop9,332,43,22,5,19,12,9,7,5
Cideb,3,2,2,0,0,0,0,2,2
Ltb4r2,9,1,0,0,0,0,0,0,0
Ltb4r1,25,5,1,0,1,1,1,1,2
Adcy4,332,37,12,0,14,6,13,6,8
Ripk3,528,93,22,6,46,4,16,14,16
Nfatc4,1587,135,39,15,62,20,36,14,24
Nynrin,259,18,4,6,12,7,13,9,8
Cbln3,7,1,0,0,1,0,0,0,1
Khnyn,327,38,7,4,33,11,11,6,6
Sdr39u1,94,24,5,0,16,7,5,4,4
Cma1,16,0,0,0,0,0,0,0,0
Cma2,0,0,0,0,0,0,0,0,0
Mcpt1,0,0,0,0,0,0,0,0,0
Mcpt2,0,0,0,0,0,0,0,0,0
Mcpt4,27,0,1,0,0,0,0,0,0
Mcpt8,0,0,0,0,0,0,0,0,0
Ctsg,0,0,0,0,0,0,0,0,0
Gzme,2,0,0,0,0,0,0,0,0
Gzmf,0,0,0,0,0,0,0,0,0
Gzmc,1,0,0,0,2,0,0,7,4
Gzmb,1,0,0,2,1,3,0,1,0
Atp12a,0,0,0,0,0,0,0,0,0
Gm10873,0,0,1,0,1,0,0,0,0
Rnf17,0,0,0,0,1,0,0,1,0
Cenpj,126,9,7,3,11,3,4,2,8
Parp4,323,50,18,5,31,9,14,4,6
Mphosph8,764,104,31,27,67,51,38,22,25
Gm16973,99,23,9,4,21,5,5,6,4
Pspc1,327,60,18,6,38,15,23,10,11
Zmym5,1268,253,71,21,116,36,77,33,45
Zmym2,641,78,30,8,47,9,19,18,26
Gja3,0,0,0,0,0,0,0,0,0
Gjb2,6,0,0,0,0,0,0,0,0
Gjb6,0,0,0,0,0,1,0,0,0
Cryl1,253,29,15,1,23,6,12,7,10
Ift88,151,18,5,3,15,2,7,8,4
Il17d,99,14,3,4,33,7,12,8,11
Eef1akmt1,564,92,27,7,52,19,14,18,14
Xpo4,504,54,22,7,27,9,8,10,13
Lats2,1365,164,49,10,56,35,33,22,31
Sap18,1989,463,201,97,334,88,110,66,85
Ska3,23,12,4,3,1,5,2,1,2
Mrpl57,1438,208,55,22,117,33,39,39,45
Zdhhc20,1958,196,66,32,125,60,53,53,47
Micu2,490,46,22,7,30,17,8,9,13
Fgf9,124,5,0,0,6,1,0,0,0
Gm33472,7,0,0,0,1,0,0,0,0
Rcbtb1,324,29,10,1,20,8,6,7,6
Gm6904,0,0,0,0,0,0,1,0,0
Phf11a,1,0,0,0,0,0,2,0,0
Phf11b,14,19,7,0,11,1,2,4,0
Phf11d,245,172,56,4,56,15,20,8,13
Phf11c,16,2,0,2,4,1,0,1,0
Setdb2,105,16,7,2,11,1,9,4,5
Cab39l,1223,265,55,12,53,23,20,18,19
Cdadc1,491,43,23,2,29,11,12,13,10
Shisa2,2,0,0,1,0,1,1,0,1
Atp8a2,3,0,0,0,0,0,0,1,0
Nupl1,1,1,0,1,1,0,0,0,0
Gm49336,576,82,22,5,31,19,16,10,12
Mtmr6,873,84,35,7,51,19,22,21,18
Amer2,1,0,0,0,0,0,0,0,0
Spata13,133,4,2,1,5,7,8,6,1
C1qtnf9,2,0,0,0,0,0,0,0,0
Mipep,182,16,10,0,14,7,10,2,0
Tnfrsf19,438,17,13,6,21,10,4,4,9
Sacs,146,26,11,12,5,8,5,4,10
Sgcg,1,0,0,0,0,0,0,0,0
Arl11,2,0,0,0,0,0,0,0,1
Ebpl,604,131,42,10,72,19,34,16,27
Kpna3,642,77,29,9,41,13,27,16,14
4930556J02Rik,0,0,0,0,0,0,0,0,0
Spryd7,256,34,11,4,31,4,3,9,5
Trim13,108,6,6,0,6,6,3,4,1
Kcnrg,3,0,1,1,0,0,0,0,1
Gm27010,47,47,8,4,16,3,7,1,1
Gm26916,2,5,0,2,1,0,2,1,0
Gm27017,1,0,1,0,0,0,0,0,1
Dleu7,1,1,0,0,2,0,0,0,0
Rnaseh2b,418,55,25,6,38,16,11,4,11
Gucy1b2,3,0,0,0,0,0,0,0,0
Fam124a,364,47,15,4,21,4,12,5,13
Ints6,992,314,76,33,123,57,89,51,51
Gm26536,10,0,1,0,2,0,0,0,0
Wdfy2,812,115,35,3,48,16,25,8,14
Defb42,2,1,1,0,0,0,0,0,1
Ctsb,20190,4512,1187,191,1622,584,669,331,346
Fdft1,255,42,9,7,24,7,11,6,10
Neil2,92,8,1,0,3,2,2,1,0
Blk,1,0,0,0,0,0,1,0,0
Fam167a,59,5,0,2,3,6,0,3,5
Tdh,0,0,0,0,0,1,0,0,0
Mtmr9,293,38,15,1,33,12,10,4,10
Xkr6,19,6,0,0,9,3,0,1,2
Pinx1,220,22,7,5,14,6,4,9,4
Sox7,3,1,0,1,0,0,0,0,0
Gm17116,1,0,0,0,0,0,0,0,0
Msra,145,21,8,6,13,6,6,4,3
Kif13b,731,72,20,2,63,16,18,11,19
Hmbox1,607,67,12,4,37,12,15,8,13
Ints9,305,44,11,3,17,11,9,4,7
Extl3,929,102,31,6,44,20,18,18,12
Fzd3,201,10,5,7,18,14,7,7,5
Fbxo16,2,0,0,0,0,0,0,0,0
Zfp395,1003,75,28,3,46,19,33,9,12
Elp3,682,66,5,4,36,10,15,14,14
Nuggc,27,0,0,0,0,0,4,0,0
Scara5,8238,713,360,8,351,91,129,51,102
Pbk,70,2,5,4,6,13,5,0,1
Esco2,51,0,5,7,4,1,3,0,1
Ccdc25,923,118,28,10,67,22,18,16,13
Scara3,2342,238,91,10,164,39,90,29,59
Clu,578,35,5,3,31,32,22,15,11
Adam2,0,0,0,0,0,0,0,0,0
Ephx2,173,7,8,0,5,8,9,2,7
Ptk2b,224,23,8,1,11,3,6,2,4
Trim35,2223,165,64,23,107,54,43,31,47
Stmn4,29,9,2,1,3,8,6,3,2
Adra1a,80,1,0,0,3,0,3,0,4
Dpysl2,3056,371,99,35,180,85,91,53,56
Gm5464,9,1,0,0,0,0,0,0,0
Pnma2,6,0,0,0,1,0,0,0,0
Bnip3l,3390,392,135,33,222,88,79,54,75
Ppp2r2a,1393,203,86,20,117,43,53,34,49
Ebf2,260,105,26,1,135,16,25,24,10
Cdca2,36,4,4,0,2,2,2,0,0
Kctd9,712,72,15,4,49,16,8,10,14
Gnrh1,32,4,5,0,4,2,3,2,0
Dock5,67,5,3,0,12,1,3,3,3
Nefm,2,0,0,1,3,1,1,2,1
Nefl,0,0,0,0,0,0,0,1,1
Adamdec1,2,0,0,0,0,0,0,0,0
Adam28,12,0,1,0,0,0,1,0,2
Stc1,580,53,33,4,3,52,4,5,42
Slc25a37,419,59,27,4,35,14,11,9,7
Gm27222,24,4,0,0,7,2,3,0,0
Synb,1,0,1,0,0,0,0,0,1
Gm16677,3,1,0,0,0,0,0,0,0
Gm16867,33,8,5,1,4,0,4,1,0
Gm27177,3,1,0,0,0,0,0,0,0
Loxl2,5987,363,135,46,462,162,150,59,87
R3hcc1,411,35,13,3,22,8,10,12,9
Chmp7,483,62,23,8,30,12,11,18,12
4930480K23Rik,10,3,0,0,1,0,2,1,2
Tnfrsf10b,40,14,6,0,7,1,1,2,5
Rhobtb2,199,14,2,1,10,5,8,3,1
Pebp4,0,0,0,0,0,0,0,0,0
Egr3,98,126,32,25,88,25,44,51,23
Bin3,560,63,21,5,42,8,11,8,14
Ccar2,287,23,10,3,19,8,8,4,9
9930012K11Rik,13,2,0,1,4,2,0,0,1
Pdlim2,858,153,39,17,106,53,53,26,16
Sorbs3,147,28,13,0,14,8,5,3,7
AC151836.1,5,3,0,0,0,0,0,1,0
Ppp3cc,177,35,14,2,15,6,7,2,5
Slc39a14,4261,658,207,22,174,55,67,36,36
Piwil2,81,8,3,1,9,1,2,1,2
Polr3d,665,117,27,12,63,23,21,16,13
Phyhip,5,0,0,0,2,0,2,0,0
Bmp1,7298,752,240,77,593,185,204,79,108
Sftpc,0,0,0,0,0,0,0,0,0
Lgi3,107,7,0,0,12,1,1,5,2
Reep4,334,24,14,9,44,16,15,6,9
Hr,391,18,13,4,27,11,18,9,9
Nudt18,415,41,15,4,29,9,9,4,9
Fam160b2,317,34,4,1,14,6,7,4,1
Dmtn,64,5,1,0,5,1,0,3,2
Fgf17,2,1,0,0,1,0,0,0,0
Npm2,2,1,0,0,2,1,0,0,0
Xpo7,716,89,15,7,40,25,29,16,21
Dok2,1,1,3,0,2,0,0,0,0
Gfra2,495,28,12,6,47,19,13,10,5
Fndc3a,855,110,37,14,61,29,27,28,19
Cysltr2,36,3,0,2,3,1,0,2,1
Rcbtb2,570,72,23,4,56,16,20,22,20
Gm17233,0,0,0,0,1,0,0,0,0
Rb1,193,27,5,10,28,7,10,5,10
Lpar6,80,18,6,0,12,2,2,2,4
Itm2b,31090,4390,1265,313,2538,856,1153,563,636
Med4,575,75,22,14,45,10,18,16,17
Nudt15,27,4,0,0,1,1,1,1,1
Sucla2,996,140,38,14,62,23,23,27,22
Gm21750,0,0,0,0,0,0,0,1,0
Gm49164,8,4,0,1,1,0,1,0,2
4933402J15Rik,7,0,0,0,0,0,0,0,0
Htr2a,170,14,4,0,3,2,2,1,2
Esd,5105,1064,311,59,371,111,129,117,138
Lrch1,361,42,9,1,20,14,13,5,6
Gm10847,1,0,0,0,0,0,0,0,0
Rubcnl,3,0,0,0,0,0,0,0,1
Lrrc63,0,0,0,0,0,0,0,0,0
Lcp1,7,4,34,0,5,4,4,4,1
Gm15629,0,0,0,0,0,0,0,0,0
Zc3h13,865,107,36,14,54,24,30,21,10
Siah3,0,0,0,0,1,0,0,0,0
Cog3,490,53,17,7,26,9,19,11,7
Slc25a30,426,87,34,1,24,12,16,4,8
Gm4285,55,10,0,0,6,4,4,1,1
Tpt1,173927,24930,7277,1811,10184,3907,4663,2391,3091
Gtf2f2,395,52,13,4,22,5,10,9,9
Kctd4,1,3,0,0,0,0,0,0,0
Gpalpp1,502,51,23,2,18,8,7,5,11
Nufip1,324,42,18,7,20,8,13,11,8
Tsc22d1,1997,337,102,66,203,99,124,77,99
4930444M15Rik,1,0,0,0,0,0,0,0,1
E130202H07Rik,0,0,0,0,0,0,0,0,0
Serp2,68,14,3,3,11,4,4,4,1
Gm30246,2,0,0,0,0,0,0,0,0
Lacc1,377,42,16,7,23,9,13,6,17
Ccdc122,269,34,17,1,26,6,9,4,5
Enox1,273,38,9,5,21,3,9,5,7
Gm6994,1,0,0,1,0,0,1,0,0
Dnajc15,820,103,40,10,81,20,27,19,16
Epsti1,3,1,8,1,2,0,0,0,0
Tnfsf11,106,3,0,0,0,2,0,0,0
Akap11,900,83,24,12,43,32,17,21,11
Dgkh,453,50,12,8,37,20,13,29,13
Vwa8,251,26,9,3,7,7,13,4,4
Gm49015,0,0,0,0,0,0,1,0,0
Gm4632,1,2,0,0,0,0,0,0,0
Zfp957,0,1,0,0,1,0,0,0,0
Rgcc,671,335,140,28,215,90,111,75,65
Naa16,327,37,18,2,21,5,7,10,10
Mtrf1,80,6,4,0,6,2,5,3,1
Kbtbd7,88,11,1,1,7,1,4,5,1
Kbtbd6,5,0,2,0,1,0,1,0,0
Wbp4,1058,134,53,21,92,40,41,22,26
Elf1,1420,397,144,46,230,61,117,34,36
Sugt1,1988,308,68,32,142,62,55,51,40
Cnmd,4,8,0,0,0,0,0,0,1
Pcdh8,3,1,1,0,0,2,0,0,0
Gm10845,2,1,0,0,0,0,0,0,0
Olfm4,0,0,0,0,0,0,0,0,1
Pcdh17,7,3,1,3,8,5,0,1,1
Gm32913,1,1,1,0,0,0,1,0,0
Diaph3,95,6,3,6,6,13,2,2,1
Tdrd3,591,61,10,9,47,16,24,10,18
Pcdh20,158,8,4,3,10,11,8,3,5
Pcdh9,138,18,1,0,24,2,3,6,5
Dach1,7,0,0,0,1,2,0,0,0
Rpl36a-ps1,365,65,20,2,13,2,7,14,9
Mzt1,715,74,14,10,37,23,26,11,16
Bora,110,6,1,8,9,6,3,3,2
Dis3,259,37,11,7,11,15,8,11,9
Pibf1,359,27,16,3,24,12,22,13,5
Klf5,246,105,17,15,67,36,45,13,18
Klf12,51,6,5,1,6,4,2,2,0
4930517O19Rik,2,0,0,0,0,0,1,0,0
Tbc1d4,139,21,10,0,12,5,6,4,12
Commd6,1118,145,52,16,93,40,38,32,26
Uchl3,692,139,32,16,54,20,28,17,24
Lmo7,41,2,0,2,7,6,0,7,7
Kctd12,1250,120,73,40,109,68,84,45,47
Gm26778,9,7,4,2,2,4,1,8,1
4933432I03Rik,0,0,0,0,0,0,0,0,0
AC102815.1,0,0,0,0,0,0,1,0,0
Acod1,14,6,4,0,2,2,0,0,0
Cln5,706,102,29,15,48,24,22,14,23
Fbxl3,1653,157,42,11,91,34,52,46,33
Mycbp2,3898,555,150,48,221,91,128,94,99
AC114585.1,2,1,0,0,0,0,0,0,0
Gm34907,9,1,0,0,1,0,0,0,0
Scel,8,1,0,0,0,0,0,0,0
Slain1,8,2,1,0,2,0,1,0,1
Ednrb,266,4,4,4,7,70,19,0,9
Pou4f1,1,0,0,0,0,0,0,0,0
Rnf219,170,12,6,3,8,9,5,2,6
Rbm26,747,116,29,20,76,38,23,31,28
Ndfip2,989,154,63,26,92,53,43,19,29
Gm35909,0,1,1,0,0,0,0,0,0
Gm10076,5058,166,51,28,118,35,29,64,58
Spry2,798,301,124,11,222,98,114,49,49
Gm48972,2,0,1,0,0,0,0,0,1
Gm36107,51,47,9,1,16,4,3,2,3
Slitrk1,15,0,0,0,0,0,1,0,0
Slitrk6,40,0,0,5,1,15,8,1,3
Slitrk5,20,0,2,0,0,1,1,2,0
Tpm3-rs7,43,10,4,4,5,5,5,7,6
Mir17hg,34,73,27,4,29,10,16,4,6
Gpc5,1,0,0,1,1,0,0,3,1
Gpc6,476,50,7,9,68,29,26,7,10
Dct,5,0,0,0,0,2,1,6,2
Gm26773,0,0,0,0,0,0,0,0,0
Tgds,302,29,11,3,17,10,12,8,12
Gpr180,1349,123,30,8,88,35,35,19,18
Sox21,1,0,0,0,0,0,0,0,0
Gm4675,0,0,0,0,0,0,0,0,0
Abcc4,1051,105,25,2,34,10,7,9,10
Cldn10,5211,344,93,16,123,21,38,14,26
Dzip1,182,23,7,4,29,10,6,5,9
Gm49179,41,6,3,0,0,2,0,0,0
Dnajc3,4758,814,241,57,361,141,156,102,89
AC154760.1,41,4,1,0,3,0,1,4,1
Uggt2,223,22,4,5,11,8,6,7,4
Mbnl2,4288,652,167,78,373,172,162,101,122
Rap2a,1019,142,50,19,94,44,43,21,28
Ipo5,1192,218,66,14,101,26,50,15,14
Farp1,753,63,12,7,39,17,12,14,10
Stk24,988,138,36,12,88,24,35,30,21
Slc15a1,0,1,0,0,0,0,1,1,1
Gm49035,2,0,0,0,0,0,0,0,0
Dock9,893,71,20,5,48,16,22,9,35
1810041H14Rik,7,0,0,0,1,0,0,0,0
Ubac2,738,92,25,12,41,23,17,9,13
Gpr18,5,0,1,1,0,0,3,0,0
Gpr183,0,0,5,1,0,3,0,1,0
Timm8a2,0,2,0,0,0,0,0,0,0
A330035P11Rik,12,2,1,0,3,1,3,0,0
Tm9sf2,2517,331,111,30,186,77,72,35,40
Clybl,257,47,14,4,26,10,6,4,8
AC154683.1,4,0,0,0,0,0,0,0,0
Pcca,286,44,10,4,23,2,10,11,4
Ggact,45,11,4,3,4,4,3,5,2
Tmtc4,124,20,2,1,5,2,7,2,2
4930594M22Rik,2,0,0,0,1,0,0,0,0
Nalcn,54,3,0,0,2,3,5,4,1
Itgbl1,7908,485,94,31,249,161,185,58,83
Fgf14,1,1,0,0,0,0,2,0,0
Gm28932,4,0,1,0,1,2,0,0,1
1700024B18Rik,5,4,0,0,2,1,3,0,0
Gm26870,7,0,1,0,11,3,21,8,4
Gm10722,0,0,0,0,0,0,0,0,0
Gm11168,0,0,0,0,0,0,0,0,0
Gm10721,0,0,0,0,0,0,0,0,0
Gm10719,0,0,0,0,0,0,0,0,0
Gm10717,0,0,0,0,1,0,0,0,0
Alkbh8,272,19,7,3,10,13,8,8,10
Cwf19l2,764,52,20,9,47,19,18,22,15
Gucy1a2,22,6,1,3,5,1,0,5,3
Aasdhppt,680,63,24,8,41,14,20,14,18
Kbtbd3,146,13,3,2,6,4,5,2,1
Msantd4,457,52,21,7,35,17,13,10,10
Gria4,99,30,16,1,10,4,12,2,3
Casp1,626,102,36,3,27,8,20,5,9
Casp4,915,619,168,18,180,73,113,15,27
Casp12,1453,169,46,8,69,20,28,8,24
Pdgfd,386,26,6,1,21,3,4,3,5
Dync2h1,440,37,10,4,29,5,10,9,10
Dcun1d5,2387,257,95,41,178,70,68,45,54
Mmp13,395,1,0,0,1,0,0,0,0
Mmp12,18,1,1,0,1,0,0,0,0
Mmp3,29953,4098,832,108,1487,570,513,317,213
Mmp10,17,0,0,1,0,0,0,0,0
Mmp8,123,9,4,0,0,1,19,0,1
Mmp27,1319,120,43,3,38,12,13,5,18
Tmem123,1387,269,73,17,119,48,58,18,31
Birc2,936,141,39,15,70,38,42,23,46
Birc3,1762,534,172,26,163,52,106,21,37
Yap1,1084,246,66,13,101,41,47,39,34
9230110C19Rik,30,1,4,1,4,3,3,2,2
Cep126,15,0,0,1,1,1,1,6,2
Trpc6,2,0,2,0,0,0,0,1,0
Pgr,3,0,0,1,8,0,0,10,1
Gm16485,0,1,0,0,1,0,0,2,1
Arhgap42,729,90,24,19,71,23,17,12,14
Jrkl,182,17,7,2,9,1,4,3,7
Ccdc82,451,64,23,8,31,20,16,10,17
Maml2,552,68,11,3,30,10,21,3,7
Mtmr2,457,57,15,10,48,13,16,7,16
Cep57,377,35,8,8,26,11,11,5,11
Fam76b,469,35,19,10,20,16,20,20,10
1700019J19Rik,0,0,0,0,0,0,0,0,0
Sesn3,1080,78,25,18,88,24,37,36,23
Endod1,210,17,13,4,9,21,6,6,10
Kdm4d,2,1,0,0,0,0,0,0,0
Cwc15,2133,306,95,39,157,69,72,57,35
Amotl1,2215,184,58,21,105,47,37,23,36
Gm7607,4,0,0,0,0,0,0,0,0
Piwil4,13,3,2,0,3,0,0,1,2
Fut4,24,2,0,0,0,2,0,0,1
1700012B09Rik,3,0,0,0,0,0,0,1,0
Ankrd49,325,28,7,0,14,6,6,4,2
Mre11a,196,21,10,3,14,2,9,3,2
Gm16302,1,0,0,0,0,0,0,0,2
Gpr83,0,1,1,0,2,0,0,0,0
Izumo1r,0,0,0,0,0,0,0,0,0
Panx1,360,61,13,4,40,20,33,6,10
Hephl1,3,0,0,0,0,0,0,0,0
Vstm5,8,1,0,0,0,0,0,0,0
Med17,367,36,12,6,26,12,10,10,8
4931406C07Rik,470,46,16,6,25,20,18,7,6
Taf1d,1688,526,142,70,218,66,89,70,80
Cep295,300,28,9,3,13,8,8,4,4
Smco4,573,92,23,6,65,14,15,15,21
Slc36a4,787,64,21,6,37,17,20,10,17
Fat3,89,3,0,0,9,2,4,4,1
Chordc1,603,137,51,15,88,39,43,65,26
Naalad2,235,24,7,4,37,11,17,13,11
Zfp558,7,0,0,0,1,0,1,0,0
Olfr839-ps1,2,1,0,1,1,0,1,2,3
Olfr847,0,0,0,0,0,0,0,0,0
Zfp317,179,27,8,1,18,7,9,6,3
Olfr77,1,2,1,0,0,0,2,0,0
Zfp560,845,94,22,11,69,22,27,21,31
Zfp26,243,15,7,7,19,2,8,2,2
Gm26733,13,3,3,2,2,1,2,0,2
Zfp426,210,24,6,2,10,3,3,7,5
Zfp266,867,59,14,8,40,21,12,18,17
Zfp846,169,7,3,3,5,3,1,1,1
Fbxl12os,23,2,3,1,2,0,0,2,0
Gm26521,9,0,0,0,2,0,0,1,0
Fbxl12,168,14,6,4,18,6,6,6,7
Ubl5,4703,909,296,116,521,157,175,126,131
Pin1,1148,146,52,20,91,18,45,35,26
Olfm2,12,1,0,1,11,4,19,15,6
Col5a3,3274,280,46,35,584,84,105,65,50
A230050P20Rik,270,34,11,7,23,11,18,2,3
Angptl6,65,5,3,2,3,0,3,0,1
Ppan,440,76,28,11,46,12,14,12,21
Eif3g,2103,256,98,34,137,42,52,40,40
Dnmt1,512,36,23,7,29,18,10,10,21
S1pr2,1817,136,41,34,89,29,41,22,34
Mrpl4,1208,170,52,18,95,34,46,24,22
Icam1,4123,1067,358,106,606,215,428,89,142
Gm47079,8,1,3,0,1,0,0,1,1
Icam4,13,0,0,0,3,2,0,0,1
Icam5,15,3,0,0,4,1,4,2,4
Gm26592,0,0,0,0,0,0,0,0,0
Zglp1,1,0,0,1,0,2,0,0,1
Gm49373,1,1,0,1,0,0,0,0,0
Gm38431,3,0,0,0,1,0,0,0,0
Fdx1l,2,0,1,1,1,0,0,0,0
Raver1,2,1,3,0,1,0,0,0,1
1700084C06Rik,5,2,0,0,0,0,0,0,0
Tyk2,203,37,9,5,23,6,7,6,9
Cdc37,2696,341,108,44,182,85,67,51,70
Pde4a,272,36,9,2,16,11,20,12,10
Gm16754,3,3,3,0,2,2,0,1,1
Keap1,890,93,30,9,32,29,27,13,10
S1pr5,0,0,0,0,0,0,0,0,0
Atg4d,205,18,6,4,22,9,8,1,4
Kri1,285,25,7,5,21,2,11,6,10
Cdkn2d,515,62,24,33,76,29,35,22,23
Ap1m2,1,0,0,0,0,0,0,0,0
Gm39302,3,0,0,1,0,0,0,0,0
Slc44a2,1095,77,33,11,69,56,39,21,22
Gm36198,0,2,1,0,0,3,0,1,0
Ilf3,855,164,44,16,88,31,42,23,24
Gm16853,4,1,1,0,3,0,0,2,0
Qtrt1,315,77,24,3,48,12,16,10,12
Dnm2,1258,122,43,19,81,15,44,21,20
Tmed1,1276,161,36,31,129,55,49,40,37
AB124611,2,1,3,2,3,1,3,0,0
Carm1,807,81,31,12,50,22,24,11,8
Yipf2,114,23,4,1,10,4,6,2,3
Timm29,595,46,23,7,38,14,22,5,7
Smarca4,804,104,42,13,68,35,25,17,10
Gm26511,5,2,1,1,1,0,0,3,1
Ldlr,807,118,55,22,56,17,36,26,17
Spc24,158,33,17,13,16,11,17,1,5
Kank2,1217,122,42,13,62,36,33,22,16
Dock6,189,12,5,5,26,20,11,11,10
Angptl8,14,1,0,1,5,0,0,0,1
Rab3d,402,56,19,4,36,12,15,6,7
Tmem205,907,180,53,8,70,30,33,24,13
Ccdc159,9,2,0,0,5,3,0,0,1
Plppr2,134,26,5,4,13,6,3,5,7
Swsap1,73,2,2,0,3,1,2,1,2
Epor,1,0,0,0,1,0,0,0,0
Rgl3,9,3,0,2,0,1,5,0,1
Ccdc151,2,0,0,0,0,1,0,0,0
Prkcsh,2100,251,71,28,157,52,52,27,36
Elavl3,3,12,0,4,15,3,0,6,0
Zfp653,112,20,9,2,13,2,9,3,2
Gm16845,71,6,1,0,3,1,2,1,0
Ecsit,431,36,15,5,31,5,13,9,11
Cnn1,20,0,1,1,1,0,0,0,0
Elof1,1186,176,47,24,93,33,37,25,29
Acp5,186,8,9,2,23,16,8,7,1
Pigyl,822,72,22,10,59,21,20,20,29
1810064F22Rik,0,0,0,0,0,0,0,1,0
Zfp809,119,20,12,2,24,4,2,7,6
Zfp599,2,1,0,0,3,0,0,1,0
Zfp810,121,5,0,2,2,4,2,3,1
Anln,133,9,6,3,10,20,3,1,2
Rp9,1811,266,74,27,152,57,64,33,55
9530077C05Rik,16,12,2,0,5,4,1,0,2
Bbs9,109,14,3,4,10,1,5,2,2
Bmper,215,98,24,0,52,20,27,7,12
Dpy19l1,1056,117,37,7,64,30,32,18,20
Herpud2,1098,164,47,18,79,25,37,14,31
Sept7,5190,646,216,77,393,180,187,111,109
Eepd1,67,10,1,1,10,3,3,4,2
Gm48362,0,0,0,0,0,0,0,0,0
Glb1l2,3,1,0,0,0,1,1,0,0
Acad8,436,42,15,3,29,6,8,14,5
Thyn1,394,57,19,11,30,12,15,16,17
Vps26b,564,67,19,6,24,11,9,6,11
Ncapd3,197,18,7,1,16,8,10,5,4
Jam3,654,85,28,13,72,45,32,19,18
Gm48796,5,1,2,0,2,0,1,0,0
Igsf9b,22,0,1,0,3,5,3,5,2
Opcml,1558,96,33,5,102,16,33,15,31
Ntm,33,0,1,1,2,4,0,0,0
Snx19,335,34,5,4,16,5,11,4,7
Adamts15,1106,136,19,4,68,26,31,4,12
Adamts8,146,8,3,2,4,3,0,2,2
Gm29724,3,0,0,0,0,0,0,0,0
Zbtb44,904,66,27,7,44,24,23,12,24
St14,3,0,0,0,0,0,2,1,1
Aplp2,6718,715,249,67,362,139,186,83,109
CT025678.1,6,1,0,0,0,1,0,0,0
Prdm10,70,12,4,1,16,0,2,1,2
Nfrkb,388,19,7,8,22,9,11,7,12
Barx2,59,2,3,0,5,0,3,0,0
Arhgap32,675,67,17,6,63,19,28,6,17
Fli1,95,10,1,2,9,6,7,8,3
Ets1,473,81,26,27,87,48,44,48,34
Gm3331,2,0,0,0,0,0,0,0,0
Gm27162,0,1,0,0,1,0,0,0,0
Gm27166,0,0,0,0,0,0,0,0,0
Gm47775,4,0,0,0,1,0,0,0,0
Kirrel3,7,0,0,0,0,0,0,2,0
Kirrel3os,4,0,0,1,1,0,0,0,1
St3gal4,1396,183,50,30,139,57,49,17,54
Dcps,318,35,25,11,30,14,16,10,18
Tirap,320,31,12,2,13,6,13,6,6
Gm39318,0,0,0,0,0,0,0,0,0
Srpr,2236,280,80,26,204,69,86,61,54
Foxred1,147,25,7,2,19,6,8,3,7
Fam118b,272,18,7,1,8,4,6,7,3
Rpusd4,177,15,5,4,17,2,7,5,6
4933422A05Rik,1,0,0,0,0,0,1,0,0
Gm33838,27,7,1,0,3,1,0,1,1
Cdon,1508,136,46,7,87,46,59,14,27
Ddx25,0,0,0,0,0,0,0,0,0
Pus3,88,12,6,3,9,3,4,1,3
Hyls1,44,10,7,3,16,7,3,2,4
Pate2,14,1,0,0,2,0,0,0,0
Chek1,31,6,1,2,2,4,1,2,4
Stt3a,3153,390,115,28,228,93,94,51,52
Gm26787,1,0,0,0,0,0,0,0,0
Ei24,1214,123,51,15,96,47,38,23,26
Fez1,465,84,18,8,26,19,17,18,22
Pknox2,31,13,1,0,14,4,2,2,4
Tmem218,639,40,22,8,32,16,18,16,13
Slc37a2,9,0,1,1,0,1,1,0,0
Ccdc15,45,5,1,1,11,4,4,1,2
Gm34885,0,0,0,0,0,0,0,0,0
Robo4,0,0,0,0,0,0,0,0,0
Robo3,1,0,1,0,0,0,0,0,0
Msantd2,327,55,21,11,35,13,22,7,9
Esam,1,4,1,1,2,0,2,0,1
Vsig2,0,0,0,0,0,0,0,0,0
Nrgn,0,0,0,0,0,0,0,1,0
Siae,420,57,12,4,23,11,20,6,8
Spa17,132,11,9,2,10,1,5,3,1
Tbrg1,4179,496,162,59,272,98,126,80,88
Olfr889,8,17,2,1,2,3,2,7,7
Olfr250,0,0,0,0,0,0,0,0,0
Olfr904,0,0,0,0,1,0,1,0,0
Olfr905,2,1,0,0,0,0,0,0,0
Olfr906,0,0,0,0,0,0,0,0,0
Olfr912,3,0,0,0,0,0,0,0,0
Vwa5a,1997,221,96,6,108,35,53,27,33
Olfr920,166,39,17,3,15,2,10,4,6
Olfr921,3,8,1,2,1,0,3,0,3
Olfr922,2,2,0,0,0,0,0,0,0
Olfr959,1,0,0,0,0,0,0,0,1
AW551984,636,47,19,0,37,10,13,9,9
Olfr961,2,0,0,0,0,0,0,0,0
Olfr967,0,0,0,0,0,0,0,1,0
Olfr975,0,1,0,0,0,0,0,0,0
Olfr976,1,0,0,0,1,0,0,0,0
Olfr981,3,2,0,0,0,0,0,1,1
Olfr984,6,0,1,0,0,0,2,0,0
Olfr986,1,0,0,0,0,0,0,1,2
Zfp202,50,11,0,1,2,2,1,1,2
Scn3b,130,1,0,0,1,3,0,0,0
Gramd1b,189,7,4,1,7,5,1,1,1
Gm35371,8,0,0,0,0,0,0,0,1
Clmp,6726,617,200,41,225,84,134,72,72
Gm48293,0,1,0,0,0,0,0,0,0
Hspa8,30786,8421,2797,792,4589,1627,2187,933,1006
Bsx,0,3,1,2,5,0,0,0,1
Jhy,1,0,0,0,0,0,0,0,0
Crtam,0,0,0,0,2,0,2,6,0
Ubash3b,68,14,17,10,22,15,10,16,13
1700063D05Rik,5,0,2,0,0,0,1,0,0
Gm48742,5,4,1,1,0,1,1,0,2
Gm48740,0,1,0,0,0,0,0,0,0
CT025619.1,229,59,27,9,48,24,12,25,26
Gm35835,1,0,1,0,0,0,0,0,0
Sorl1,197,8,5,2,7,3,2,0,2
Gm16214,0,0,0,0,0,0,0,0,0
Gm39321,0,0,0,0,0,0,0,0,0
Sc5d,463,79,22,16,51,12,12,12,14
Tecta,1,1,1,0,0,0,0,0,0
Tbcel,441,47,17,3,30,12,19,7,14
Grik4,1,1,0,0,0,2,0,0,0
Arhgef12,3776,539,159,47,275,94,140,66,65
Tmem136,49,3,1,2,8,2,3,3,5
Pou2f3,22,1,0,0,4,0,0,0,0
Oaf,2240,322,85,37,267,110,103,33,53
D630033O11Rik,28,1,1,1,15,2,2,1,2
Trim29,24,1,0,0,2,0,0,0,0
Gm36799,0,0,0,0,0,0,0,0,0
Nectin1,402,35,21,4,32,9,15,4,6
Gm3898,2,1,0,0,0,0,0,0,0
Gm30373,18,3,3,0,2,0,1,0,1
Gm10688,5,0,0,0,0,0,0,0,0
Gm39323,12,0,0,0,3,0,1,0,1
Thy1,13467,913,285,68,541,212,292,139,240
Gm49380,7,0,1,0,2,1,0,0,0
Usp2,566,124,44,10,76,12,31,12,16
Rnf26,604,67,22,7,36,12,10,7,7
C1qtnf5,1,0,1,0,2,0,0,0,0
Gm26737,15,6,4,5,6,2,1,200,24
Gm10687,10,4,0,0,1,0,0,0,0
Mcam,81,1,0,5,9,36,7,0,3
Cbl,1214,104,22,13,56,28,30,18,28
Pdzd3,1,0,0,0,0,0,0,0,0
Nlrx1,152,6,4,2,5,3,2,0,3
Abcg4,30,4,0,4,5,1,3,3,2
Gm48604,21,8,0,0,6,1,1,2,0
Hinfp,153,20,8,2,13,5,8,4,4
C2cd2l,191,35,13,10,27,6,11,1,14
Dpagt1,539,62,21,9,41,12,17,8,4
H2afx,451,85,39,31,49,32,47,5,15
Hmbs,437,92,22,14,36,14,18,11,7
Vps11,520,52,16,5,29,14,9,11,11
Hyou1,321,100,39,6,72,19,14,22,27
Slc37a4,185,12,4,2,14,2,5,2,2
Trappc4,1422,210,54,32,150,53,52,41,48
Rps25,27232,4950,1433,237,1207,461,571,323,445
Ccdc84,184,15,6,1,20,2,5,3,1
Foxr1,0,0,0,0,0,0,0,0,0
C030014I23Rik,92,6,2,2,5,3,6,1,3
Gm47204,105,8,2,0,3,2,2,1,1
Bcl9l,1138,157,40,16,108,32,51,13,34
Cxcr5,0,0,0,0,0,0,0,0,0
Gm47230,2,0,0,0,0,0,0,0,0
Gm47231,0,0,0,0,0,0,0,0,0
Gm47232,1,0,0,0,0,0,0,0,0
Ddx6,2528,375,119,31,186,70,79,38,50
BC049987,1,5,1,0,0,0,2,0,0
Phldb1,1303,188,56,26,128,35,56,35,35
Arcn1,2973,380,117,33,207,68,68,29,50
Ift46,980,98,21,11,54,13,21,14,15
Tmem25,5,1,3,1,2,0,1,0,0
Ttc36,7,1,0,0,1,0,0,2,0
Kmt2a,1424,188,64,23,127,58,58,41,48
AC061963.1,3,1,0,1,1,0,0,0,0
Atp5l,11118,1607,534,204,881,276,326,216,259
Gm30934,2,0,1,0,0,0,1,0,0
Ube4a,634,58,20,6,40,13,14,10,12
Cd3g,3,0,0,4,7,6,7,5,6
Cd3d,1,0,0,0,0,1,1,1,2
Cd3e,0,0,0,1,0,1,0,0,0
Mpzl2,2,1,2,0,2,0,1,0,0
Mpzl3,5,3,2,0,2,1,0,1,0
Jaml,2,0,0,1,0,1,1,0,0
Gm10684,0,0,0,0,0,0,0,0,0
Scn2b,3,0,0,0,1,0,3,0,3
Scn4b,0,0,0,2,1,0,2,1,1
Tmprss4,0,0,0,0,0,0,0,0,0
BC049352,0,0,0,0,0,0,0,0,0
Il10ra,0,0,0,2,1,1,0,0,0
1700003G13Rik,1,0,0,0,0,0,0,0,0
Tmprss13,1,0,1,0,0,0,0,0,0
Fxyd6,1093,148,53,11,148,43,96,35,33
Fxyd2,67,5,1,0,9,5,4,7,2
Dscaml1,0,0,0,0,0,0,0,0,0
Cep164,485,53,12,12,38,16,18,15,13
Bace1,890,93,29,11,51,33,29,23,23
Gm16536,217,9,5,4,7,3,7,3,4
Rnf214,278,45,14,3,34,13,10,12,9
Pcsk7,292,32,6,6,34,14,12,14,7
Tagln,2139,19,4,83,257,62,23,50,37
Gm48529,38,0,3,0,1,2,3,0,0
Sidt2,1743,201,56,20,121,41,57,27,40
A830035O19Rik,16,3,1,0,2,0,0,0,0
Pafah1b2,1562,180,62,17,107,47,57,32,42
Sik3,993,120,51,18,89,34,29,36,28
Apoa1,3,3,0,1,2,1,0,0,1
Apoc3,490,0,0,0,0,0,0,0,0
Zpr1,738,92,22,9,47,11,11,9,8
Bud13,115,10,3,3,9,3,5,4,3
Gm31374,0,0,0,0,0,0,0,0,0
Gm31816,0,0,0,0,0,0,0,0,0
Cadm1,117,7,9,1,8,55,15,6,5
Nxpe4,88,5,2,0,9,1,6,2,3
Nxpe2,2,0,0,1,0,0,0,0,0
Rexo2,3254,486,152,47,246,78,76,66,82
Rbm7,1396,203,75,20,99,33,48,27,37
Gm5617,328,37,11,5,25,12,14,8,5
Nnmt,4164,572,167,34,257,86,85,57,61
Zbtb16,1083,197,56,6,58,9,28,24,23
Usp28,116,20,2,1,8,1,4,4,2
Zw10,326,25,18,4,24,8,6,7,10
Tmprss5,4,0,0,0,0,6,0,2,0
Drd2,3,0,0,0,1,0,0,0,0
Ankk1,2,0,1,0,2,1,0,0,1
Ttc12,105,13,4,0,4,4,6,4,3
Ncam1,1523,44,12,66,175,111,78,94,81
2310003N18Rik,2,1,0,0,0,0,0,0,0
Rpl10-ps3,680,130,60,20,79,42,54,30,54
Plet1os,0,1,0,0,0,1,0,0,1
Plet1,4,5,1,0,1,0,3,1,1
Pts,554,45,12,4,44,18,17,12,14
Gm47077,0,0,0,0,0,0,0,0,0
Bco2,1,0,1,0,0,0,1,0,1
Il18,157,43,15,3,47,4,0,10,10
Sdhd,1659,237,64,26,148,46,54,39,42
Timm8b,2016,229,77,35,171,39,60,42,59
AU019823,525,64,21,7,38,14,10,8,13
Pih1d2,27,6,3,0,2,2,3,1,1
Dlat,750,106,36,4,38,17,19,7,22
Dixdc1,108,3,2,4,12,4,3,4,3
2310030G06Rik,58,2,0,0,0,2,1,0,1
Hspb2,595,59,7,15,34,28,18,11,17
Cryab,2786,331,267,149,358,187,124,78,74
1110032A03Rik,449,43,13,2,30,11,7,8,6
Fdxacb1,117,6,2,0,6,1,3,1,3
Alg9,296,27,18,4,26,2,6,2,2
Ppp2r1b,247,45,8,2,29,8,11,8,8
Sik2,293,67,17,7,31,8,24,9,12
Layn,670,105,26,0,39,9,21,20,13
Pou2af1,0,0,0,0,0,0,1,0,0
Colca2,48,5,0,1,5,1,1,1,1
2010007H06Rik,33,2,1,0,0,0,0,0,2
Arhgap20,732,78,25,4,65,9,26,7,10
Gm6980,2,0,0,0,1,0,0,0,0
Fdx1,1385,252,86,22,139,45,69,29,53
Rdx,3862,528,152,51,265,107,111,71,86
Zc3h12c,291,39,16,1,7,4,6,4,7
Ddx10,466,50,20,6,31,9,11,9,6
Exph5,4,2,0,0,1,0,0,0,2
Kdelc2,814,161,62,12,93,32,32,22,14
4930550C14Rik,23,2,0,2,4,1,1,1,0
Atm,280,28,18,0,15,6,7,4,7
Npat,268,17,7,1,20,6,9,7,9
Acat1,2060,214,78,30,132,56,59,30,48
Cul5,1217,146,48,17,93,24,37,32,26
Gm16124,147,8,1,1,6,1,1,5,1
Rab39,0,0,0,0,0,0,0,0,0
Slc35f2,1,0,0,0,0,0,0,0,0
Sln,0,0,0,0,0,0,0,0,0
Elmod1,1,0,0,0,0,0,0,0,0
Tnfaip8l3,24,2,0,0,3,0,0,0,0
Gldn,810,29,29,56,121,52,78,88,61
Dmxl2,162,19,11,2,12,3,12,12,3
Cib2,37,8,4,10,21,13,7,10,7
Idh3a,748,83,25,11,59,22,17,18,23
Acsbg1,6,2,0,0,0,0,1,2,1
Dnaja4,331,93,35,7,94,25,21,34,17
Wdr61,1085,107,49,14,79,37,32,18,35
Crabp1,2328,460,54,97,276,198,419,180,95
Ireb2,939,73,20,9,58,18,20,21,16
Hykk,129,17,8,1,8,2,1,1,5
AY074887,7,2,0,1,0,0,0,0,0
Psma4,4292,621,200,48,257,95,98,71,92
Chrna5,4,0,0,0,0,0,0,0,0
Chrnb4,0,1,0,0,0,0,0,1,0
Ube2q2,597,116,41,11,48,21,22,16,9
Fbxo22,785,123,34,9,52,22,28,9,7
Nrg4,4,1,1,0,2,0,1,0,0
Tmem266,4,0,0,2,1,0,0,0,0
Etfa,1840,267,101,54,204,51,72,76,62
Isl2,2,0,0,0,0,0,0,0,0
Scaper,260,36,9,4,31,8,20,5,6
Rcn2,1705,250,83,48,179,85,92,60,86
Pstpip1,50,7,3,1,2,1,1,1,1
Tspan3,2699,353,80,46,237,93,114,62,85
Peak1,1274,189,43,19,77,21,40,13,20
Hmg20a,639,70,17,12,42,20,24,4,7
Lingo1,20,2,0,1,7,2,1,3,0
Cspg4,118,14,1,8,28,22,10,7,12
Gm47237,3,1,0,0,0,1,0,0,0
Snx33,312,38,7,3,17,4,8,3,12
Imp3,2613,235,65,23,100,36,40,33,38
Snupn,146,18,5,2,11,6,5,2,3
Ptpn9,701,83,28,4,45,23,24,20,23
Gm10658,25,4,1,1,3,0,0,0,1
Sin3a,478,54,16,6,39,15,23,13,12
2700012I20Rik,18,4,1,1,1,1,0,0,1
Man2c1os,16,1,0,1,1,0,0,1,0
Man2c1,411,50,27,4,39,4,16,11,5
Neil1,81,5,4,1,3,5,1,2,1
Commd4,844,142,58,18,77,14,21,20,19
Trcg1,0,0,0,0,0,0,1,0,0
1700017B05Rik,331,71,28,8,25,9,22,7,10
Ppcdc,217,21,6,3,12,5,9,6,5
Scamp5,203,19,3,1,6,7,6,2,3
Rpp25,13,2,0,2,5,0,0,0,0
Cox5a,4535,653,234,78,269,100,110,78,105
Fam219b,266,32,6,2,18,6,3,2,9
Mpi,201,17,8,3,10,6,2,4,3
Scamp2,1011,147,36,18,91,26,39,19,19
Ulk3,112,15,7,2,15,2,3,1,6
Cplx3,0,0,0,0,0,0,0,1,1
Lman1l,0,0,0,0,2,0,0,0,0
Csk,583,87,29,14,48,13,21,18,13
Edc3,260,27,13,2,20,7,4,6,2
Clk3,771,138,44,14,94,30,39,16,16
Arid3b,48,8,2,0,4,3,4,1,0
Ubl7,541,63,23,4,40,13,22,9,13
Sema7a,61,14,3,0,6,3,2,0,0
Cyp11a1,6,1,0,0,3,0,0,0,0
Ccdc33,2,1,0,0,0,0,0,0,0
Stra6,17,0,1,2,0,0,0,0,0
Islr,1997,196,72,23,301,181,201,76,74
Islr2,187,9,6,0,18,3,5,1,3
Pml,293,55,15,5,13,9,12,8,7
Stoml1,301,22,8,3,20,7,7,5,6
Loxl1,8422,1194,328,34,514,224,213,130,131
6030419C18Rik,284,39,14,7,39,9,19,12,11
Cd276,790,47,14,6,49,19,17,8,13
Nptn,2813,493,140,39,321,113,100,79,83
Rec114,3,0,2,0,3,0,0,0,0
Hcn4,4,2,5,2,13,0,0,6,0
Neo1,791,85,19,15,94,43,48,15,19
Adpgk,542,60,10,10,43,16,16,13,6
Bbs4,134,14,4,1,12,3,4,4,4
Arih1,1334,357,121,40,192,89,134,56,61
Tmem202,13,1,0,0,2,1,0,0,0
Hexa,4906,747,173,49,346,145,125,48,52
Parp6,347,40,12,3,28,9,6,6,6
Pkm,7827,1243,368,113,583,155,155,114,176
Gramd2,94,5,1,1,2,1,1,0,2
Senp8,58,9,4,0,3,1,3,1,3
Myo9a,1143,105,47,13,76,39,31,15,23
Gm20275,0,0,0,0,0,0,0,0,0
Thsd4,96,6,0,2,4,6,1,8,2
9230112J17Rik,1,0,0,0,0,0,0,0,0
Lrrc49,360,55,11,5,19,10,16,5,11
B930082K07Rik,22,3,0,0,2,1,1,0,0
Larp6,494,114,27,2,40,6,25,11,9
1700036A12Rik,1,4,1,0,1,0,0,0,2
Uaca,662,86,16,7,55,34,12,16,16
Gm47923,3,0,0,0,0,0,0,0,0
AC160562.1,0,0,0,0,0,0,0,0,0
Gm10655,12,1,2,0,0,1,1,0,0
Tle3,840,114,45,12,96,41,32,39,30
Rplp1,113957,20223,5841,1159,6347,2294,2622,1462,2092
Kif23,64,7,10,7,12,13,3,2,2
Paqr5,0,1,0,0,1,0,0,0,0
Glce,446,56,17,5,37,6,11,9,8
Anp32a,1721,280,104,66,247,82,88,43,58
Coro2b,500,60,19,6,35,21,15,6,8
Itga11,254,34,9,12,56,19,29,12,3
Fem1b,672,139,43,8,79,31,23,19,11
Gm26609,5,11,2,2,3,4,2,1,0
Cln6,248,24,10,0,17,6,10,5,3
Calml4,365,48,16,1,16,4,11,3,4
Pias1,676,83,19,11,59,21,16,7,23
Map2k5,455,48,8,3,17,8,17,5,9
2300009A05Rik,445,43,13,5,36,16,13,12,8
Iqch,0,0,0,0,0,1,0,0,0
Aagab,220,22,11,1,11,7,3,3,6
Smad3,501,42,12,7,41,11,16,7,7
Gm36033,50,2,3,0,0,0,0,1,1
Smad6,201,20,8,4,19,7,14,5,9
Zwilch,40,5,4,7,1,3,0,3,0
Rpl4,20774,3180,957,252,1158,479,498,290,412
Snapc5,1048,185,58,12,84,26,41,31,21
Map2k1,1043,124,48,13,62,23,32,19,23
Gm48855,18,8,2,1,2,0,2,2,1
Uchl4,4,1,0,1,1,0,0,0,1
Tipin,890,71,20,17,34,15,25,17,26
Dis3l,143,22,11,1,10,3,5,3,3
Megf11,4,0,2,0,2,0,0,0,1
Rab11a,1873,219,86,28,102,42,35,37,35
Dennd4a,846,189,44,15,88,36,51,19,23
Slc24a1,2,0,0,1,1,0,0,3,0
Ints14,361,38,14,2,18,17,12,8,6
Hacd3,434,58,24,4,22,14,9,6,10
Dpp8,721,80,29,12,44,18,15,8,15
Igdcc4,350,32,6,3,25,14,17,11,16
Igdcc3,3,0,1,0,1,0,0,0,0
Parp16,196,21,4,4,9,6,2,7,2
Cilp,9371,1033,294,60,495,662,556,171,217
Clpx,716,70,20,8,35,17,19,10,18
Pdcd7,255,53,13,9,35,14,14,9,11
Ubap1l,0,1,2,0,0,0,0,0,0
Kbtbd13,2,0,0,0,0,0,0,0,0
Rasl12,28,5,1,1,2,2,2,2,1
Mtfmt,220,18,8,3,16,9,7,3,8
Gm47270,1,0,0,0,1,0,0,0,0
Spg21,1256,212,82,15,112,27,49,29,27
Ankdd1a,0,0,0,0,1,0,0,0,0
Plekho2,936,160,71,2,78,21,33,9,22
Pif1,12,1,0,0,2,6,0,0,0
Rbpms2,27,4,2,2,7,4,1,1,2
Oaz2,1306,195,49,21,105,30,38,31,31
Zfp609,244,38,6,6,42,9,22,12,18
Trip4,580,66,18,10,30,17,17,11,13
Pclaf,278,36,56,20,21,8,19,4,5
Csnk1g1,740,59,29,9,44,13,18,9,20
Ppib,19827,2739,763,319,1800,637,594,416,504
Snx22,6,1,1,0,0,0,0,0,1
Snx1,1005,171,50,5,89,36,39,22,23
Fam96a,956,150,56,25,77,32,24,17,19
Dapk2,6,1,2,0,0,0,2,0,0
Herc1,1274,174,51,16,82,31,34,17,26
Gm28379,0,0,0,0,0,0,0,0,0
Fbxl22,61,19,4,7,14,7,5,2,2
Usp3,662,67,20,11,40,8,30,10,13
Car12,20,0,0,0,3,1,0,1,0
Aph1b,255,26,13,6,27,3,8,3,4
Gm10647,6,1,1,0,0,0,1,0,0
BC050972,1,0,0,0,1,0,1,0,0
Aph1c,28,9,3,0,7,2,5,4,1
Rab8b,528,123,51,13,92,20,31,24,28
Rps27l,7383,1514,476,140,713,222,205,153,205
Lactb,244,31,20,9,23,9,12,4,8
Tpm1,3243,398,133,117,357,175,86,212,132
Tln2,526,59,7,15,33,24,20,10,13
C2cd4b,2,0,0,0,0,0,0,0,0
C2cd4a,40,5,0,0,4,1,1,0,1
Vps13c,640,57,20,8,29,11,18,13,23
Rora,4195,553,129,28,260,67,145,57,91
Gm15511,0,0,0,0,0,0,0,0,0
Ice2,159,19,7,1,13,5,4,3,4
Anxa2,20697,2409,671,257,1355,406,434,288,397
Gm28731,7,2,0,0,2,1,0,0,0
Bnip2,2150,254,76,28,122,66,48,31,54
Gtf2a2,1676,217,74,30,133,39,58,40,52
Fam81a,8,0,2,1,2,0,1,0,0
Myo1e,278,21,15,3,38,19,10,19,14
Ccnb2,204,52,36,13,32,33,12,1,2
Rnf111,564,93,30,9,51,24,12,18,21
Sltm,1641,213,77,32,145,61,50,54,47
Mindy2,1404,186,54,13,77,45,41,22,23
Gm10642,23,1,0,0,1,0,0,0,2
Adam10,1224,140,50,14,64,27,34,12,24
Lipc,3,0,0,0,0,0,0,0,0
Aqp9,7,0,0,0,0,0,0,0,0
Gm32511,0,0,0,0,0,0,0,0,0
Aldh1a2,123,0,0,0,0,0,0,0,0
Polr2m,1967,208,61,22,109,62,47,40,36
Myzap,31,6,1,2,2,1,1,3,0
Cgnl1,641,67,15,4,29,30,19,6,25
Tcf12,2464,248,101,27,136,64,67,20,49
Gm27253,1,0,0,0,0,0,0,0,1
Zfp280d,807,60,26,8,36,21,22,12,7
BC065403,12,2,0,0,3,4,1,0,0
Mns1,41,6,2,2,9,9,4,2,0
Tex9,141,12,6,4,3,8,5,1,6
4930509E16Rik,1,0,1,0,0,0,0,0,0
Rfx7,461,58,18,13,44,24,20,20,12
Nedd4,13610,1461,388,141,804,346,367,253,236
Prtg,29,10,0,3,3,8,1,11,3
Pygo1,314,26,6,6,15,7,7,9,5
Dyx1c1,19,3,1,0,1,0,0,0,0
Ccpg1os,95,17,3,3,2,3,6,1,4
Ccpg1,686,83,24,2,38,18,19,13,18
Pigb,139,15,5,2,11,6,3,2,2
Rab27a,42,7,2,2,4,5,1,2,2
Khdc3,2,0,0,0,1,0,0,1,0
Rsl24d1,819,129,44,11,64,28,28,22,24
Unc13c,3,0,0,0,2,1,0,0,0
Fam214a,472,72,12,14,42,8,20,13,20
Arpp19,3441,525,168,72,329,94,106,69,83
Myo5a,876,103,25,14,37,23,19,14,17
Myo5c,0,0,0,0,2,0,0,0,1
Gnb5,754,60,16,7,37,13,21,9,16
Gm19531,56,12,1,0,3,1,2,2,1
Bcl2l10,2,0,0,0,0,0,0,0,0
Mapk6,1680,414,123,16,153,50,92,22,32
4933433G15Rik,26,6,1,0,6,0,2,0,0
Leo1,572,54,30,8,46,18,17,12,11
Tmod3,2160,264,94,31,144,44,59,48,40
Tmod2,902,65,26,6,41,27,27,13,14
Lysmd2,1362,110,44,10,101,30,28,25,34
Scg3,444,10,4,0,12,5,6,2,2
Bmp5,109,16,2,0,10,4,10,3,2
Hmgcll1,19,4,1,1,1,2,1,1,3
Hcrtr2,6,0,0,1,1,0,0,0,2
Fam83b,0,0,0,0,0,0,0,0,0
Tinag,11,1,0,0,0,0,1,0,0
Mlip,64,5,1,1,0,12,1,3,1
Lrrc1,96,13,6,2,15,8,2,1,2
Klhl31,1,1,0,0,0,0,0,0,0
Gclc,616,350,81,22,112,47,33,15,13
Elovl5,757,101,37,11,67,22,28,9,21
Gm34829,1,0,0,0,0,0,0,0,0
Gm39375,0,0,0,0,0,0,0,0,0
Gcm1,2,1,0,0,0,1,0,0,0
Fbxo9,581,49,20,8,42,12,14,9,9
Ick,790,77,17,1,50,15,24,9,16
C920006O11Rik,60,2,0,1,1,1,2,2,1
Gsta4,24,4,3,2,7,8,8,2,6
Gsta1,3,1,0,0,0,0,0,0,0
Gm3776,2,0,0,0,0,0,0,0,1
Gm10639,0,0,0,0,1,0,0,3,5
Gsta2,2,0,0,0,0,0,1,1,1
Dppa5a,1,1,0,0,1,1,0,0,0
Ooep,14,2,0,0,0,1,0,1,4
4930542C12Rik,2,0,0,0,0,0,0,0,1
Ddx43,1,0,1,0,0,0,1,0,0
Mb21d1,91,31,8,2,19,5,10,0,5
Gm17324,17,2,0,1,0,0,1,0,0
Mto1,194,29,9,1,14,2,10,5,7
Eef1a1,120155,18115,5019,1468,7909,2742,3247,2121,2293
Slc17a5,632,68,22,5,18,12,13,10,5
Cd109,727,80,24,22,54,14,14,12,17
Col12a1,2936,219,116,78,291,195,63,58,53
Cox7a2,6307,1060,316,139,644,210,203,153,179
Tmem30a,3058,426,156,32,149,63,76,43,59
4930429F24Rik,2,0,0,0,1,0,1,0,0
Filip1,92,8,1,0,4,3,0,2,2
Senp6,1902,305,92,47,207,74,103,49,67
Gm17477,13,1,2,0,3,1,2,1,1
Myo6,975,107,47,8,48,28,26,24,32
Gm27224,0,0,1,0,0,1,0,0,0
Htr1b,38,2,0,1,3,0,0,0,0
D430036J16Rik,2,0,0,0,0,0,0,0,0
Mei4,5,0,0,0,0,1,0,0,0
Irak1bp1,517,63,20,9,34,14,16,5,7
Phip,2282,260,84,42,167,60,105,36,45
Gm38398,5,3,0,0,1,0,0,0,1
Hmgn3,1625,219,83,36,189,75,63,48,52
Gm46123,6,0,0,0,0,0,0,0,0
Lca5,139,7,2,2,11,4,6,4,4
Sh3bgrl2,13,1,0,0,1,0,1,0,1
Elovl4,29,4,1,5,1,1,4,1,0
Ttk,27,3,0,0,3,2,1,0,0
Gm36278,2,0,0,0,0,0,0,0,0
Bckdhb,389,26,9,0,23,15,3,9,5
Fam46a,5712,760,208,31,336,160,114,107,205
Gm48832,8,3,0,0,0,0,0,0,0
Ibtk,950,100,34,6,63,15,16,8,13
Tpbg,1731,228,56,34,145,53,50,51,53
Ube2cbp,57,4,1,1,4,2,0,0,3
Dopey1,657,41,10,2,40,10,20,6,7
Pgm3,899,119,43,7,48,13,23,15,23
Rwdd2a,57,18,3,0,5,1,0,1,4
Me1,266,44,12,7,43,10,10,9,16
A330041J22Rik,4,0,0,1,1,0,0,0,1
Prss35,230,0,0,24,39,38,3,0,0
Snap91,10,0,0,4,0,7,11,2,2
Cyb5r4,577,67,25,9,28,14,11,9,4
Cep162,288,24,5,5,21,9,10,6,9
Tbx18,485,32,16,3,34,10,17,15,10
Nt5e,1184,76,33,4,31,22,21,4,7
Snx14,661,75,32,8,32,14,19,8,12
Syncrip,2827,399,125,57,203,64,101,55,64
Zfp949,156,5,0,0,9,5,2,3,3
Trim43a,1,0,0,0,1,1,0,0,0
9430037G07Rik,18,3,2,0,6,0,0,0,0
Mthfsl,256,69,13,8,40,18,15,14,8
Gm10634,0,0,0,0,1,0,0,1,0
Bcl2a1d,0,0,1,0,0,0,0,1,0
Gm29562,9,6,5,3,6,3,2,10,3
Bcl2a1a,1,1,0,0,1,0,1,0,0
Trim43b,0,0,0,0,0,0,0,0,0
4930579C12Rik,0,0,0,0,0,0,0,0,0
Bcl2a1b,1,3,1,2,1,6,1,1,2
Gm29094,0,0,0,0,0,0,0,0,0
Mthfs,175,49,11,4,18,11,11,3,7
AF529169,13,1,0,0,0,0,0,0,0
Tmed3,9047,1072,291,90,606,187,217,143,150
Rasgrf1,1,2,0,0,2,0,0,0,0
Ctsh,12043,976,274,91,705,176,204,103,121
Morf4l1,8852,1383,405,175,802,280,361,188,239
Gm26882,5,6,4,1,4,1,3,3,2
Adamts7,174,17,4,1,7,13,6,3,3
Tbc1d2b,1260,164,41,17,89,28,31,21,16
Zic1,18,159,66,19,99,38,25,15,23
Zic4,4,17,12,2,13,5,8,9,5
Plscr1,103,47,11,24,68,20,20,23,16
Plscr2,14,27,10,1,10,6,2,2,3
Plscr4,412,54,8,18,66,41,37,28,15
Plod2,517,78,32,38,174,60,37,50,26
4933400C23Rik,6,0,0,0,1,0,1,0,0
1190002N15Rik,254,72,23,9,77,25,25,14,20
Gm29395,0,0,0,0,0,0,0,0,0
Slc9a9,232,32,5,2,18,3,13,2,1
Chst2,219,32,4,12,29,2,11,5,1
U2surp,1735,149,47,26,101,47,49,29,34
Gm28424,4,1,0,0,0,0,0,0,0
Paqr9,16,1,1,1,2,0,1,0,0
Gm16126,1,0,1,0,0,0,0,0,0
Pcolce2,16149,1887,648,46,559,108,243,79,134
Trpc1,277,37,14,5,23,11,18,15,14
1700065D16Rik,2,0,0,0,1,0,0,0,0
Atr,393,27,12,3,17,6,4,11,10
Gm16794,21,1,2,0,0,0,1,0,0
Xrn1,1093,70,28,10,75,22,29,25,25
Gk5,484,132,36,5,59,24,46,15,13
Tfdp2,408,33,5,0,25,18,11,14,4
Atp1b3,2861,410,162,30,190,88,98,47,54
BC043934,40,2,0,1,0,0,1,0,0
Rnf7,2135,318,114,49,204,69,98,54,76
Gm28729,0,0,0,0,0,0,0,2,0
Rasa2,575,91,13,12,64,11,25,19,18
Zbtb38,910,140,44,20,73,45,37,24,21
Pxylp1,346,35,12,6,15,14,10,4,10
Spsb4,19,4,0,2,5,2,3,0,1
Gm19325,16,21,3,1,8,4,8,0,2
Gm26767,1,1,0,1,3,1,0,1,1
Slc25a36,868,85,36,21,83,30,27,23,16
Gm16185,1,1,0,0,0,0,0,1,0
Clstn2,24,0,0,2,11,2,5,12,2
Nmnat3,224,12,4,1,5,3,7,2,3
Rbp1,1588,130,30,30,233,109,96,40,34
Rbp2,2,0,0,0,1,0,0,0,0
Copb2,4219,465,101,32,206,75,73,51,63
Mrps22,280,39,14,7,17,7,6,8,5
Gm37637,2,2,0,0,0,0,0,0,1
Faim,411,56,24,9,24,15,10,8,12
Gm1123,1,0,1,1,0,0,0,1,0
Pik3cb,50,7,3,1,7,1,0,2,2
Cep70,69,7,5,0,7,8,2,2,1
Esyt3,0,0,0,1,1,1,0,0,0
Mras,155,19,6,11,36,14,10,10,11
Armc8,593,47,13,7,26,14,16,4,10
Dbr1,251,29,11,2,12,3,9,4,4
Dzip1l,127,14,3,1,11,2,2,2,6
Il20rb,95,11,4,2,7,0,1,0,1
Nck1,955,101,40,16,84,20,37,28,17
Slc35g2,123,22,3,1,4,2,7,5,4
Stag1,1088,202,51,22,111,42,65,29,48
Pccb,665,37,18,4,35,8,19,3,11
Msl2,704,126,41,15,50,22,34,14,18
Ppp2r3a,478,48,22,13,39,13,30,8,12
Ephb1,2,0,0,2,4,0,1,5,0
Ky,0,0,0,0,0,0,0,0,0
Cep63,266,25,9,2,14,8,11,4,8
Anapc13,1908,439,127,51,186,57,94,39,67
Amotl2,2028,197,70,10,137,49,71,43,47
Ryk,4480,438,123,47,235,86,97,59,64
Slco2a1,880,262,53,2,58,12,20,12,14
Rab6b,324,53,10,3,25,16,13,4,5
Srprb,797,113,40,8,60,20,23,18,24
Trf,291,142,14,5,106,92,28,81,21
1300017J02Rik,3,1,1,0,1,0,0,0,0
Topbp1,528,46,27,14,43,14,11,10,12
Cdv3,1907,433,127,58,230,68,85,56,65
5830418P13Rik,0,0,0,0,0,0,0,0,0
Bfsp2,0,0,0,0,0,0,0,0,0
Tmem108,16,0,0,1,5,2,1,2,1
Nphp3,242,12,1,0,10,2,2,3,3
Uba5,1267,169,44,31,91,38,33,27,31
Acad11,254,23,15,3,6,5,3,2,2
Ackr4,451,24,23,3,3,13,9,3,4
Dnajc13,841,96,33,6,63,22,31,15,20
Acpp,3,0,0,0,0,0,2,0,0
Cpne4,12,2,0,0,0,0,0,0,0
Mrpl3,822,90,28,6,59,18,25,16,15
Nudt16,135,17,3,0,9,1,2,3,1
Aste1,96,37,9,5,14,1,4,6,14
Atp2c1,832,81,36,15,65,32,33,33,21
Gm19667,1,0,0,0,0,0,0,0,0
Pik3r4,510,42,9,2,27,3,10,9,10
Col6a6,176,15,0,0,40,15,43,1,5
Col6a5,29,6,0,2,7,9,7,0,1
Col6a4,4,0,0,0,0,2,0,0,1
D030055H07Rik,0,0,0,0,0,0,0,0,0
Glyctk,23,1,0,0,0,1,1,0,0
Wdr82,684,103,50,20,72,35,32,20,25
Ppm1m,544,69,20,10,57,16,26,15,18
Twf2,325,49,22,8,26,8,14,8,9
Tlr9,0,0,0,0,1,0,0,0,0
Alas1,433,102,24,13,73,21,50,10,12
4930500F10Rik,2,1,1,0,2,0,0,0,0
Poc1a,58,3,4,0,6,3,2,1,1
Gm29123,0,0,0,0,1,0,0,0,0
Dusp7,573,135,50,12,62,21,41,15,14
Rpl29,21077,3869,1156,309,1733,627,668,418,476
Acy1,123,13,7,1,7,1,1,3,3
Abhd14a,986,131,33,19,88,34,38,21,29
Abhd14b,529,73,16,4,36,14,21,11,15
Gm28959,2,0,0,0,1,0,0,0,0
Pcbp4,848,105,30,17,81,34,38,21,25
Gpr62,4,0,0,0,0,1,0,1,0
Parp3,1214,201,43,7,107,35,41,24,29
Rrp9,328,82,21,9,30,15,13,10,13
Tex264,1951,216,60,16,152,54,59,23,32
Rad54l2,328,31,16,1,18,10,14,3,11
Dcaf1,344,64,12,6,44,16,22,13,20
Manf,5707,1153,459,121,601,201,173,138,124
Rbm15b,521,80,20,10,41,16,21,8,4
4930524O07Rik,6,2,0,0,0,0,0,0,2
Dock3,0,1,0,0,0,0,0,0,0
1700039M15Rik,0,0,0,0,0,0,0,0,0
Mapkapk3,72,35,21,1,15,5,2,9,2
Cish,126,105,25,8,56,17,39,7,8
Gm17041,0,1,0,0,0,0,0,0,0
Hemk1,88,4,5,0,4,4,2,2,2
6430571L13Rik,6,0,0,0,0,1,1,0,0
Cacna2d2,19,3,1,3,6,2,4,1,1
Tmem115,613,49,19,8,22,18,18,10,6
Cyb561d2,391,63,25,10,40,12,20,15,9
Nprl2,162,19,5,5,16,3,4,2,8
Zmynd10,3,3,0,3,1,0,2,0,1
Gm34106,0,0,0,0,1,0,1,0,0
Rassf1,1542,343,104,48,182,40,104,50,57
Gm9917,5,3,0,1,0,0,0,3,1
Tusc2,345,64,21,5,37,19,23,20,21
Hyal2,225,22,5,1,11,4,8,8,5
Hyal1,92,5,2,1,6,3,4,2,2
Nat6,203,18,9,4,8,6,8,3,2
Hyal3,10,4,0,0,4,1,3,3,3
Ifrd2,224,54,14,3,25,8,9,3,7
Gm38150,4,1,0,1,0,0,0,0,0
Sema3b,1991,143,32,8,65,50,32,15,27
Gnai2,6932,1202,376,273,859,315,330,228,244
Slc38a3,0,0,0,0,0,0,0,0,0
Gnat1,2,0,1,0,0,0,0,0,0
Sema3f,245,20,12,6,15,8,22,4,7
Rbm5,1738,200,55,41,159,82,99,42,59
Gm37850,1,0,0,0,1,0,0,0,0
Rbm6,1236,112,33,17,89,33,33,32,32
Mon1a,193,28,8,3,19,4,8,5,5
Mst1r,212,19,12,0,11,8,2,3,7
Traip,32,2,0,1,0,4,2,0,0
Uba7,183,24,13,2,23,12,7,12,7
Gm20661,1,2,1,0,0,0,0,0,0
Fam212a,100,8,1,5,13,6,6,2,4
4921523L03Rik,1,1,0,0,0,0,0,0,0
Cdhr4,3,0,0,0,0,0,0,1,0
Ip6k1,1074,111,38,17,86,16,35,25,22
Gm38134,0,0,0,0,0,0,0,0,1
Gmppb,972,94,26,3,45,15,9,7,7
Rnf123,178,23,9,8,7,4,4,5,2
Amigo3,71,1,3,0,4,0,0,0,2
Apeh,418,46,15,1,19,7,14,9,6
Bsn,2,0,0,0,1,0,1,0,0
Dag1,3026,353,107,44,179,110,89,63,43
Nicn1,388,49,16,2,22,8,10,11,6
Amt,11,3,1,3,2,2,5,4,3
Tcta,334,25,8,1,11,3,6,4,6
Rhoa,11030,1628,569,181,869,339,344,246,301
Gm37401,6,0,0,0,0,1,0,0,1
Gpx1,8376,1264,528,70,584,175,203,115,203
Usp4,933,98,29,4,48,17,27,15,18
1700102P08Rik,9,5,4,0,1,2,1,2,4
Ccdc36,1,1,1,0,3,0,4,4,9
Klhdc8b,170,10,7,3,12,9,3,2,3
Ccdc71,239,22,5,1,8,6,4,2,5
Lamb2,2896,397,92,18,265,84,88,65,37
Usp19,759,126,34,20,108,34,37,25,33
Qars,1052,166,38,10,67,23,25,11,21
Qrich1,875,125,47,9,50,16,38,15,12
Impdh2,2232,460,122,40,214,65,75,52,68
Ndufaf3,406,56,17,5,37,14,22,7,11
4833445I07Rik,21,2,1,0,0,0,1,0,1
Dalrd3,263,57,13,7,47,20,23,11,12
Wdr6,279,21,4,8,28,7,4,6,4
P4htm,125,18,6,1,10,4,7,5,3
Arih2,656,106,26,9,52,22,21,13,10
Slc25a20,368,90,16,4,39,8,14,22,14
Prkar2a,829,124,44,11,47,24,18,12,12
Ip6k2,367,61,27,23,50,16,20,16,17
Nckipsd,121,8,5,2,11,3,2,2,4
Celsr3,8,1,0,0,0,0,0,0,0
Slc26a6,58,3,3,2,6,1,3,1,0
Uqcrc1,2381,278,86,49,156,43,51,44,41
Col7a1,686,16,2,25,59,59,46,5,18
Ucn2,28,1,1,2,4,7,0,1,2
Gm38004,1,0,0,1,0,0,0,0,0
Pfkfb4,223,31,9,8,19,3,9,6,3
Shisa5,4972,627,161,31,302,80,92,71,77
Atrip,152,26,8,5,20,8,10,8,7
Tma7,4181,743,197,89,428,151,132,108,103
Ccdc51,67,8,0,1,6,1,2,1,3
Gm7628,6,0,0,0,2,0,1,0,0
Plxnb1,42,1,1,0,1,1,0,0,5
Nme6,163,26,6,3,9,3,8,5,3
Camp,189,2,1,0,0,2,3,1,0
Cdc25a,221,21,2,1,10,5,11,5,8
Map4,1538,218,52,40,144,70,52,42,60
Dhx30,879,75,21,6,41,18,26,10,19
Smarcc1,947,100,39,18,70,28,27,23,20
Cspg5,31,13,1,3,6,7,4,8,2
Elp6,141,14,6,3,10,8,12,1,6
Scap,815,64,24,9,44,14,22,8,7
Ptpn23,401,84,21,6,52,16,23,6,8
Ngp,1,0,0,0,3,0,0,0,0
Klhl18,198,33,4,2,16,8,7,1,6
Kif9,17,2,1,2,2,0,0,0,0
Setd2,1207,190,57,24,116,45,49,32,30
Nradd,647,115,21,28,101,43,33,33,48
Nbeal2,22,2,0,0,6,0,0,0,0
Ccdc12,2447,295,92,46,222,84,84,40,70
Pth1r,2583,175,46,40,152,80,118,38,46
Myl3,9,2,1,0,0,0,0,0,0
Prss44,0,0,0,0,0,1,0,1,1
Prss46,1,0,0,0,1,0,0,0,0
Prss50,1,1,0,0,0,0,0,0,0
Tmie,2,0,0,0,0,0,0,0,2
Als2cl,14,4,0,0,1,2,0,0,1
Lrrc2,3,2,0,0,1,0,0,1,5
Rtp3,2,0,0,0,2,0,0,0,0
Ltf,0,0,0,0,1,0,0,0,0
Ccrl2,91,23,8,2,10,1,0,1,2
Lrrfip2,981,133,37,18,80,12,34,27,31
Mlh1,174,7,5,1,6,1,3,1,4
Epm2aip1,562,53,12,9,38,14,11,9,18
Trank1,6,0,0,0,0,1,0,0,0
Dclk3,3,0,0,0,0,0,0,0,1
Stac,4,0,0,2,1,0,3,3,0
Arpp21,0,0,0,1,1,1,0,0,0
2310075C17Rik,0,0,0,0,0,0,0,0,0
AU023762,0,1,0,0,1,0,0,0,0
Gm36745,0,1,0,0,2,0,0,0,0
Pdcd6ip,2298,333,94,21,161,50,62,44,40
Clasp2,592,125,49,15,78,15,25,18,25
Ubp1,954,133,43,18,76,28,30,21,31
Fbxl2,50,8,1,5,7,4,3,1,6
Gm47950,0,0,0,0,0,1,0,0,0
Susd5,2,0,0,0,0,1,1,1,1
Bcl2a1c,0,0,0,0,0,0,0,0,0
Crtap,2857,321,68,32,210,87,86,41,62
Glb1,966,105,33,8,51,23,26,11,12
Tmppe,2,1,0,0,1,0,0,1,1
Ccr4,0,0,0,0,0,0,0,0,0
Trim71,0,1,0,0,0,0,0,0,0
Cnot10,588,58,18,7,45,8,20,7,14
Dync1li1,897,155,48,14,67,14,26,20,17
Cmtm6,1112,100,33,10,59,18,27,18,16
Cmtm7,1282,152,44,23,114,44,64,31,28
Gm9888,18,1,0,0,0,0,0,0,0
Cmtm8,5,1,0,0,3,1,1,5,2
Gpd1l,367,36,20,2,15,4,12,1,6
Osbpl10,7,1,0,0,4,1,0,0,0
Rps27rt,1278,329,95,33,145,67,83,59,69
Stt3b,3216,428,117,30,181,55,87,51,62
Gadl1,1,0,0,0,0,0,0,1,0
Tgfbr2,13736,1442,591,31,701,158,168,149,201
Gm4668,0,0,0,0,0,0,0,0,0
Gm31410,3,1,0,0,1,0,0,0,0
D730003K21Rik,6,0,0,0,0,0,0,0,0
Rbms3,3918,481,190,32,206,108,106,74,66
Gm26614,1,0,0,0,2,0,2,0,0
Azi2,971,122,42,20,73,23,28,22,28
Cmc1,968,113,40,13,79,18,24,22,26
Gm17399,2,0,0,0,1,0,0,0,1
Eomes,0,0,0,1,0,0,0,1,0
Gm33460,0,0,0,0,0,0,0,0,0
Golga4,1620,172,51,22,87,28,47,20,33
Itga9,663,64,21,10,31,18,33,17,10
Gm2415,29,9,2,0,5,10,3,2,4
Ctdspl,642,71,14,18,59,53,32,35,34
Vill,16,5,1,0,8,1,4,2,0
Plcd1,393,43,10,5,21,6,10,4,4
Dlec1,2,1,1,0,1,0,1,0,0
Acaa1b,9,1,3,0,1,0,1,0,1
Gm47289,0,1,0,0,0,0,0,0,0
Slc22a13,0,6,0,0,1,0,0,0,0
Oxsr1,475,68,25,4,29,12,11,5,10
Myd88,827,288,104,15,203,46,90,39,31
Acaa1a,1216,223,77,32,121,56,57,34,36
Xylb,36,7,2,1,4,0,0,2,1
Acvr2b,83,8,6,3,11,4,5,4,3
Gm47320,1,0,0,1,0,0,0,0,0
Exog,78,3,0,1,2,1,4,1,1
Scn5a,0,0,0,0,0,0,0,0,0
Wdr48,413,46,17,7,37,7,16,12,15
Cx3cr1,127,10,65,0,17,0,0,2,4
Gorasp1,225,31,9,2,20,5,5,0,5
Ttc21a,1,7,0,0,5,0,1,0,0
Csrnp1,920,885,324,64,402,88,188,60,52
1700019L13Rik,47,27,3,2,7,1,1,1,2
Gm47043,1,0,0,0,0,0,0,0,0
Xirp1,0,0,0,0,0,0,0,0,0
Gm33858,0,0,0,0,0,0,0,0,0
Ccr8,0,0,0,0,0,0,0,0,0
Slc25a38,198,34,17,11,29,6,10,16,9
Rpsa,65487,11085,3341,1164,4975,1444,1690,1179,1566
Myrip,38,5,5,0,1,1,0,0,1
D830035M03Rik,12,2,1,0,0,0,1,0,0
Eif1b,1958,338,107,51,204,90,81,43,56
Entpd3,18,2,0,0,0,0,0,0,0
Rpl14,34276,5111,1617,320,1719,545,692,445,568
5830454E08Rik,14,2,0,0,1,0,1,2,4
Gm39459,20,26,16,1,7,1,4,11,21
Gm34425,1,0,0,0,0,0,0,0,0
Ctnnb1,4944,739,187,74,362,181,172,76,101
Ulk4,42,29,10,2,10,7,3,1,0
Trak1,498,59,22,8,50,22,14,11,12
Cck,135,4,1,2,5,9,82,2,2
Lyzl4,4,0,0,2,2,0,0,0,0
Vipr1,1,0,0,0,0,0,1,0,0
Sec22c,159,19,2,2,6,4,3,3,2
Ss18l2,606,88,21,12,46,12,13,13,14
Nktr,4736,753,178,80,359,124,134,68,81
E530011L22Rik,50,13,2,2,4,2,2,0,0
Zfp651,1212,146,36,24,88,33,55,16,27
Klhl40,6,11,7,2,8,1,5,2,1
Hhatl,1,0,0,0,0,0,0,1,0
Ccdc13,3,6,3,0,0,2,0,2,1
Gm17163,6,0,0,0,0,0,1,0,0
Higd1a,2739,410,119,88,281,72,72,62,72
Gm47112,0,0,0,0,0,0,0,0,0
Gm47113,3,1,0,0,0,0,0,0,0
Ackr2,136,14,6,1,6,1,2,5,5
Cyp8b1,0,0,0,0,0,0,0,0,0
1700048O20Rik,54,6,8,1,8,3,2,1,3
Fam198a,492,19,9,2,26,8,15,1,3
Pomgnt2,128,8,6,2,10,3,3,7,1
Gm47117,1,1,0,0,3,1,37,25,7
Snrk,1006,59,20,11,44,32,28,14,16
Ano10,525,60,11,5,42,9,16,7,13
Gm26797,29,3,0,0,0,1,1,0,2
Abhd5,1281,175,60,15,126,30,40,22,27
Gm47128,22,0,0,0,3,0,0,0,0
9530059O14Rik,34,0,0,0,5,1,0,0,1
Gm47136,7,1,0,0,0,0,0,0,0
Tcaim,113,10,4,1,5,7,0,2,0
Zfp445,949,50,16,4,52,20,25,23,20
Zkscan7,52,2,1,0,2,1,1,1,0
Zfp105,57,2,3,0,1,2,0,0,4
1110059G10Rik,542,65,17,4,32,12,14,12,8
Kif15,61,2,9,2,1,5,4,0,0
Gm9856,63,15,1,3,12,2,2,1,4
Tmem42,565,63,19,8,29,11,18,7,15
Tgm4,3,0,0,0,1,0,0,0,1
Zdhhc3,1301,135,54,15,80,30,32,16,28
Exosc7,588,53,22,3,26,6,19,10,16
Clec3b,16537,2822,929,54,2252,402,880,293,568
Cdcp1,0,0,0,0,0,1,0,0,0
Tmem158,745,55,35,39,230,48,35,101,38
Lars2,2507,655,187,122,647,323,286,164,296
Limd1,1353,192,43,13,89,42,44,28,17
Sacm1l,597,74,37,11,43,13,21,8,15
Slc6a20b,9,4,2,0,0,0,1,1,1
Slc6a20a,2,0,0,0,0,0,0,0,2
Ccr9,45,5,4,0,4,1,2,0,0
Lztfl1,971,152,42,20,83,33,34,26,37
Fyco1,595,43,12,4,19,6,14,8,13
Cxcr6,2,0,0,0,0,2,0,2,2
Xcr1,2,1,1,0,0,1,0,0,0
Ccr1,3,0,0,1,5,1,0,2,1
Ccr3,0,0,0,0,0,0,0,0,0
Ccr2,4,0,9,0,0,2,4,0,1
Ccr5,3,6,1,6,3,0,3,13,2
Gm39469,54,10,3,4,9,5,2,1,3
2010315B03Rik,174,9,7,1,7,3,4,2,6
Ppp2r3d,411,61,25,4,47,19,26,8,11
Sfi1,142,16,5,2,15,2,2,3,2
Drg1,1021,119,46,6,52,25,35,17,15
Eif4enif1,628,78,31,6,52,12,24,9,18
Patz1,205,17,6,4,6,6,3,4,5
Pik3ip1,1098,68,22,0,41,14,24,10,19
Limk2,118,47,12,3,15,63,3,8,58
Rnf185,372,61,26,14,39,16,20,12,7
Pla2g3,3,0,0,0,0,0,0,0,1
Inpp5j,0,0,0,0,0,0,0,0,0
Selenom,9662,1219,354,155,897,285,315,173,255
Smtn,748,79,22,6,56,19,34,9,21
Tug1,1253,123,36,13,78,38,33,21,21
Morc2a,414,48,15,8,36,7,17,12,7
Osbp2,24,7,2,0,2,1,0,0,0
4921536K21Rik,4,0,0,0,0,0,0,0,0
Dusp18,128,37,6,7,14,6,8,7,3
Slc35e4,339,49,16,10,44,13,21,10,15
Tcn2,2505,231,56,10,141,56,61,35,38
Pes1,547,79,22,5,24,15,14,9,7
Gal3st1,10,0,0,2,1,5,0,1,2
Sec14l4,20,0,2,0,0,0,1,0,1
Mtfp1,24,5,2,0,2,1,1,2,2
Sec14l2,28,3,1,0,3,2,1,1,0
Rnf215,520,64,19,12,45,29,23,11,9
Ccdc157,221,10,5,4,16,6,11,3,6
Sf3a1,632,81,32,10,58,12,10,23,25
Tbc1d10a,644,85,28,7,56,30,24,18,12
Gatsl3,230,29,5,4,18,12,11,4,5
Osm,1,2,2,1,1,3,2,0,0
Lif,1458,117,36,9,22,5,16,3,9
Hormad2,3,0,0,0,1,0,0,0,0
Mtmr3,770,60,24,13,50,12,27,11,13
Gm11032,4,0,0,0,2,0,1,0,0
Gm11961,0,0,0,0,0,0,0,0,0
Ascc2,306,37,9,2,15,11,10,3,6
Uqcr10,5075,819,255,116,443,151,176,108,136
Zmat5,688,104,36,18,64,36,22,12,21
Nf2,419,42,15,8,16,15,11,10,13
Nipsnap1,25,2,2,3,6,3,1,3,1
Thoc5,304,42,10,5,13,4,7,7,4
Nefh,0,0,0,0,0,0,0,0,0
Ap1b1,416,41,14,2,21,8,7,4,9
Gas2l1,780,89,29,10,66,22,21,12,26
Rasl10a,29,2,1,0,1,0,0,0,1
Ewsr1,2431,386,130,50,242,95,97,71,63
Rhbdd3,153,17,10,2,15,5,4,9,1
Emid1,360,24,1,13,27,15,31,13,18
Kremen1,1521,195,70,22,122,42,67,20,25
Znrf3,198,16,4,1,9,7,3,3,3
Gm11963,2,0,0,0,0,0,1,0,0
Xbp1,4001,622,192,51,301,103,128,85,88
Ccdc117,229,73,25,11,63,22,25,36,16
Ankrd36,2,0,0,0,0,0,0,0,0
Mrps24,2738,363,117,49,193,82,80,67,61
Urgcp,329,39,14,2,20,10,12,6,2
Dbnl,1079,106,33,12,59,20,22,15,21
Pgam2,1,0,0,0,0,0,0,0,0
Polm,159,12,0,2,7,4,5,0,1
Aebp1,37276,5392,1489,279,1969,688,719,340,366
Pold2,183,43,14,5,19,7,10,6,6
Myl7,0,0,0,0,0,0,0,0,0
Gck,1,1,0,1,0,0,0,0,0
Ykt6,1085,171,49,21,77,30,33,11,19
Camk2b,183,21,4,2,5,3,4,5,7
Nudcd3,1035,127,41,21,99,36,29,24,28
A730071L15Rik,6,1,0,0,1,0,0,0,0
Npc1l1,1,0,0,3,0,0,0,0,0
Ddx56,566,54,11,6,21,5,5,9,5
Tmed4,829,93,37,10,57,33,31,11,11
Ogdh,1570,160,35,17,77,25,51,29,26
Zmiz2,377,35,13,6,20,8,20,8,8
Ppia,26081,4240,1548,916,2902,1031,878,812,976
H2afv,2329,345,132,109,293,127,137,76,87
Purb,2249,373,120,67,218,103,121,92,96
Gm11973,4,0,1,0,1,0,1,1,1
Myo1g,1,3,6,2,1,4,3,0,0
Ccm2,793,86,21,9,62,23,25,11,10
Nacad,21,1,0,1,1,0,0,0,1
Tbrg4,192,38,14,12,23,6,4,2,0
Ramp3,79,1,2,1,3,5,5,0,2
Adcy1,416,12,5,0,4,3,3,1,8
Igfbp3,4145,759,202,66,432,210,300,230,319
Tns3,622,51,13,11,28,44,16,32,26
Hus1,99,4,5,1,8,3,4,2,3
Gm11992,2,0,0,0,0,1,0,0,0
Upp1,139,30,2,1,6,0,6,0,0
Abca13,1,0,0,0,0,0,0,0,0
Vwc2,9,0,0,1,12,1,2,5,1
Zpbp,4,0,0,0,2,0,1,1,0
Spata48,5,0,0,0,0,0,0,1,0
Ikzf1,1,0,1,0,0,0,1,1,0
Fignl1,25,1,3,1,3,4,4,0,0
Ddc,21,1,0,0,1,0,0,0,0
1700042O10Rik,1,2,0,0,0,0,0,0,0
Grb10,2678,254,129,39,224,77,110,37,51
Cobl,8,5,0,0,4,1,2,0,2
Vstm2a,137,13,2,0,3,2,3,1,1
Sec61g,16307,2864,932,278,1614,432,462,253,364
Egfr,3612,574,111,12,217,59,81,41,52
Egfros,43,7,3,0,0,0,1,2,1
Fbxo48,4,3,0,1,1,0,1,0,0
Plek,80,10,10,5,4,4,5,0,0
Cnrip1,1353,118,35,12,70,25,33,20,19
Ppp3r1,1356,174,56,20,108,40,40,30,33
Wdr92,188,21,5,2,15,9,8,1,9
Pno1,451,85,27,9,21,11,10,11,19
C1d,1830,178,58,26,130,40,49,35,39
Etaa1,151,12,6,0,13,3,8,2,3
Etaa1os,31,6,0,1,4,0,4,4,2
Gm12022,11,0,0,0,0,0,0,0,0
Meis1,1322,99,29,14,62,20,36,32,16
Gm16140,13,0,0,0,1,0,1,0,1
Gm16141,36,3,0,0,1,1,0,0,0
Spred2,594,57,13,5,26,18,18,13,7
Actr2,1970,351,123,56,202,84,84,54,46
Gm12031,13,1,1,0,2,0,0,0,0
Rab1a,4162,615,214,37,326,110,139,71,70
Cep68,178,14,3,4,15,2,3,4,3
Slc1a4,227,16,8,4,12,4,2,5,4
Sertad2,659,225,71,36,133,55,81,50,61
Aftph,489,84,24,2,38,22,20,8,10
Lgalsl,805,119,22,12,65,31,21,14,29
Peli1,1284,354,109,34,229,75,107,39,53
Vps54,390,56,16,10,29,12,16,7,11
Ugp2,2613,364,136,24,236,68,110,48,38
Mdh1,2257,343,101,40,176,72,67,46,58
Wdpcp,169,22,7,0,12,5,6,6,3
Ehbp1,631,109,43,6,65,24,39,16,26
Tmem17,147,10,5,0,18,5,2,0,2
Gm12052,5,3,0,0,0,0,2,0,0
B3gnt2,8,3,2,0,1,3,1,1,4
Gm28048,1,2,0,0,0,0,0,0,0
Commd1,1655,240,89,54,163,63,53,45,42
Zrsr1,173,20,1,4,18,3,4,4,7
Cct4,3681,473,169,61,223,93,111,85,97
Fam161a,61,11,2,0,3,6,2,4,3
Xpo1,901,112,48,19,78,47,26,22,21
Usp34,1819,229,69,28,135,52,66,44,43
Ahsa2,627,116,42,18,88,29,28,32,29
1700093K21Rik,3,1,0,1,1,1,1,0,0
0610010F05Rik,336,38,17,10,19,13,5,7,16
Pex13,610,72,24,7,34,17,16,16,8
Pus10,212,12,7,2,14,5,4,5,2
Rel,298,159,44,27,94,28,46,22,19
Papolg,139,7,7,2,9,3,1,6,4
Bcl11a,53,10,1,2,4,2,3,4,3
Gm12068,0,0,0,0,0,0,0,0,0
4933430M04Rik,1,0,0,0,0,0,0,0,0
5730522E02Rik,2,0,0,0,0,0,0,1,1
Fancl,110,17,7,4,9,3,2,3,3
Vrk2,276,29,9,3,18,17,14,3,7
Ccdc85a,5,0,0,0,0,0,0,0,0
Efemp1,13918,3206,1163,35,918,157,301,151,222
Pnpt1,202,43,10,8,28,8,10,4,11
Ppp4r3b,1151,164,49,15,84,27,39,32,22
Cfap36,681,109,32,20,85,23,34,22,22
Ccdc88a,1457,145,53,16,92,32,47,27,45
Prorsd1,1036,105,26,6,43,18,22,16,19
Gm12089,2,4,2,0,0,0,2,1,2
Mtif2,263,45,26,5,19,13,4,6,9
Rps27a,66731,9234,3020,977,4780,1477,1626,1297,1596
Clhc1,3,2,0,0,3,0,0,0,0
Gm12088,1,2,2,0,1,1,1,2,0
Rtn4,6490,1300,424,129,679,193,317,185,176
Eml6,36,11,0,0,7,1,0,3,1
4931440F15Rik,9,0,0,0,1,1,1,0,0
Sptbn1,10782,1040,270,75,588,291,286,142,172
Gm29237,3,0,0,0,0,0,0,0,0
4930505A04Rik,5,0,1,0,0,0,0,0,0
Acyp2,749,92,22,11,56,38,31,19,23
Psme4,1472,169,45,12,80,37,36,29,28
Gpr75,2,1,2,0,1,1,0,0,3
Asb3,333,46,16,3,25,14,13,7,5
Erlec1,2440,239,65,15,129,46,68,29,43
Chac2,239,35,5,4,18,7,8,4,6
Stc2,748,16,3,3,20,5,0,4,2
Bod1,1008,153,41,17,90,33,33,20,24
D630024D03Rik,0,0,0,0,0,0,0,0,0
Gm12107,0,0,0,0,0,0,0,0,0
Cpeb4,807,221,66,24,119,44,71,33,32
Nsg2,3,0,0,0,0,0,0,1,0
Il9r,0,0,0,0,0,0,0,0,0
Snrnp25,306,49,13,4,26,6,10,9,8
Rhbdf1,790,104,27,14,73,27,29,17,19
Nprl3,178,11,7,4,18,8,9,4,2
Mpg,737,80,25,5,59,23,19,13,28
Hba-a1,49,102,65,15,26,104,118,83,96
Hbq1b,0,0,0,0,0,0,0,0,0
Hba-a2,52,67,36,5,20,71,81,43,52
Hbq1a,1,1,0,0,0,0,0,0,0
Sh3pxd2b,4601,420,105,22,173,65,78,47,43
Ubtd2,523,79,32,8,72,18,28,13,24
Efcab9,0,1,0,0,0,1,0,0,0
Stk10,39,9,3,1,10,8,4,0,1
Fbxw11,676,92,36,9,61,18,23,13,18
Fgf18,32,25,5,0,27,3,6,4,6
Npm1,14466,2484,757,268,1329,389,430,371,514
Gm12116,0,0,0,0,0,0,1,0,0
Ranbp17,29,8,1,1,5,2,2,0,2
Gm12117,1,0,0,0,0,0,0,0,0
Kcnmb1,1,0,0,0,0,0,1,0,0
4930469K13Rik,2,0,0,0,0,0,0,3,0
Lcp2,1,0,4,4,2,1,1,0,0
Dock2,1,0,3,0,1,2,0,1,1
Fam196b,0,0,0,0,0,0,0,0,5
Spdl1,32,6,0,1,6,2,0,0,0
Slit3,7025,677,206,23,287,114,126,49,81
Pank3,834,138,36,12,70,34,33,17,14
Rars,836,140,33,13,50,15,22,18,27
Wwc1,8,4,2,2,0,0,1,0,0
Tenm2,4,28,3,0,3,2,0,4,6
Mat2b,1671,137,54,9,94,39,28,29,37
Hmmr,98,8,7,6,22,15,2,0,0
Nudcd2,1731,180,64,31,123,51,39,40,16
Ccng1,864,125,52,10,54,12,20,10,14
Gabra1,2,0,0,0,0,1,0,0,0
Gabrb2,20,0,0,1,1,1,0,0,0
Gm12148,1,0,0,0,0,0,0,0,0
Pttg1,964,156,52,10,106,28,36,28,29
Slu7,863,96,21,6,43,8,16,14,10
C1qtnf2,2042,114,27,24,146,62,68,25,35
Ccnjl,12,1,0,0,2,0,0,0,0
4933415A04Rik,6,0,0,1,0,0,0,0,1
Fabp6,0,0,0,0,0,0,0,0,0
Pwwp2a,546,99,35,7,63,22,31,18,15
Ttc1,626,58,28,9,46,9,12,16,9
Adra1b,21,10,4,0,4,0,1,1,0
Gm12153,2,2,1,0,0,0,0,0,0
Il12b,0,0,0,0,0,0,0,0,0
Ublcp1,988,78,39,15,50,24,27,13,23
Rnf145,1139,132,42,12,76,26,40,11,22
Ebf1,7960,1318,403,223,1022,231,333,295,274
Gm12158,4,0,0,0,1,0,0,2,0
Clint1,1829,307,78,22,147,54,71,40,35
Lsm11,186,31,11,4,13,7,1,3,2
Thg1l,88,19,6,4,11,3,4,5,5
Sox30,5,0,0,0,0,0,0,0,0
Gm12166,24,6,5,2,2,0,2,2,0
Adam19,534,33,10,13,57,26,33,9,5
Gm16033,1,0,0,0,1,0,0,0,0
Gm16034,1,0,0,0,0,0,0,0,0
Nipal4,7,0,0,0,0,0,0,0,0
Cyfip2,19,0,0,1,0,2,6,1,0
Itk,0,0,0,0,1,1,0,3,4
Gm12167,0,0,0,0,0,0,0,0,0
Fam71b,0,0,0,0,0,0,0,0,0
Med7,569,64,19,5,52,15,17,9,17
2310031A07Rik,0,0,0,0,0,0,0,0,0
Havcr2,1,1,2,1,1,0,0,1,1
BC053393,0,0,0,0,0,0,0,0,0
Dppa1,26,0,0,0,3,0,0,0,0
Havcr1,0,0,1,0,0,0,0,0,0
Timd4,0,0,0,0,0,0,0,0,0
Sgcd,140,13,3,3,14,13,10,1,9
Rack1,36142,5543,1655,276,1626,659,730,497,668
Trim41,409,43,13,9,26,12,7,2,7
Gm12184,56,5,4,2,11,3,3,5,3
Trim7,33,1,0,2,5,0,2,1,1
Irgm1,253,202,43,9,132,57,111,18,19
Gm5431,2,0,0,0,0,0,0,0,0
Gm12185,1,2,1,0,0,0,2,0,0
Psme2b,53,8,0,1,7,1,0,1,0
9930111J21Rik1,0,0,0,0,1,0,0,1,0
Olfr56,13,4,3,0,2,1,10,0,0
Tgtp1,0,0,2,0,1,0,0,0,0
9930111J21Rik2,84,27,5,0,16,2,6,1,0
Tgtp2,0,2,1,1,3,2,4,0,0
Ifi47,244,108,25,0,41,17,66,2,5
Btnl9,0,0,0,0,0,0,0,0,0
Zfp62,459,41,14,6,21,12,15,9,9
Mgat1,1524,149,49,18,92,34,48,21,25
Olfr1393,1,1,1,0,0,0,0,0,0
Olfr1388,0,0,0,0,0,0,0,0,0
Olfr1385,3,3,1,0,5,2,1,1,0
Flt4,1,0,0,0,0,0,0,0,0
Cnot6,1772,226,74,27,122,42,48,42,50
Gfpt2,2478,1371,540,27,825,116,316,93,78
Mapk9,521,87,27,10,64,13,21,18,14
Rasgef1c,14,5,0,0,7,2,1,4,0
Rnf130,1110,155,43,12,84,41,54,39,38
Tbc1d9b,843,125,37,13,48,24,21,8,12
Gm12195,4,5,1,0,1,0,2,0,0
Mrnip,45,3,2,0,5,1,3,3,4
Sqstm1,2032,835,262,71,490,109,210,115,94
Mgat4b,581,84,27,12,55,18,21,11,17
Ltc4s,30,5,0,0,0,0,0,2,0
Gm26542,2,4,0,0,1,0,0,1,0
Maml1,568,62,26,12,61,18,20,10,15
Canx,6086,994,297,77,579,191,213,144,152
Hnrnph1,4925,1194,335,134,641,213,292,142,161
Rufy1,409,47,14,5,26,12,13,6,7
Adamts2,19159,1204,254,65,646,299,356,113,133
Zfp354c,435,30,6,5,16,23,11,6,16
Zfp879,2,0,0,0,1,0,1,0,0
Grm6,0,0,0,0,1,0,0,2,1
Zfp454,29,2,1,0,1,0,0,0,0
Zfp2,61,5,2,0,4,1,5,1,2
Zfp354b,19,1,0,1,1,0,2,2,3
Zfp354a,68,2,3,2,5,2,4,1,0
BC049762,1,0,1,0,0,0,0,2,1
Clk4,791,147,40,32,131,49,58,41,44
Col23a1,460,65,41,61,141,77,66,107,63
Phykpl,325,36,8,1,14,12,5,7,9
Hnrnpab,4018,699,271,86,437,114,179,75,99
Nhp2,1578,343,110,33,113,25,33,30,43
Rmnd5b,373,36,13,12,29,9,3,6,8
N4bp3,26,3,0,9,12,4,7,7,2
D930048N14Rik,5,0,0,1,0,1,0,0,0
0610009B22Rik,533,63,14,3,38,13,20,6,16
Sec24a,797,217,52,10,93,30,40,106,46
Sar1b,1586,206,50,27,119,30,50,37,39
Jade2,297,46,23,0,14,9,5,4,6
Gm39822,0,0,1,0,0,0,0,0,0
Gm26551,19,2,1,2,1,2,1,0,1
Cdkn2aipnl,202,28,11,1,16,9,9,3,5
Ube2b,3843,534,191,80,341,98,156,109,106
Gm12204,4,1,1,0,0,1,0,0,0
Cdkl3,102,11,1,3,6,6,6,5,3
Ppp2ca,3568,790,250,80,428,113,158,93,116
9430098F02Rik,0,2,0,0,1,0,0,0,0
Skp1a,1397,328,87,58,238,77,103,57,71
Gm12207,7,4,2,0,3,0,1,1,1
Tcf7,171,27,4,7,10,9,6,9,6
A630014C17Rik,5,0,0,0,0,0,1,0,0
Vdac1,2460,362,147,48,192,84,68,55,64
9530068E07Rik,3350,376,134,47,239,126,135,65,95
Fstl4,1,0,0,0,0,0,0,0,0
Hspa4,1546,317,99,32,174,82,60,72,48
Zcchc10,240,35,16,4,11,13,7,0,2
Aff4,1846,396,129,34,215,60,89,39,61
Uqcrq,5630,880,313,116,498,171,149,110,155
Gdf9,28,14,2,0,11,1,4,2,1
Shroom1,8,3,0,0,1,0,0,0,1
Sowaha,1,0,0,0,0,0,0,0,0
Sept8,1830,207,77,26,129,34,47,32,33
Kif3a,362,53,19,13,40,12,24,17,19
Il4,0,0,0,0,1,0,2,0,0
Il13,1,0,0,0,1,0,0,0,0
Rad50,543,38,23,3,30,7,14,14,14
Il5,0,0,0,0,0,0,0,0,0
Gm12214,0,0,0,0,1,0,0,0,0
Irf1,1457,678,142,90,495,106,348,67,73
Gm17334,11,2,1,0,0,0,1,0,1
Gm12216,346,57,14,11,43,8,22,9,10
Slc22a5,57,35,3,4,27,9,7,5,9
Slc22a21,91,9,2,3,14,3,3,0,0
Slc22a4,172,25,10,5,9,4,4,7,4
Pdlim4,1673,155,40,53,154,74,71,63,44
P4ha2,3302,260,74,50,286,77,72,28,35
Csf2,59,6,0,0,0,0,0,0,1
Acsl6,9,3,1,0,1,0,0,0,2
Fnip1,1981,362,132,30,171,64,62,32,53
Rapgef6,796,110,35,14,62,22,45,13,19
Cdc42se2,509,62,23,6,39,21,18,19,13
Gm12227,0,0,0,0,0,0,1,0,0
Lyrm7,39,1,3,1,4,0,1,0,0
Hint1,10410,1398,465,229,838,267,242,215,245
Gpx3,12067,5325,860,143,2521,491,858,280,299
Tnip1,754,102,30,4,23,9,21,13,10
Anxa6,2442,264,76,45,191,75,72,44,60
Ccdc69,29,0,0,0,1,0,0,0,0
Gm2a,1111,115,59,15,91,38,46,28,26
Slc36a3,0,0,0,0,0,0,0,0,0
Slc36a3os,0,0,0,0,0,0,0,0,1
Slc36a2,25,0,0,0,9,0,5,2,2
Slc36a1os,1,0,0,0,0,1,1,0,0
Slc36a1,369,35,14,7,17,8,4,8,8
Fat2,1,0,0,0,0,0,0,0,0
Sparc,376455,23012,3921,2437,15806,7639,7354,2157,4720
Atox1,5598,1149,324,106,509,172,175,114,120
G3bp1,2338,449,137,37,216,77,109,57,50
Glra1,9,9,6,2,5,2,2,0,2
Gria1,0,0,0,0,3,2,1,0,0
Fam114a2,1013,115,36,15,70,19,34,21,19
Mfap3,500,31,4,4,21,15,14,9,6
Galnt10,698,64,19,9,40,22,31,12,21
Sap30l,1397,164,46,24,91,31,41,25,39
Hand1,0,0,0,0,0,0,0,0,0
Larp1,1231,195,65,21,105,37,40,22,45
Gm12248,2,1,0,0,0,0,0,0,1
Cnot8,696,67,19,11,54,17,14,11,12
Gemin5,159,26,6,2,6,6,2,2,4
Mrpl22,551,86,30,8,55,15,17,13,18
Igtp,265,83,22,1,46,9,26,2,3
Irgm2,279,76,25,1,33,14,28,4,6
4930438A08Rik,0,0,0,0,0,0,0,0,0
Zfp692,68,13,3,4,9,5,4,3,9
Zfp672,459,49,18,3,31,13,11,7,8
Sh3bp5l,278,8,6,2,13,9,4,5,4
1810065E05Rik,1,0,0,0,0,0,0,0,0
Gm12253,0,0,0,0,0,0,0,1,0
Olfr30,2,1,1,0,0,0,0,0,1
Olfr328,6,7,1,0,4,0,1,0,1
Olfr318,0,0,0,0,1,0,0,0,0
Gm12258,46,5,0,2,1,1,1,2,5
2810021J22Rik,63,4,1,1,1,1,0,2,1
Zfp39,103,6,1,0,1,2,2,2,3
Gm12256,0,0,0,0,1,0,0,0,0
Rnf187,1969,235,76,32,146,63,66,49,48
Hist3h2ba,3,0,0,2,1,3,2,4,0
Hist3h2a,420,31,13,11,35,16,15,9,13
Trim17,0,1,0,1,0,1,1,0,0
Trim11,287,21,10,8,19,6,11,3,5
Obscn,0,2,0,0,0,0,0,0,0
Iba57,47,5,3,2,4,1,1,0,0
Gjc2,37,6,2,1,6,1,2,1,0
Guk1,1018,177,46,19,117,23,27,27,30
Mrpl55,650,82,29,9,36,19,21,10,13
2310033P09Rik,267,50,20,7,28,8,8,4,12
Arf1,7864,947,323,144,628,223,234,134,168
Wnt3a,0,0,0,0,0,0,0,0,0
Wnt9a,190,25,10,4,21,8,10,4,3
Snap47,495,76,13,8,45,21,23,10,10
Jmjd4,52,4,1,1,1,1,0,3,1
Zfp867,124,6,1,1,9,0,1,2,1
Zkscan17,404,29,12,3,18,3,13,7,5
Nlrp3,25,5,3,1,4,0,0,0,1
Olfr222,0,0,0,0,0,0,0,0,0
Mprip,2454,215,60,35,178,79,71,58,60
Gm12264,2,1,0,0,0,0,0,0,0
Pld6,2,0,1,0,0,0,0,0,0
Flcn,455,81,30,5,48,15,22,14,19
Gm16062,142,21,6,1,10,8,3,3,5
Cops3,1182,123,43,11,47,29,31,12,15
Nt5m,368,32,9,5,34,13,4,6,5
Med9os,17,5,1,0,3,0,0,2,0
Med9,472,61,27,6,38,14,8,7,11
Rasd1,164,108,21,22,66,7,11,26,18
Pemt,85,18,4,2,14,2,2,1,2
Rai1,463,66,19,13,43,13,18,12,18
4930412M03Rik,4,1,0,0,0,0,0,0,0
Srebf1,828,80,27,19,57,22,40,19,24
Tom1l2,536,55,15,8,30,14,16,6,9
Drc3,11,0,0,0,1,0,0,0,0
Atpaf2,225,31,10,5,21,5,12,8,8
Gid4,590,52,8,6,24,12,16,11,16
Drg2,565,68,25,4,46,14,18,12,13
Alkbh5,1954,369,97,44,200,79,103,53,60
Gm26837,1,0,0,0,0,0,0,0,0
Llgl1,610,51,19,9,24,22,18,6,18
Flii,761,99,48,14,68,26,30,18,23
Mief2,120,12,2,4,10,1,2,1,7
Top3a,56,11,2,1,4,3,3,0,2
Smcr8,242,44,14,8,23,11,13,6,11
Shmt1,64,8,0,0,1,2,0,1,1
Dhrs7b,447,76,21,5,33,12,12,9,13
Tmem11,770,134,51,20,75,32,44,25,23
Gm26534,14,0,1,0,1,1,0,0,2
Natd1,192,18,3,1,8,5,3,2,3
Map2k3os,34,17,3,1,14,1,4,2,5
Map2k3,1118,288,87,36,155,37,53,65,60
Kcnj12,1,0,0,0,0,0,0,0,0
Tnfrsf13b,0,0,1,0,0,0,1,0,0
Usp22,1217,98,34,16,75,46,36,14,20
Aldh3a1,3074,201,192,5,46,8,45,7,41
Aldh3a2,597,58,21,5,43,17,12,9,15
Slc47a2,5,2,0,0,0,1,0,0,0
Slc47a1,3,2,0,0,0,0,0,0,1
Gm45605,18,2,2,0,0,0,0,0,0
Rnf112,67,0,1,0,5,7,3,1,2
Mfap4,44116,507,296,362,1998,1267,1577,376,1204
Mapk7,352,38,12,7,29,6,14,5,15
B9d1os,3,1,1,0,1,0,1,1,0
B9d1,335,59,12,6,19,9,13,7,5
Epn2,1006,92,29,10,53,15,39,17,17
Grap,89,5,0,0,1,1,3,1,0
Slc5a10,1,0,0,0,1,0,0,0,0
Fam83g,2,6,0,0,0,0,0,0,1
Prpsap2,197,30,4,6,18,7,9,11,6
Ulk2,1165,105,31,6,53,27,37,10,16
A530017D24Rik,117,11,1,3,9,5,2,3,2
Gm26964,5,2,1,0,0,0,0,0,1
Akap10,185,22,7,2,10,5,6,5,10
Specc1,123,8,7,4,21,15,7,5,6
Adora2b,195,70,35,2,19,2,8,3,4
Zswim7,263,34,14,4,27,5,8,7,3
Ttc19,1012,220,58,18,125,44,45,20,33
Ncor1,3290,392,90,52,227,84,115,67,57
Pigl,43,1,1,1,5,2,2,0,1
Gm12278,4,0,0,0,0,0,0,0,0
Cenpv,580,68,37,11,45,12,17,12,17
Gm12279,0,0,0,0,0,0,0,2,0
Ubb,47171,9734,2834,1379,7460,2025,2943,1758,1787
Gm12280,2,1,0,0,1,0,0,2,0
Trpv2,27,5,5,2,14,4,3,2,3
Lrrc75a,445,37,13,3,37,9,12,5,5
Lrrc75aos2,9,5,0,0,1,0,1,0,1
Mmgt2,286,53,18,6,32,21,19,14,8
Zfp287,104,4,3,2,11,1,1,8,8
Gm27194,0,0,0,0,0,0,0,1,0
Zfp286,39,4,0,0,7,1,2,3,1
Gm10428,0,0,0,0,0,0,0,0,0
Trim16,521,42,10,7,34,9,7,4,7
Fbxw10,23,4,2,0,6,0,2,0,3
Tvp23b,1007,129,44,23,73,32,38,23,32
Tvp23bos,23,1,0,0,0,0,0,0,0
Cdrt4,14,1,2,0,0,0,0,0,0
Tekt3,3,0,0,0,0,0,0,0,0
Pmp22,11239,1224,371,81,522,247,312,181,174
B430319H21Rik,7,3,0,0,0,0,0,0,0
B130011K05Rik,5,0,0,0,0,0,0,0,0
Hs3st3b1,40,29,10,3,9,5,10,2,2
Cox10,159,21,5,4,10,2,4,3,4
2810001G20Rik,267,25,8,11,31,12,13,10,12
F930015N05Rik,2,0,0,0,1,0,1,0,0
Hs3st3a1,10,3,0,1,4,2,1,1,1
Elac2,252,34,11,5,12,1,8,3,3
Arhgap44,166,18,5,0,5,2,7,1,2
Myocd,7,0,0,0,0,0,0,0,0
Map2k4,574,67,20,8,32,19,14,10,19
Zkscan6,124,13,8,1,7,5,4,1,3
Shisa6,5,1,0,0,1,0,0,0,0
Tmem220,96,29,10,0,8,7,3,0,3
Adprm,279,21,11,5,24,5,7,5,9
Sco1,126,15,2,0,4,1,8,4,2
Myh3,0,0,0,2,0,0,0,1,1
Myh1,0,0,0,0,0,0,0,0,0
Myh4,0,0,0,0,1,0,0,0,0
Myh13,12,0,0,0,1,1,0,0,0
Gas7,1726,262,73,9,180,65,55,41,33
Gm12301,2,1,0,0,1,0,0,0,0
Glp2r,2,0,0,0,0,0,1,0,0
Rcvrn,1,1,0,0,1,0,0,0,1
Gsg1l2,0,1,0,0,1,0,1,0,0
Usp43,2,0,0,0,0,0,0,0,0
Stx8,1124,110,54,18,82,29,26,15,26
C78197,9,0,1,0,0,0,0,0,0
Ntn1,3521,379,124,15,176,68,83,30,50
Pik3r5,117,14,14,0,4,2,1,2,0
Pik3r6,151,5,2,0,1,1,0,0,2
Mfsd6l,1,0,0,0,0,0,0,0,0
Ccdc42os,13,0,1,0,0,0,0,1,1
Ccdc42,220,15,6,3,9,2,8,0,3
Myh10,1040,76,33,17,44,30,19,12,18
Ndel1,2655,481,157,52,289,87,136,44,59
Rpl26,53806,8409,2486,540,2668,980,1167,754,961
Arhgef15,4,0,1,0,0,0,0,0,0
Slc25a35,81,10,2,1,6,1,3,2,0
Rangrf,385,79,20,4,20,4,8,12,10
Pfas,140,21,8,3,8,3,10,11,1
Ctc1,191,19,6,8,11,7,2,4,6
Aurkb,74,2,8,6,10,5,7,0,1
9330160F10Rik,61,6,0,1,7,2,3,0,0
Borcs6,379,43,16,13,42,21,25,15,11
Tmem107,424,70,25,9,47,15,19,9,13
Vamp2,877,117,33,18,69,27,34,22,33
Per1,788,93,20,8,45,17,27,16,15
9130213A22Rik,4,1,0,0,1,0,0,0,0
Hes7,9,5,0,1,6,0,1,1,1
Aloxe3,20,8,3,0,2,0,1,1,1
Alox8,3,0,1,1,2,0,0,0,4
Gucy2e,4,0,0,0,0,0,0,0,0
Cntrob,91,5,1,4,7,6,3,5,0
Trappc1,1047,162,48,10,49,24,33,13,24
Kcnab3,22,2,0,0,0,0,0,0,1
Chd3os,76,17,7,3,15,5,7,7,5
Chd3,1080,136,33,36,132,78,80,52,25
Cyb5d1,13,6,1,2,4,2,2,0,0
Naa38,1230,245,91,28,120,53,55,39,41
Tmem88,53,213,44,5,77,26,29,6,4
Kdm6b,1237,1380,356,107,729,191,351,123,137
Kdm6bos,9,4,3,1,2,3,1,1,1
Dnah2,9,1,0,0,1,1,2,0,1
Dnah2os,91,3,1,0,3,1,2,0,2
Efnb3,40,1,0,4,4,2,5,4,3
Wrap53,130,13,2,4,8,7,2,0,4
Trp53,1343,206,57,59,160,54,59,56,44
Atp1b2,8,2,2,0,3,3,4,1,1
Shbg,1,0,0,0,1,0,0,0,0
Sat2,176,19,9,5,21,4,11,9,6
Fxr2,677,83,32,12,53,17,37,12,21
Sox15,0,0,0,0,0,0,0,0,0
Mpdu1,991,93,38,11,76,26,41,12,21
Cd68,42,70,12,5,23,3,12,9,6
Eif4a1,13731,2331,646,263,1095,305,417,312,286
Senp3,357,63,23,9,40,26,25,8,13
Tnfsf13os,13,1,0,0,1,0,0,0,0
Tnfsfm13,9,4,3,0,5,0,1,1,1
Tnfsf12,1416,208,62,14,130,46,62,20,35
Polr2a,1556,215,80,16,105,37,54,31,25
Zbtb4,1504,137,31,11,72,17,38,22,25
Chrnb1,14,0,0,1,2,1,0,4,4
Fgf11,40,3,2,3,13,4,2,2,1
Tmem102,0,0,0,0,0,0,0,0,0
Gm39566,0,3,0,0,3,1,0,1,0
Spem1,5,11,2,2,5,1,4,1,0
Nlgn2,425,79,31,14,69,21,32,24,14
Tmem256,3969,768,229,96,435,144,154,103,129
Plscr3,1502,124,32,30,117,42,45,35,37
Tnk1,72,3,2,0,0,1,3,1,1
Tmem95,16,13,2,3,7,1,1,0,1
Kctd11,832,103,22,13,74,26,26,15,11
Acap1,2,1,0,1,1,0,2,0,0
2810408A11Rik,26,2,0,1,2,3,1,0,1
Neurl4,258,33,10,4,11,10,8,7,11
Gps2,572,99,29,14,73,28,36,12,22
Eif5a,10881,2208,643,282,1160,340,370,262,317
Ybx2,0,0,0,0,0,1,0,0,0
Slc2a4,21,3,0,0,0,0,0,0,0
Cldn7,15,0,0,0,0,1,0,0,1
Elp5,731,120,28,15,80,29,35,31,18
Ctdnep1,1693,213,77,30,127,47,65,20,45
Gabarap,16882,2551,796,284,1461,452,548,334,391
Phf23,628,162,49,20,106,45,39,28,24
Dvl2,384,61,17,5,37,11,15,10,15
Acadvl,1230,198,44,18,79,35,33,24,32
Dlg4,952,148,41,21,98,44,62,34,61
Asgr1,1,2,2,2,6,0,1,2,3
Asgr2,15,0,0,0,1,0,0,0,0
Mgl2,7,0,0,1,1,1,1,0,0
Clec10a,3,0,0,0,0,0,0,0,0
Slc16a11,0,0,0,0,0,0,0,0,0
Slc16a13,10,0,0,0,0,0,0,1,1
Bcl6b,20,3,0,1,2,0,1,0,1
0610010K14Rik,345,104,36,14,78,35,22,21,18
Gm21988,29,11,4,3,12,4,4,2,3
Rnasek,4,1,6,2,4,0,0,1,4
Alox12,5,0,1,0,0,0,0,0,0
Alox12e,0,0,0,0,0,0,0,0,0
Alox15,1,0,0,0,0,0,0,0,0
Pelp1,344,41,12,5,26,10,6,4,5
Arrb2,119,13,6,0,10,0,2,2,2
Med11,169,19,7,2,26,5,6,5,1
Cxcl16,190,70,34,6,32,21,19,4,6
Zmynd15,18,6,1,0,4,2,4,0,1
Tm4sf5,0,0,0,0,0,0,0,0,0
Vmo1,27,1,1,0,2,0,1,0,1
Psmb6,4259,499,173,95,298,119,134,69,87
Pld2,299,44,15,3,29,13,9,3,10
Mink1,269,33,8,3,17,13,9,2,5
Gm12316,0,0,0,0,0,0,0,0,0
Chrne,2,0,0,0,0,0,0,0,0
Gp1ba,0,0,0,0,0,0,0,0,0
Slc25a11,983,132,39,16,95,29,41,25,20
Rnf167,515,67,30,9,49,24,22,22,29
Pfn1,10228,1905,652,332,1258,378,351,285,307
Eno3,136,18,5,0,6,6,6,1,5
Spag7,1136,142,48,11,73,35,32,23,20
Camta2,299,35,8,3,20,7,8,2,5
Inca1,21,2,0,0,5,1,0,0,1
Kif1c,986,105,35,9,55,18,27,13,17
Gm12320,0,0,0,0,0,0,0,0,0
Zfp3,20,2,1,0,1,0,0,1,1
Scimp,0,0,0,0,0,0,0,0,0
Rabep1,795,94,30,12,61,19,24,27,15
Nup88,569,71,29,11,55,19,22,12,12
Rpain,369,67,26,4,67,11,18,10,12
C1qbp,2587,362,95,35,153,62,42,56,62
Dhx33,317,58,18,10,16,7,16,4,10
Derl2,1112,181,52,5,86,28,30,26,25
Mis12,197,39,14,4,17,10,9,8,4
6330403K07Rik,21,0,0,3,8,5,3,20,6
Nlrp1a,0,0,0,0,0,0,0,0,0
Nlrp1b,0,0,0,0,0,0,0,0,0
Wscd1,2,0,0,1,2,3,1,1,0
Aipl1,5,0,0,0,0,1,0,0,1
Pimreg,65,5,1,5,10,14,2,1,1
Pitpnm3,5,0,0,0,0,0,0,0,0
4933427D14Rik,139,8,2,3,5,2,5,2,2
Gm43951,1,1,0,0,1,1,1,2,0
Txndc17,4840,704,199,103,385,102,122,96,124
Med31,541,92,21,21,61,21,32,17,20
Slc13a5,0,0,0,1,0,0,0,0,0
Xaf1,358,135,38,17,60,21,31,26,24
Smtnl2,50,4,1,0,1,0,0,0,0
Ggt6,0,0,0,0,0,0,0,0,0
Mybbp1a,897,140,33,6,61,23,28,24,17
Spns2,49,2,2,0,1,0,1,0,0
Spns3,12,2,0,0,1,0,1,0,0
Ube2g1,835,89,35,13,74,23,40,18,29
Ankfy1,680,80,31,4,44,24,24,11,20
Cyb5d2,224,11,7,4,9,7,7,0,8
Zzef1,820,93,23,11,48,20,28,3,18
Atp2a3,3,0,0,0,0,0,3,2,0
P2rx1,1,0,0,0,0,0,0,0,0
4732414G09Rik,12,1,0,0,0,0,0,1,2
Camkk1,198,8,7,3,8,2,0,1,6
Ncbp3,671,49,10,7,46,19,17,8,21
Itgae,7,2,0,0,1,2,0,2,1
Haspin,11,1,0,0,0,1,0,0,0
P2rx5,6,0,0,0,1,0,0,0,0
Emc6,828,113,41,25,97,23,28,40,25
Tax1bp3,1708,247,70,33,144,61,53,37,47
Ctns,269,26,10,0,15,6,8,3,3
Shpk,63,5,2,0,3,0,1,1,3
Trpv3,1,1,0,0,0,0,0,0,0
Aspa,228,14,4,2,8,24,9,6,8
Olfr392,0,0,0,0,0,0,0,1,0
Olfr398,0,0,0,1,0,1,0,0,0
Rap1gap2,44,4,1,0,1,4,2,0,0
Cluh,341,50,9,3,37,11,7,3,5
Pafah1b1,3317,603,180,70,345,127,135,94,96
Mettl16,391,58,17,11,30,15,17,8,13
Mnt,524,65,9,9,45,12,21,13,17
Sgsm2,621,70,27,6,51,12,27,7,24
Tsr1,499,71,12,6,21,12,9,4,8
Srr,247,21,7,4,19,7,4,5,6
Smg6,748,126,24,8,71,24,24,17,20
Hic1,551,71,28,1,52,12,21,9,10
Ovca2,50,9,0,1,2,1,3,1,1
Dph1,3,0,0,0,1,0,0,0,0
Rtn4rl1,232,23,2,0,7,1,4,3,5
Rpa1,376,38,19,6,17,9,9,4,14
Smyd4,107,17,4,0,6,1,1,2,3
Serpinf1,23100,1748,475,194,1869,696,888,417,426
Serpinf2,4,3,2,0,2,0,1,2,1
Wdr81,166,24,7,0,19,6,2,1,3
Tlcd2,490,106,37,8,60,20,23,20,10
Prpf8,1011,112,41,10,72,38,37,19,26
Rilp,40,1,4,0,4,2,0,3,0
Scarf1,6,1,0,0,3,0,0,0,1
Gm45606,23,1,0,0,1,0,0,2,0
Slc43a2,422,12,6,1,1,2,3,2,5
Pitpna,2150,314,114,52,160,45,55,38,46
Inpp5k,509,54,11,5,30,7,13,8,11
Myo1c,1311,211,58,119,123,43,40,36,43
Crk,1705,319,98,20,174,57,75,52,54
Ywhae,6612,1017,332,117,487,197,209,121,148
Gm26836,3,1,0,0,4,0,1,0,2
Doc2b,2,0,0,1,0,0,1,1,0
Rph3al,0,0,0,0,0,0,0,0,0
1700016K19Rik,0,0,0,0,0,0,0,0,0
Rflnb,360,17,9,12,36,53,30,13,18
Vps53,571,77,27,10,49,18,13,10,9
Glod4,928,132,44,11,75,20,20,19,15
Fam57a,183,23,3,0,8,2,4,3,5
Gemin4,4,3,0,0,0,0,1,0,0
Dbil5,7,1,0,0,0,0,0,1,0
Mrm3,98,16,4,4,11,2,2,2,5
Nxn,981,86,21,27,95,25,15,18,17
Timm22,740,108,34,19,66,18,31,22,35
Abr,581,41,13,7,37,15,25,8,19
Gm26780,0,0,0,0,0,0,0,0,0
Tusc5,91,4,3,0,6,0,5,1,2
Gosr1,340,34,20,4,23,7,4,3,10
Cpd,3223,254,69,17,130,41,30,18,33
Tmigd1,101,8,1,0,2,0,3,0,2
Blmh,1661,166,55,19,92,25,35,18,21
Slc6a4,3,0,0,0,0,0,0,0,0
Nsrp1,774,68,40,14,34,18,21,14,27
Efcab5,5,1,4,0,0,0,3,0,0
Ssh2,1554,154,49,7,107,20,41,25,35
Coro6,6,4,1,0,3,0,0,0,0
Ankrd13b,138,14,4,0,10,5,2,11,5
2210008F06Rik,7,0,0,0,0,0,1,0,0
Git1,790,88,27,8,40,19,15,13,12
Trp53i13,911,111,21,19,93,31,42,13,21
Abhd15,11,1,1,0,0,0,0,0,0
Gm10392,1,0,0,1,1,0,0,0,0
Taok1,2544,290,92,30,137,67,80,51,45
Nufip2,1589,640,175,53,273,94,130,54,64
Cryba1,1,0,0,0,0,0,0,0,0
Myo18a,194,20,9,11,16,24,19,8,7
Gm10277,2,0,0,0,0,0,0,0,0
Pipox,12,0,0,2,6,0,1,2,3
Phf12,493,62,22,10,47,21,19,12,20
Dhrs13os,2,0,0,0,0,0,0,0,0
Dhrs13,68,12,4,1,3,0,2,1,1
Flot2,1305,150,47,12,79,37,36,21,24
Eral1,164,13,5,1,16,7,6,5,4
Fam222b,240,15,9,4,14,9,5,1,4
Traf4,211,22,9,14,38,6,18,12,10
Nek8,106,10,3,1,4,6,4,4,4
Tlcd1,265,24,9,13,20,9,13,9,6
Rpl23a,22125,4248,1376,216,1046,465,498,260,358
Rab34,2727,255,60,57,193,64,99,65,68
Proca1,68,12,3,6,7,6,3,3,5
Supt6,822,141,37,14,65,27,36,17,19
Sdf2,2156,270,80,46,222,73,91,51,72
2610507B11Rik,1141,151,58,8,78,22,39,22,23
BC030499,8,6,1,1,2,0,4,0,2
Spag5,42,7,1,1,11,2,3,2,1
Aldoc,0,0,0,2,0,0,0,0,0
Pigs,861,81,20,7,44,16,15,8,17
Unc119,86,8,3,5,16,4,4,2,6
Foxn1,0,0,0,0,0,0,0,0,0
Slc46a1,95,18,4,3,10,0,2,1,2
Sarm1,8,1,0,2,1,1,2,0,0
Vtn,8,21,10,1,40,9,18,13,29
Tmem199,158,25,11,1,12,7,5,3,3
Poldip2,859,84,33,7,69,19,27,13,21
Tnfaip1,1132,130,43,9,64,20,19,23,18
Ift20,4909,588,138,69,360,110,121,64,106
Tmem97,806,92,18,9,67,19,12,12,15
Nlk,191,30,9,4,25,11,13,10,10
Fam58b,488,46,16,4,29,10,3,4,12
Lyrm9,85,15,4,5,10,2,1,1,1
Nos2,33,2,0,0,1,0,0,0,0
Lgals9,1904,234,105,6,104,34,48,15,31
Ksr1,808,112,43,4,62,23,50,13,15
Gm11201,2,1,0,0,0,0,0,0,0
Wsb1,2105,962,344,84,544,133,232,123,142
Nf1,761,100,32,20,57,31,38,19,10
Omg,2,0,0,0,0,0,0,0,0
Evi2,0,4,0,0,1,0,0,0,0
Evi2b,0,0,0,0,0,0,0,0,0
Evi2a,567,41,20,2,17,3,6,0,2
Rab11fip4,0,0,0,0,0,0,1,0,0
Rab11fip4os1,0,0,0,0,0,0,0,0,0
Gm11205,2,0,0,0,0,1,0,0,0
Utp6,393,53,26,2,26,6,10,10,9
Suz12,617,90,31,11,67,24,24,17,17
Gm26563,7,2,1,0,0,0,0,0,0
Crlf3,301,53,15,9,36,18,14,16,8
Atad5,59,7,5,2,2,3,4,0,0
Tefm,107,9,5,3,3,3,6,2,1
Adap2,2,0,1,0,0,0,0,0,0
Adap2os,0,0,0,0,0,0,0,0,0
Rnf135,160,16,5,1,8,4,6,1,3
Rhot1,579,51,23,9,51,20,16,14,9
Rhbdl3,185,27,6,3,11,4,6,4,5
5730455P16Rik,551,33,12,5,25,13,17,11,10
Zfp207,2194,310,97,37,173,63,66,54,52
Psmd11,1730,403,121,43,180,65,72,61,74
Cdk5r1,30,19,5,6,13,3,9,0,2
Myo1d,109,6,2,3,6,5,8,5,2
Tmem98,145,22,13,6,22,11,21,5,5
Asic2,1,1,0,0,1,0,1,0,0
Gm31522,2,0,0,0,0,0,0,1,0
Ccl2,13817,7312,1688,52,1990,366,860,367,239
Ccl7,9111,6174,1721,74,1370,352,1036,209,236
Ccl11,3770,1200,429,43,867,218,204,103,176
Ccl12,12,0,1,0,2,0,0,0,0
Ccl8,4214,773,387,80,673,169,246,42,179
Ccl1,0,0,0,0,0,0,0,0,0
Tmem132e,28,3,0,1,7,4,1,5,3
Cct6b,13,1,1,0,0,0,0,0,0
Zfp830,271,37,17,16,36,8,8,14,7
Gm11423,59,6,4,2,7,1,6,1,3
Lig3,333,19,17,2,17,6,11,7,10
Rffl,315,59,14,1,15,3,12,8,4
Rad51d,256,16,7,0,11,2,6,4,2
Fndc8,0,0,0,0,0,0,0,0,0
Nle1,212,20,10,2,9,1,4,2,6
Unc45b,68,25,5,1,10,1,7,2,0
Slfn5,1652,480,103,7,321,82,210,45,33
1190001M18Rik,0,0,0,0,0,0,0,0,0
Slfn9,52,22,3,2,12,3,3,3,3
Slfn8,112,50,15,1,24,9,9,0,1
Slfn2,145,71,59,1,17,13,10,4,1
Gm20234,1,0,1,0,0,0,1,0,0
Slfn1,0,2,0,0,1,0,1,0,0
Slfn4,4,1,0,1,0,1,0,2,0
Slfn3,1,0,0,0,0,0,0,0,0
Slfn14,0,0,0,0,0,1,0,0,0
Pex12,156,19,5,2,9,3,6,1,6
Ap2b1,1213,177,55,21,99,33,48,31,36
Rasl10b,1,0,0,0,2,0,1,0,0
1700020L24Rik,4,0,0,0,0,0,0,0,0
Mmp28,7,2,0,2,1,1,0,0,0
Taf15,840,143,45,32,88,45,41,33,29
Heatr9,0,0,0,0,0,0,0,0,0
Ccl5,26,0,1,8,6,3,4,23,0
Ccl9,68,18,21,3,4,7,6,6,3
Ccl6,13,15,8,1,2,2,0,1,1
Rpl9-ps1,2,1,1,0,1,1,0,1,0
Ccl3,9,8,4,7,7,3,2,2,1
Ccl4,5,7,10,4,6,9,0,1,2
Wfdc17,63,13,15,3,2,5,1,1,2
Wfdc18,6,0,0,6,1,2,2,0,0
Wfdc21,79,7,2,1,0,3,0,0,0
Heatr6,413,44,14,1,27,10,12,17,6
Ddx52,660,68,36,1,29,12,16,13,13
Synrg,380,52,15,8,30,12,19,18,18
Dusp14,178,32,3,0,5,2,2,0,2
Tada2a,275,24,6,3,24,2,7,2,8
Acaca,471,50,10,6,37,18,13,11,9
Aatf,394,60,15,8,32,16,9,12,13
Lhx1,0,0,0,0,0,0,0,0,0
Mrm1,84,10,4,2,8,8,6,0,1
Dhrs11,65,17,6,0,4,0,3,3,1
Ggnbp2,2218,307,75,29,144,40,62,35,41
Pigw,48,7,2,0,4,3,3,3,2
Myo19,72,10,2,1,5,1,2,2,6
Znhit3,315,37,15,5,25,11,10,11,11
Car4,91,33,2,0,0,0,1,1,5
Usp32,441,72,27,6,50,15,21,10,9
1700125H20Rik,3,1,0,0,0,0,0,0,0
Appbp2,1342,211,55,36,101,40,48,29,31
Appbp2os,2,1,0,0,3,0,0,0,1
Ppm1d,272,36,9,14,43,8,16,19,18
Bcas3,197,31,6,1,10,7,6,6,6
Bcas3os1,3,0,1,0,0,0,1,0,1
Tbx2,23,2,1,0,4,2,1,1,1
Gm11444,1,2,0,0,1,0,0,0,1
Tbx4,9,0,0,0,0,0,0,0,0
Brip1,31,2,3,3,2,3,0,1,1
Brip1os,707,94,29,7,51,23,28,10,18
Ints2,309,61,25,8,45,13,19,8,14
Med13,1424,338,88,31,177,77,73,40,56
Rnft1,1315,116,37,6,65,20,23,18,18
Rps6kb1,1073,255,60,39,112,55,53,21,33
Tubd1,85,13,3,2,10,5,5,0,2
Vmp1,2807,916,212,109,407,182,182,122,129
Ptrh2,389,50,9,4,20,9,5,8,9
Cltc,4504,528,166,53,284,84,126,53,70
Dhx40,715,99,45,9,80,14,28,21,28
Ypel2,463,23,14,7,36,7,13,14,15
Gdpd1,125,14,2,4,14,7,6,2,6
Smg8,151,26,7,2,17,9,10,3,2
Prr11,53,5,2,1,6,6,0,4,0
Ska2,168,13,9,4,7,7,5,5,1
Gm11491,3,0,0,0,1,1,2,1,0
Trim37,153,18,8,6,19,3,4,5,4
Ppm1e,5,0,0,0,1,0,0,0,1
Rad51c,16,2,0,1,2,0,0,1,0
Tex14,2,0,0,0,2,0,0,0,1
Sept4,63,46,5,3,12,7,7,4,6
Mtmr4,162,25,7,1,5,1,8,2,2
Hsf5,6,1,0,0,1,0,0,1,0
Rnf43,0,0,0,0,0,0,0,1,0
Supt4a,1972,256,67,34,139,47,57,39,52
Mir142hg,0,0,0,0,1,1,1,0,0
Tspoap1,0,0,0,0,0,0,0,0,0
Mpo,4,0,0,0,1,0,1,0,0
Lpo,0,0,0,0,0,0,0,0,0
Mks1,97,7,1,0,8,2,1,2,3
Dynll2,1165,231,81,24,96,42,36,24,24
Gm11508,1,0,0,0,0,0,0,0,0
2010015M23Rik,26,7,0,0,4,2,6,1,1
Srsf1,1424,203,55,27,121,46,48,23,36
Gm15892,9,19,8,0,4,1,3,1,2
Vezf1,1969,235,66,15,117,45,61,35,30
Cuedc1,1349,108,21,11,64,23,42,10,23
Mrps23,842,100,41,14,51,15,22,21,15
Gm38534,1,1,0,0,0,0,0,0,0
Msi2,692,57,23,9,39,21,18,5,16
C030037D09Rik,13,3,1,1,0,1,1,0,1
Akap1,266,36,8,1,24,11,15,4,5
Scpep1os,0,0,0,0,1,0,2,0,0
Scpep1,3096,635,195,44,284,98,157,45,83
Coil,91,4,1,2,13,6,2,6,4
Trim25,466,96,31,5,42,15,31,6,7
Dgke,50,3,1,0,1,2,2,4,1
Dgkeos,1,0,0,0,1,0,0,0,0
Gm525,1,1,0,0,0,0,0,0,0
Nog,34,6,2,2,8,7,5,8,6
Pctp,21,1,1,0,0,1,0,0,0
Tmem100,823,180,42,1,125,13,47,18,36
Gm45716,68,18,4,2,3,3,2,1,0
Mmd,208,32,6,1,14,7,12,3,2
Hlf,260,20,6,1,16,5,3,9,7
Stxbp4,189,26,3,3,14,3,9,1,6
Cox11,235,28,2,3,16,5,8,4,8
Tom1l1,120,11,2,2,9,5,4,1,1
Utp18,387,60,25,8,28,9,5,14,8
Mbtd1,893,176,76,29,113,32,52,42,32
Nme2,140,102,62,17,55,19,29,14,30
Nme1,4677,939,309,81,372,86,81,90,94
Spag9,2712,454,162,65,318,132,143,77,79
Tob1,592,301,90,49,238,79,105,29,51
Wfikkn2,21,0,1,0,3,0,1,1,1
Luc7l3,1502,267,82,58,209,82,62,71,70
Ankrd40,1048,134,48,17,60,31,21,23,15
Abcc3,9,8,1,0,2,2,0,0,1
Cacna1g,643,26,13,46,70,26,32,35,25
Epn3,0,0,0,2,3,0,0,3,0
Mycbpap,0,0,1,3,1,0,3,0,0
Rsad1,81,8,3,1,4,1,6,1,1
Acsf2,208,36,3,5,23,9,18,7,7
Chad,2,0,0,0,0,0,0,0,0
Lrrc59,2726,471,120,38,233,69,59,38,66
Eme1,9,0,0,0,0,2,0,0,0
Mrpl27,1036,164,43,16,87,21,29,17,28
Xylt2,340,23,9,0,21,11,10,4,6
Gm11541,3,0,0,2,2,1,0,0,0
Cdc34b,1,0,0,0,0,0,0,0,0
Col1a1,635286,30692,5753,5242,32886,17260,18187,2986,9680
Sgca,2,0,0,0,0,1,0,0,0
Ppp1r9b,852,98,30,9,72,34,36,13,19
Samd14,430,37,13,10,37,15,14,10,7
Pdk2,177,20,6,1,14,8,8,1,3
Itga3,3,0,0,0,1,1,2,2,0
Dlx3,0,0,0,0,0,0,2,0,0
Dlx4,9,1,0,0,0,0,0,0,0
Dlx4os,2,0,0,0,0,0,0,0,0
Tac4,0,1,0,0,0,0,0,0,0
Kat7,387,42,15,6,24,7,15,6,7
Gm11520,2,1,2,1,0,1,0,1,0
Gm11521,1,0,0,0,0,0,0,0,0
Fam117a,117,15,3,0,24,8,4,6,3
Slc35b1,1304,229,61,23,122,43,43,39,25
Spop,4109,473,159,47,189,67,90,50,74
Nxph3,32,2,0,0,0,0,2,0,0
Ngfr,44,7,16,32,14,8,14,11,1
Phb,733,155,65,22,126,38,33,45,38
Gm26830,7,2,1,2,1,1,0,0,0
Gm9796,10,0,1,0,1,0,0,0,0
Zfp652os,13,3,0,0,2,3,1,1,0
Zfp652,1434,100,40,8,67,36,26,18,14
B130006D01Rik,105,5,1,0,1,1,2,0,2
Phospho1,1,0,0,0,0,0,0,0,0
Abi3,34,2,1,0,1,0,0,0,0
Gngt2,707,122,57,2,66,11,20,12,25
Gm11527,0,0,1,0,0,0,0,0,0
Igf2bp1,2,1,1,0,0,0,0,0,0
Snf8,1465,217,73,30,119,34,42,38,37
Ube2z,1162,158,43,19,80,32,31,14,14
Atp5g1,5300,869,291,131,466,148,127,131,154
Gm53,131,4,0,0,2,0,0,0,2
Hoxb9,408,6,0,0,0,0,1,0,5
Hoxb8,94,3,3,1,0,1,0,0,5
Hoxb7,171,8,6,0,3,3,1,0,7
Hoxb5os,16,0,1,1,0,1,0,0,1
Hoxb6,84,5,1,0,2,3,0,0,0
Hoxb5,84,5,4,0,2,0,1,0,1
Hoxb4,198,25,11,0,16,5,8,10,3
Hoxb3,190,13,9,1,9,5,5,6,4
Gm11536,2,0,0,0,0,0,0,0,0
Hoxb3os,54,10,0,2,15,1,4,1,2
Hoxb2,275,42,7,4,25,6,5,8,11
Hoxb1,0,0,1,0,0,0,0,2,0
Skap1,8,0,0,0,0,0,0,1,0
2010300F17Rik,8,1,0,0,0,0,0,0,1
Snx11,175,18,2,4,9,5,7,8,5
Cbx1,1192,186,61,50,128,64,66,28,29
Nfe2l1,1548,262,53,26,137,38,74,45,24
Copz2,3915,380,128,57,320,94,112,51,93
Cdk5rap3,1242,145,40,12,105,20,28,22,20
Gm11525,2,1,0,0,0,0,0,0,0
Prr15l,0,0,0,0,0,0,0,1,0
Pnpo,92,16,7,3,4,2,2,1,2
Sp2,207,22,4,1,11,8,7,1,7
Sp6,0,0,0,0,0,1,0,0,0
Scrn2,88,18,5,2,7,3,6,2,4
Lrrc46,3,0,0,0,0,0,0,0,0
Mrpl10,468,60,20,4,30,12,14,4,19
Osbpl7,125,11,4,3,11,1,3,6,17
Tbx21,0,0,0,0,1,0,0,0,1
Tbkbp1,77,7,1,3,12,2,7,4,3
Kpnb1,1986,276,82,26,104,46,27,29,29
Npepps,1912,287,78,24,142,50,69,34,44
Mrpl45,422,57,13,5,36,15,14,7,10
Socs7,347,66,25,6,36,14,12,9,9
Arhgap23,984,119,33,11,66,28,47,19,24
Srcin1,15,1,0,1,5,2,2,3,0
Epop,48,12,4,7,10,3,0,3,3
Mllt6,508,91,15,6,48,20,3,17,15
Cisd3,268,64,20,3,17,9,11,6,8
Pcgf2,329,36,17,5,27,13,24,10,12
Psmb3,4236,658,215,90,349,119,110,93,105
Pip4k2b,436,44,15,2,20,18,15,8,9
Cwc25,415,67,21,7,50,20,17,9,10
1700001P01Rik,0,2,2,0,0,1,0,0,0
Rpl23,83583,13159,3832,1055,5585,1904,2245,1464,1860
Lasp1,2709,309,77,21,143,65,75,38,51
B230217C12Rik,137,26,7,1,16,3,4,2,10
Fbxo47,2,0,0,0,0,0,0,2,0
Gm11630,1,0,1,0,0,1,0,0,0
Plxdc1,279,16,3,4,12,10,25,10,9
Arl5c,107,7,9,4,12,6,12,4,4
Cacnb1,85,13,1,4,7,2,4,2,1
Rpl19,53097,8364,2498,916,4407,1358,1678,1234,1470
Stac2,187,14,0,7,12,1,2,5,8
Fbxl20,752,42,15,6,32,15,16,12,20
Med1,808,101,31,24,57,20,26,21,21
Cdk12,891,234,55,25,129,29,54,25,32
Ppp1r1b,1,0,0,0,0,0,0,0,0
Stard3,296,44,21,8,38,13,12,6,5
Tcap,1,0,0,0,1,1,0,1,0
Pgap3,77,3,4,0,8,2,5,0,1
Erbb2,360,23,4,2,20,12,8,4,1
Mien1,1367,250,74,34,172,39,58,46,49
Gm12352,3,0,0,0,0,0,0,0,0
Grb7,1,1,0,2,2,0,0,2,0
Ikzf3,0,0,0,0,0,1,0,0,1
Zpbp2,3,0,1,0,1,0,0,0,0
Ormdl3,1095,124,48,11,75,40,48,18,18
Gm12355,25,2,1,2,4,0,3,0,1
Gsdma3,0,0,0,0,0,0,0,0,0
Gsdma,0,0,0,1,0,0,0,0,0
Psmd3,1368,198,62,14,99,39,31,38,30
Csf3,1102,219,88,0,0,1,4,2,6
Med24,233,30,19,3,13,1,7,11,8
Thra,2255,186,50,26,134,65,72,37,45
Nr1d1,298,62,18,3,11,3,5,3,9
Msl1,1459,138,50,24,114,38,44,39,28
Gm12359,9,2,0,0,2,2,0,2,0
Casc3,514,47,16,14,32,12,17,9,10
Rapgefl1,28,2,0,0,1,1,3,0,1
Wipf2,334,64,25,8,34,18,13,8,8
Cdc6,21,6,4,0,4,1,3,3,0
Rara,348,59,22,20,44,26,16,19,17
Top2a,278,4,27,13,21,44,28,4,6
Igfbp4,5247,846,180,179,1330,378,383,401,306
Tns4,0,0,0,0,0,0,0,0,0
Ccr7,2,0,0,1,1,0,1,0,0
Smarce1,1446,169,44,36,99,36,36,22,28
Krt222,2,0,0,0,0,0,0,0,0
Krt24,0,0,0,0,0,0,0,0,0
Krt25,7,0,0,1,0,2,1,0,0
Krt26,0,0,0,0,0,0,0,0,0
Krt27,0,0,0,0,0,0,0,0,0
Krt28,3,0,0,0,0,0,0,0,0
Krt10,1117,78,16,5,70,24,16,19,20
Gm11940,16,0,0,0,2,1,3,0,1
Krt12,19,0,0,0,2,0,0,0,0
A830036E02Rik,30,0,0,0,0,0,0,0,0
Krt20,55,1,2,0,5,0,0,0,0
Krt23,2,1,5,0,1,0,1,3,0
Krtap3-3,0,0,0,0,0,0,0,0,0
Krtap17-1,0,0,0,0,0,0,0,0,0
Krt33a,1,0,0,0,0,0,0,0,0
Krt31,1,0,0,0,0,0,0,0,0
Krt32,0,0,0,0,0,0,0,0,0
Krt35,5,0,0,1,0,0,0,0,0
Krt36,3,2,1,0,2,1,0,2,0
Krt15,2,0,0,0,0,0,3,1,1
Krt19,3,0,6,0,6,0,2,1,1
Krt14,14,0,2,3,2,5,10,2,3
Krt16,5,3,3,0,0,0,0,0,0
Krt17,10,0,0,1,5,5,4,1,4
Krt42,0,0,0,0,0,0,0,0,0
Eif1,35231,5801,1806,773,3881,1102,1526,917,1080
Gast,0,1,0,0,2,0,0,0,0
Hap1,5,5,0,0,2,0,0,1,1
Jup,341,39,18,8,39,13,10,7,15
P3h4,1694,172,39,27,140,43,48,27,29
Fkbp10,4471,313,74,45,261,94,107,35,61
Nt5c3b,612,52,14,7,33,10,18,11,11
Klhl10,4,2,0,0,1,0,0,0,0
Klhl11,72,13,5,7,14,3,6,4,2
Acly,1036,154,65,23,77,31,38,15,24
Ttc25,4,3,0,0,1,1,2,0,0
Cnp,394,56,19,13,28,19,17,8,5
Dnajc7,1051,129,44,23,100,28,58,32,30
Nkiras2,347,35,9,9,24,8,14,4,10
Zfp385c,7,1,0,0,0,0,0,0,0
Dhx58os,129,24,5,2,13,3,4,5,3
Dhx58,85,30,10,1,14,0,5,0,1
Kat2a,254,20,10,3,13,5,4,4,5
Hspb9,3,0,0,0,0,0,0,0,0
Rab5c,2421,287,92,21,182,72,68,45,39
Kcnh4,0,0,0,0,0,0,0,0,0
Hcrt,1,0,0,0,0,1,1,0,0
Ghdc,221,41,17,5,22,4,4,3,7
Stat5b,1269,213,68,5,57,19,27,19,27
Stat5a,715,84,21,11,39,8,18,14,9
Stat3,4104,922,290,99,445,145,255,98,104
Cavin1,8039,1020,367,91,604,187,228,165,204
Atp6v0a1,544,77,20,6,41,21,17,12,17
Naglu,556,81,19,4,52,23,22,11,7
Hsd17b1,3,1,1,0,1,0,0,0,0
Coasy,370,47,14,3,26,18,10,6,6
Mlx,442,104,22,9,35,8,19,15,11
Psmc3ip,96,11,5,3,6,2,4,1,10
Retreg3,614,64,17,8,50,13,17,19,19
Tubg1,311,41,14,5,19,11,5,3,11
Tubg2,65,4,3,1,1,5,4,5,4
Plekhh3,295,39,10,4,31,9,12,7,7
Cntnap1,19,2,1,0,0,4,1,2,2
Ccr10,3,0,0,0,0,0,0,1,0
Ezh1,499,47,14,3,28,12,12,3,4
Ramp2,1225,379,82,27,265,58,98,63,62
Vps25,31,14,3,4,12,2,6,1,2
Wnk4,12,0,0,0,1,0,1,0,1
Coa3,1716,270,95,35,152,53,55,31,39
Cntd1,11,1,1,0,1,1,0,0,1
Becn1,892,174,41,15,77,20,35,22,22
Psme3,819,105,27,10,51,14,15,8,13
Aoc2,40,14,3,3,9,1,4,1,1
Aoc3,274,27,3,4,27,14,31,6,2
G6pc,2,0,0,0,0,0,0,0,0
Gm27029,31,11,5,0,4,6,2,2,2
Aarsd1,45,5,3,3,11,1,0,4,1
Ptges3l,190,23,8,3,9,2,2,2,2
Rundc1,188,25,7,2,12,5,8,7,2
Rpl27,6064,2819,1006,291,1371,444,591,326,427
Ifi35,651,145,34,7,72,16,29,18,13
Gm11626,2,0,0,0,2,0,0,0,1
Vat1,4998,535,162,45,369,99,122,48,66
Rnd2,154,43,8,2,18,5,7,4,8
Brca1,20,2,4,0,2,3,3,0,1
Nbr1,1104,97,29,9,64,23,27,18,24
Tmem106a,1064,180,54,6,57,21,27,7,10
Gm11634,0,0,1,0,0,0,0,0,0
Rdm1,382,26,15,12,22,13,17,5,11
Arl4d,503,71,18,5,47,5,13,21,19
Dhx8,253,25,7,4,16,9,9,6,9
Etv4,27,4,2,1,2,3,0,1,1
Meox1,103,30,0,2,8,6,11,9,0
Gm11551,0,0,0,0,0,1,0,0,0
Sost,11,0,0,5,3,0,0,0,3
Gm20659,1,0,1,0,1,0,0,0,0
Dusp3,1056,152,64,8,74,27,32,19,23
Mpp3,36,0,1,0,2,1,1,0,0
E130111B04Rik,15,1,2,0,1,0,2,0,0
Cd300lg,5,0,1,0,2,1,0,0,0
Mpp2,33,5,1,1,8,3,1,4,1
Ppy,0,0,0,0,0,0,0,0,0
Tmem101,365,42,6,6,24,13,12,5,4
Lsm12,1153,248,83,33,138,45,58,40,36
G6pc3,414,73,18,14,37,14,24,10,7
Hdac5,707,93,18,8,60,17,23,20,22
BC030867,19,2,0,3,0,1,1,0,0
Asb16,9,2,0,0,1,0,2,0,0
Tmub2,630,59,25,7,51,12,22,10,11
Atxn7l3,549,94,32,14,73,20,27,13,13
Ubtf,1743,200,54,17,131,40,41,43,39
Slc4a1,0,0,0,0,0,0,0,0,0
Rundc3a,4,1,0,0,1,3,1,1,2
Slc25a39,915,178,61,17,87,30,39,23,25
Grn,5945,895,333,47,430,165,196,76,111
Fam171a2,614,51,14,6,40,10,8,7,11
Itga2b,776,62,16,6,37,11,24,8,24
Gpatch8,1152,113,34,31,95,47,58,40,22
Gm11627,102,8,0,2,13,12,6,2,6
Fzd2,2422,212,71,22,158,86,106,30,52
Gm11636,20,0,0,0,0,0,0,0,0
2810433D01Rik,242,24,9,2,17,5,10,4,4
Ccdc43,260,45,11,3,22,7,17,4,3
Adam11,44,6,0,5,3,3,3,1,0
Gjc1,335,42,12,21,45,14,22,23,20
Higd1b,0,0,0,0,0,2,0,0,1
Eftud2,741,60,11,4,27,15,14,16,12
Gm26668,2,0,0,0,3,0,0,0,0
Ccdc103,8,0,0,0,0,0,1,0,1
Gfap,2,0,0,0,0,17,1,0,0
Kif18b,9,0,0,0,1,2,2,0,0
C1ql1,16,1,0,0,1,1,0,0,0
2410004I01Rik,11,2,1,0,3,1,1,3,0
Dcakd,646,71,17,15,56,22,26,9,19
Nmt1,947,266,91,23,127,48,40,28,25
Plcd3,134,13,7,1,9,3,5,1,3
Acbd4,353,28,11,3,14,9,8,6,6
Hexim1,946,216,75,30,115,24,80,28,50
Hexim2,50,3,0,0,2,2,1,0,0
Fmnl1,29,11,2,1,8,3,7,1,2
1700023F06Rik,25,3,2,0,9,3,5,1,4
Map3k14,491,59,13,5,22,5,17,4,10
Arhgap27,40,5,3,0,5,2,1,0,1
Arhgap27os3,1,0,0,0,1,0,0,0,0
Arhgap27os2,88,3,1,3,3,1,3,0,0
Arhgap27os1,0,0,1,0,0,0,0,0,0
Plekhm1,274,25,13,4,18,4,7,3,5
Rprml,2,2,0,0,2,0,0,3,0
Gosr2,1029,125,51,9,63,24,27,15,13
Wnt3,0,0,0,0,0,0,0,0,0
Nsf,741,59,13,5,26,14,11,7,14
Arf2,694,93,29,14,63,23,23,22,10
Crhr1,0,0,0,0,0,0,0,0,0
Mapt,23,3,4,2,4,7,4,3,4
Kansl1,965,133,51,16,94,34,47,26,31
Cdc27,522,54,22,5,54,15,21,13,17
Myl4,122,15,2,2,6,4,3,1,3
Itgb3,699,67,14,4,33,11,15,12,4
Mettl2,159,30,7,1,22,11,6,7,9
1700052K11Rik,104,10,5,2,8,1,2,1,1
Tlk2,689,100,31,9,42,15,17,16,16
Mrc2,4330,344,73,35,222,124,109,51,54
March10,7,0,0,0,0,0,0,0,0
Tanc2,545,49,16,10,43,18,12,10,12
Cyb561,227,54,17,0,21,5,8,5,8
Ace,1306,434,96,3,331,90,95,73,36
Kcnh6,0,0,0,1,0,1,0,0,0
Dcaf7,672,80,24,10,48,15,10,12,9
Gm11646,2,0,0,0,0,0,0,0,0
Taco1os,58,4,3,2,7,1,6,0,2
Taco1,39,3,2,0,1,0,0,0,0
Map3k3,474,53,17,6,31,11,15,6,13
Limd2,642,82,32,18,42,25,25,11,15
Gm10840,1,0,0,1,0,0,0,0,0
Strada,223,16,3,2,6,6,7,5,5
Ccdc47,1171,159,50,15,80,36,28,29,36
Ddx42,936,81,23,8,57,19,13,16,32
Ftsj3,646,80,36,9,37,23,15,16,9
Psmc5,2769,382,92,43,190,74,75,60,58
Smarcd2,1365,129,34,9,67,21,32,12,9
Tcam1,10,1,1,0,0,2,0,0,0
Cd79b,0,0,0,0,0,0,35,0,0
Scn4a,0,1,0,0,0,0,0,0,0
Prr29,0,0,0,0,0,0,0,0,0
Icam2,2,1,0,0,1,1,1,0,0
Ern1,252,34,15,4,25,8,8,5,10
Tex2,314,28,9,7,15,7,7,8,2
Pecam1,27,8,7,2,31,8,6,8,12
Milr1,43,39,14,9,15,11,16,10,10
Polg2,194,71,24,4,69,17,23,4,9
Ddx5,11794,3076,958,239,1467,561,710,370,408
Cep95,128,18,5,1,16,6,5,4,8
Smurf2,651,105,35,21,93,25,29,26,24
Gm11707,0,0,0,0,0,0,0,0,0
Kpna2,41,22,8,4,17,12,3,3,3
1810010H24Rik,96,5,3,0,8,2,4,2,6
Bptf,2116,307,94,33,175,78,106,74,60
Nol11,543,59,20,6,39,13,14,12,8
Pitpnc1,777,86,26,10,32,27,27,9,17
Gm11716,0,1,0,0,0,0,0,0,0
Gm11713,39,12,6,1,5,2,4,1,0
Psmd12,1631,220,69,30,109,43,40,39,31
Helz,905,120,37,18,73,44,41,19,34
Cacng1,0,0,0,0,0,1,2,0,0
Cacng4,6,0,0,2,1,1,0,2,1
Prkca,1118,173,53,15,118,42,59,29,35
Apoh,15,0,1,0,0,0,1,0,0
Cep112,147,19,5,3,13,1,5,3,6
Axin2,850,42,19,9,36,10,7,4,11
E030025P04Rik,16,0,0,0,0,0,0,0,1
Rgs9,3,0,0,0,0,1,0,0,0
Gm11696,7,12,1,1,3,2,2,0,2
Gna13,1711,403,129,37,186,61,111,33,32
9930022D16Rik,1,0,0,0,0,0,0,0,0
Amz2,641,67,22,10,28,13,14,15,10
Slc16a6,114,5,2,3,1,2,0,1,3
Arsg,165,10,4,0,5,3,0,2,2
Wipi1,3188,269,82,14,146,47,61,38,44
Prkar1a,3344,475,163,64,278,132,119,81,92
Fam20a,392,30,6,1,23,15,10,6,7
1700012B07Rik,0,0,0,0,0,1,0,0,0
Gm11683,0,0,0,0,0,1,0,0,0
Abca8b,177,35,9,5,37,16,19,16,7
Gm11697,0,0,1,0,0,0,0,0,0
Abca8a,2116,259,67,7,196,49,100,70,42
Abca9,373,68,12,7,37,21,18,10,10
Abca6,473,49,11,1,49,15,9,27,15
Abca5,406,28,7,6,18,7,9,8,2
Map2k6,96,21,4,2,15,4,5,3,3
Kcnj2,47,5,7,1,1,1,0,0,0
Sox9,154,111,71,19,125,46,17,11,4
2610035D17Rik,78,13,0,0,10,3,1,1,5
4732490B19Rik,0,0,0,0,1,0,0,0,0
Slc39a11,337,37,7,4,17,8,3,7,5
Sstr2,1,0,0,1,0,0,1,0,0
Cog1,380,37,16,7,32,11,15,4,3
Fam104a,1675,358,85,46,174,45,74,43,35
D11Wsu47e,85,11,4,1,4,3,1,4,3
Cpsf4l,0,0,0,0,0,0,0,0,0
Cdc42ep4,405,70,25,22,52,18,22,19,20
Sdk2,44,3,2,9,7,9,9,17,9
Rpl38,40035,9400,2978,867,4896,1397,1733,900,1316
Ttyh2,422,68,17,3,40,20,26,9,2
Dnaic2,36,5,2,0,3,4,2,3,1
Kif19a,1,1,0,0,1,0,0,2,2
Btbd17,1,0,0,0,0,0,0,1,0
Gprc5c,5,3,0,0,2,1,0,0,0
Cd300a,1,2,1,1,0,0,0,0,0
Cd300lb,0,0,0,1,0,1,0,0,0
Cd300c,0,0,0,0,0,0,0,0,0
Cd300ld,1,0,0,0,0,0,0,0,0
Cd300c2,0,2,2,0,1,0,2,0,0
Cd300ld3,0,0,0,0,0,1,1,0,0
Cd300e,0,0,0,0,0,0,0,0,0
Rab37,2,1,0,0,2,1,0,0,0
Cd300lf,2,4,1,1,0,2,0,0,0
Slc9a3r1,396,72,25,13,45,9,16,6,4
Nat9,456,52,10,4,20,14,9,4,8
Tmem104,128,14,4,0,10,7,5,3,1
Fdxr,367,40,4,3,28,7,11,8,9
Fads6,284,27,9,2,11,4,3,3,4
Hid1,4,0,0,0,1,1,0,0,0
Cdr2l,629,139,35,12,79,25,37,25,18
Mrpl58,1144,124,45,28,79,25,28,24,31
Ict1os,2,0,0,0,1,0,0,0,1
Atp5h,10193,1361,412,241,855,276,299,188,248
Kctd2,529,59,20,2,37,15,22,10,11
Armc7,50,6,0,0,4,0,0,1,0
Nt5c,1530,179,47,15,92,30,31,30,25
Jpt1,3265,436,169,105,340,93,127,118,88
Sumo2,6844,1086,286,170,584,239,246,200,202
Nup85,406,56,18,7,32,12,12,4,5
Gga3,190,13,9,2,14,4,7,4,7
Mrps7,1102,155,54,18,98,37,32,26,26
Mif4gd,667,76,17,8,47,25,33,7,15
Slc25a19,223,25,4,2,19,4,4,2,2
Gm26613,2,0,0,0,0,0,0,0,0
Grb2,1179,184,71,21,117,39,44,41,31
Tmem94,124,23,4,4,10,8,7,3,7
Caskin2,135,8,4,3,13,6,7,0,2
Tsen54,130,24,8,2,15,3,3,4,6
Llgl2,15,0,1,0,0,1,0,0,0
Recql5,91,5,1,1,3,0,2,2,1
Smim5,6,0,0,1,1,6,2,1,0
Smim6,1,0,0,0,1,0,0,0,0
Sap30bp,547,36,21,11,33,8,7,9,14
Sap30bpos,1,2,0,1,0,1,0,0,0
Itgb4,48,2,8,8,21,18,6,4,1
B230344G16Rik,6,2,1,1,3,1,0,1,0
Galk1,1397,181,44,20,95,33,20,20,30
H3f3b,21937,4808,1686,607,2849,811,1283,638,713
Unk,206,13,4,0,12,3,7,1,1
Unc13d,11,4,1,0,9,2,2,14,4
Wbp2,776,114,24,18,66,27,26,15,20
Trim47,716,187,30,20,123,29,36,35,31
Trim65,93,20,2,2,10,2,2,2,2
Mrpl38,721,134,55,15,75,27,38,15,24
Fbf1,159,24,3,5,16,10,6,3,3
Acox1,651,163,52,9,78,25,47,16,22
Ten1,813,110,32,15,65,19,25,16,18
Evpl,3,1,3,0,1,0,0,1,2
Srp68,835,97,25,5,50,29,23,13,8
Galr2,10,0,0,0,1,0,4,2,1
Exoc7,643,64,22,3,36,13,19,9,9
Foxj1,4,2,0,0,0,4,2,0,3
Rnf157,121,7,7,0,3,1,4,0,2
Ubald2,1455,158,49,26,143,60,58,44,38
Qrich2,0,0,0,0,0,0,0,0,0
Prpsap1,802,87,35,7,63,19,28,6,11
Gm29292,6,2,0,0,0,0,0,0,3
Sphk1,917,227,76,14,52,25,32,22,9
Ube2o,355,55,14,8,52,9,35,7,18
Rhbdf2,90,4,2,5,13,9,5,10,4
Cygb,1992,650,198,13,469,150,252,90,77
Prcd,112,14,4,0,8,4,13,4,2
1810032O08Rik,214,42,13,15,29,15,22,17,10
St6galnac2,10,0,1,1,5,2,0,1,3
BC018473,0,0,0,0,1,0,0,2,0
St6galnac1,0,0,0,0,2,1,0,0,0
Mxra7,2769,409,140,40,243,111,147,75,63
Jmjd6,665,189,43,36,103,46,40,41,34
Mettl23,1791,198,62,22,110,51,52,33,28
Srsf2,4674,1118,349,119,598,157,283,136,175
Mfsd11,909,129,41,10,58,42,37,9,21
Mgat5b,3,0,0,0,0,1,0,0,0
Snhg20,185,14,9,10,21,17,6,11,15
Gm11730,2,0,0,0,0,0,0,0,0
Sec14l1,1584,210,48,11,89,36,42,16,27
Sept9,1878,196,62,23,85,61,33,25,21
Gm16045,1,1,1,0,0,0,0,1,0
Gm11729,4,0,0,0,0,0,1,0,0
Tnrc6c,1666,216,54,28,117,65,82,36,48
Tmc6,86,11,2,1,9,4,2,2,0
Tmc8,0,1,0,1,1,1,0,1,0
6030468B19Rik,0,0,0,0,0,0,0,0,0
Syngr2,668,99,23,6,46,18,20,11,14
Tk1,107,19,23,5,5,5,2,1,1
Afmid,6,1,0,0,0,0,0,3,0
Birc5,261,56,40,28,49,28,23,0,4
Tha1,50,4,0,0,5,2,2,1,3
Gm11725,0,1,0,0,4,1,1,0,1
Socs3,5645,3705,1338,263,1807,444,1226,219,337
Pgs1,624,105,41,9,65,26,26,13,12
Dnah17,6,1,0,0,2,0,0,0,1
Gm11738,0,0,0,0,3,0,0,0,0
Cyth1,286,30,14,11,27,6,16,6,9
Usp36,409,80,26,14,38,18,28,7,26
Timp2,40742,5067,1669,285,2726,724,1205,462,631
Cep295nl,118,13,2,3,10,4,3,1,0
Lgals3bp,1332,504,143,10,193,47,73,37,20
Cant1,787,84,27,12,52,11,23,9,10
C1qtnf1,958,112,36,8,74,21,23,14,15
Gm11747,13,1,0,0,2,0,0,1,0
Engase,212,13,5,1,14,2,11,2,5
Rbfox3,11,4,0,0,0,2,2,1,1
Cbx2,59,2,1,1,2,0,3,2,0
Cbx8,84,14,1,3,11,5,3,5,5
Gm26508,4,1,0,0,0,0,0,1,0
Cbx4,298,125,29,13,54,21,33,25,21
Tbc1d16,175,17,7,4,19,13,7,4,6
Gm26888,0,0,0,0,0,0,0,0,0
Ccdc40,1,0,0,1,0,4,0,0,0
Gaa,2282,263,86,17,160,62,70,34,46
Eif4a3,1391,168,48,17,96,29,50,30,27
Card14,45,8,1,0,1,0,0,0,0
Sgsh,339,36,10,3,19,8,6,5,5
Slc26a11,275,23,4,4,21,10,7,7,10
Rnf213,562,214,65,4,95,35,59,12,14
Endov,166,16,4,4,20,3,5,3,3
Nptx1,6,13,1,1,2,1,0,2,1
Rptor,329,35,10,9,14,11,8,4,5
Rptoros,0,0,0,0,0,0,0,0,0
Chmp6,606,79,20,6,45,14,10,9,9
Gm11767,3,1,0,0,0,0,0,2,1
Baiap2,752,279,91,29,192,55,88,30,41
Aatk,57,0,2,4,0,14,5,6,10
Cep131,117,16,2,0,9,1,2,1,2
Tepsin,83,4,2,4,10,4,5,4,3
Ndufaf8,972,182,58,19,90,31,39,19,34
Slc38a10,3503,411,84,31,222,54,78,33,39
Bahcc1,154,20,4,1,11,7,7,3,2
Gm11772,14,3,0,1,1,0,2,0,0
Actg1,39950,4695,1134,1107,3942,878,1210,1572,1058
Fscn2,3,0,0,0,0,0,0,0,0
Faap100,263,38,10,6,22,8,6,5,9
Nploc4,489,59,20,7,28,8,17,5,12
Tspan10,1,0,0,0,0,0,0,0,0
Pde6g,1,1,0,0,0,0,0,0,0
Oxld1,140,12,4,0,4,2,5,2,1
Ccdc137,137,36,15,5,18,11,6,9,8
Arl16,218,26,9,4,20,5,8,5,7
Hgs,1,0,0,0,1,2,0,0,0
Hgs-1,0,0,0,0,0,0,0,1,0
Mrpl12,1548,206,69,25,103,28,47,29,43
Gm16755,0,0,0,0,0,0,0,0,0
Slc25a10,148,20,2,1,9,7,8,1,2
Mcrip1,4474,336,80,50,262,93,103,54,72
Ppp1r27,2,0,0,1,0,2,0,1,0
P4hb,10036,1314,409,95,662,239,258,111,140
Arhgdia,5318,737,237,96,461,122,147,112,112
Alyref,1259,297,117,61,231,54,71,71,49
Anapc11,1797,290,92,35,179,86,69,43,47
Npb,1,0,0,0,1,0,0,0,1
Pcyt2,392,45,14,8,21,11,14,16,19
Sirt7,427,51,19,11,39,16,20,8,9
Mafg,1348,307,98,34,160,61,71,47,56
Gm17586,63,9,6,0,6,3,6,2,2
Pycr1,406,29,6,5,31,6,5,5,8
Notum,34,0,1,11,22,16,17,15,1
Aspscr1,648,67,33,9,41,18,22,9,8
Cenpx,1413,273,74,31,148,41,35,38,35
Lrrc45,409,39,11,5,25,12,16,6,12
Rac3,195,28,8,12,38,8,10,22,15
Dcxr,386,50,20,3,26,4,6,3,4
Cbr2,3,1,2,0,1,0,0,0,0
Hmga1b,12,8,4,3,4,0,2,3,2
Rfng,353,45,20,5,32,12,5,10,12
Gps1,1640,167,50,15,107,48,37,36,27
Dus1l,351,27,4,1,11,5,5,7,3
Fasn,822,112,21,16,70,18,31,19,14
Ccdc57,38,4,0,0,1,0,0,0,0
Slc16a3,385,68,11,12,68,8,15,2,9
Csnk1d,1413,352,96,41,193,50,110,31,60
Gm28192,1,1,0,0,0,0,0,0,0
Cd7,10,0,0,0,1,0,2,1,2
Sectm1b,42,29,4,0,0,0,2,2,1
Sectm1a,1262,524,165,13,89,55,68,11,19
Gm11791,5,7,0,0,0,0,0,0,0
Tex19.1,2,2,0,0,0,0,0,0,0
Uts2r,10,0,0,0,0,0,1,0,1
Ogfod3,181,25,8,7,19,6,17,3,4
Hexdc,156,7,4,4,17,6,8,0,1
BC017643,693,60,28,12,46,25,21,11,14
Narf,392,37,8,11,21,11,13,9,7
Foxk2,416,61,15,12,24,14,8,17,14
Wdr45b,1147,224,60,24,120,51,62,23,37
Rab40b,337,24,6,4,23,6,11,6,9
Fn3krp,35,6,1,0,4,0,4,1,2
Fn3k,30,1,1,0,2,2,2,0,0
Tbcd,444,44,14,2,23,5,6,9,6
Zfp750,2,0,0,0,1,0,0,0,0
B3gntl1,72,1,0,2,8,4,3,2,1
Metrnl,3431,539,181,26,447,81,154,65,88
Gm12589,18,1,0,1,0,0,1,2,0
2810429I04Rik,0,0,0,0,0,0,0,2,2
Gdi2,7374,732,238,86,413,134,178,108,128
Fam208b,543,59,21,15,42,17,21,16,19
Asb13,249,22,11,3,12,4,8,5,6
Gm47695,1,0,0,0,0,0,0,0,0
Calml3,14,0,0,0,0,0,0,1,0
Calm4,2,0,0,0,1,1,0,0,0
Net1,170,5,1,1,8,7,3,3,2
Akr1c14,164,6,4,5,54,5,11,9,10
Gm47904,3,0,0,0,0,0,0,0,0
Akr1c18,23,10,8,5,123,1,3,14,9
Akr1c13,39,4,3,0,2,1,0,0,0
Akr1c19,7,0,0,0,0,0,0,0,0
Akr1c12,0,0,0,0,0,0,0,0,0
Akr1e1,412,59,21,1,32,6,12,8,8
Gm47450,2,0,0,0,0,0,0,0,0
AC133498.1,3,1,0,0,0,1,1,0,0
1700016G22Rik,2,1,0,0,4,3,0,0,0
Klf6,10263,2528,772,356,1773,495,646,348,409
Gm47507,1,1,0,0,0,0,0,0,0
Gm46401,0,0,0,0,0,0,0,0,0
Pitrm1,776,88,26,2,39,24,18,10,13
Pfkp,925,189,64,12,95,17,30,17,23
Adarb2,23,0,1,0,0,0,0,0,0
Wdr37,412,47,14,6,25,9,12,5,10
Idi1,365,75,34,17,39,12,16,25,15
Idi2,0,0,0,0,1,0,0,0,0
Gtpbp4,1036,210,217,22,227,69,48,57,93
Gm36264,1,0,0,0,0,0,0,0,0
Larp4b,1439,125,39,22,64,44,43,20,25
Dip2c,558,77,19,9,50,24,32,7,18
Gm26601,218,22,7,0,13,0,6,5,3
Gm36423,7,0,1,1,1,0,1,1,0
Zmynd11,1882,200,63,15,124,47,66,28,36
Gm47802,7,2,0,1,2,2,4,0,1
Chrm3,11,8,0,0,1,1,2,0,0
Gm47408,0,2,1,0,0,0,0,0,0
Ryr2,1,2,1,0,2,0,0,2,1
Mtr,280,29,11,0,20,6,7,6,7
Actn2,0,0,0,0,0,0,0,1,0
Heatr1,214,34,9,4,15,2,6,3,4
Lgals8,888,95,43,8,63,21,11,14,18
Edaradd,3,0,0,0,0,1,0,0,0
Ero1lb,50,15,3,3,5,6,2,1,6
Gpr137b,328,33,23,11,23,15,15,5,6
Nid1,8439,751,210,86,812,270,222,209,155
Gm48682,10,2,1,0,2,0,1,1,0
Lyst,407,52,16,3,33,11,15,3,14
Gng4,61,19,8,0,6,0,4,2,4
Gm47882,3,3,1,1,1,0,4,2,5
B3galnt2,334,37,10,5,26,8,11,5,10
Tbce,474,40,13,8,20,8,20,9,9
Ggps1,679,77,20,7,45,16,20,13,14
Arid4b,1550,344,112,43,196,62,74,60,64
Hecw1,0,0,0,0,2,0,1,1,0
Mrpl32,1242,158,57,27,91,42,35,31,34
Psma2,4547,594,193,84,368,91,140,103,110
AW209491,118,16,7,1,7,4,1,4,1
Gm26645,34,2,2,2,1,0,0,1,0
Gli3,671,87,31,7,49,30,26,20,10
4933412O06Rik,7,2,0,0,0,1,0,1,0
A530046M15Rik,2,1,0,0,1,0,0,0,1
Inhba,1939,394,38,146,268,65,35,181,182
Gm48492,1,0,1,0,0,0,0,0,0
Sugct,41,9,4,0,6,2,2,0,0
Mplkip,738,122,33,12,59,43,31,17,26
Cdk13,846,161,39,16,78,25,35,23,31
Rala,1511,241,90,33,160,57,62,43,28
Gm48754,0,3,0,0,0,0,0,2,0
Yae1d1,596,75,55,13,102,23,14,26,92
Gm48799,1,0,0,0,0,0,0,0,0
Pou6f2,0,0,0,0,0,0,0,0,0
Gm48829,2,0,0,0,0,0,0,0,0
Vps41,1140,114,24,12,49,26,25,16,17
Amph,14,1,3,0,0,1,2,1,0
Tcrg-V7,0,0,0,0,0,0,0,0,0
Tcrg-V4,0,0,0,0,0,0,0,0,0
Tcrg-V6,0,0,0,0,0,0,0,0,0
Tcrg-V5,0,0,0,0,0,0,0,0,0
Tcrg-C1,2,0,0,0,0,1,0,1,0
Tcrg-C2,2,0,0,0,0,0,0,0,0
Trgv2,0,0,0,0,0,0,0,0,0
Tcrg-V1,0,0,0,0,0,0,0,0,0
Tcrg-C4,0,0,0,0,0,0,0,0,0
Stard3nl,860,111,44,6,71,20,27,14,9
Epdr1,1051,118,29,5,70,20,20,15,9
Sfrp4,1425,105,23,7,275,23,95,18,12
A530099J19Rik,0,0,0,0,0,0,0,0,0
Gpr141,2,0,1,0,0,0,0,0,0
Elmo1,975,49,24,3,32,9,10,12,19
Gm32036,27,2,2,0,2,2,0,2,2
Aoah,0,0,0,0,0,0,0,0,0
Olfr1369-ps1,3,23,1,0,0,1,0,5,4
Trim27,710,88,34,15,66,9,14,21,19
Zscan12,94,8,3,0,5,5,2,2,3
Zkscan3,1058,106,28,13,51,29,25,23,38
Pgbd1,8,1,1,0,0,0,1,1,0
Zscan26,423,44,24,9,46,17,20,27,22
Nkapl,35,0,0,0,1,0,2,0,0
Zkscan4,25,0,0,0,1,0,0,0,0
AK157302,13,3,2,0,5,1,3,1,0
Gm11273,59,8,8,1,1,4,2,4,4
Zkscan8,173,7,3,1,5,2,4,0,1
Olfr1535,1,1,2,0,0,0,0,0,0
Olfr11,0,0,0,0,0,0,0,0,1
Hist1h2bl,0,0,0,0,0,0,0,0,0
Hist1h2ai,3,0,3,2,0,0,1,0,0
Hist1h3h,0,0,0,0,0,0,0,0,0
Hist1h2bm,3,4,1,0,0,1,4,0,0
Hist1h4j,0,0,0,3,1,0,0,0,0
Hist1h4k,0,0,0,2,0,0,0,0,0
Hist1h2ak,9,7,19,11,3,2,11,0,2
Hist1h2bn,1,0,0,1,0,1,2,0,1
Hist1h1b,37,1,12,2,3,2,8,2,1
Hist1h3i,5,0,1,1,1,1,1,0,0
Hist1h2an,0,0,3,0,0,0,3,0,0
Hist1h2bp,0,0,2,0,0,0,1,0,0
Hist1h2ao,1,1,2,1,0,0,2,0,0
Hist1h4m,1,0,0,1,0,0,1,0,0
Hist1h4n,1,4,2,0,0,0,0,0,0
Hist1h2ap,43,3,115,110,8,4,65,5,4
Hist1h2br,2,0,0,0,1,0,3,0,1
Zfp184,8,0,0,1,0,0,1,0,0
Prss16,1,0,0,0,0,0,0,0,0
Hist1h2ah,0,0,1,0,0,0,0,0,0
Hist1h2bk,0,0,0,0,1,0,3,0,0
Hist1h4i,74,14,7,11,16,10,7,1,2
Hist1h2ag,0,0,1,1,0,1,1,0,0
Hist1h2bj,6,0,5,1,2,0,3,1,0
Vmn1r197,2,2,1,0,1,0,1,1,2
Vmn1r201,1,0,0,0,0,0,0,0,0
Vmn1r203,0,1,1,0,0,0,0,0,0
Vmn1r216,1,1,1,0,0,0,0,0,0
Vmn1r218,3,0,1,1,0,0,0,0,0
Vmn1r220,0,1,0,0,1,0,0,1,1
Zfp322a,381,23,14,8,20,7,15,16,13
Abt1,234,44,17,9,21,13,6,7,10
C230035I16Rik,27,6,2,1,1,2,2,0,3
Gm46404,14,1,1,0,1,1,1,0,0
Gm11335,2,0,0,0,0,0,0,0,0
Hist1h4h,18,4,0,4,7,3,1,4,2
Hist1h2af,2,0,5,5,3,0,3,0,0
Hist1h3g,1,0,0,0,1,0,0,2,0
Hist1h2bh,4,2,1,1,0,3,1,1,1
Hist1h3f,1,1,0,0,1,0,2,0,0
Hist1h4f,0,0,0,0,0,0,0,0,0
Hist1h1d,7,3,3,2,2,3,5,1,2
Hist1h3e,5,0,2,3,2,0,0,2,1
Hist1h2ae,49,6,29,18,8,34,38,3,25
Hist1h2bg,3,0,0,1,2,0,5,0,0
Hist1h2bf,2,0,0,0,1,1,0,1,0
Hist1h2ad,1,0,0,0,0,1,3,0,0
Hist1h3d,5,2,0,0,2,3,2,0,0
Hist1h4d,56,12,2,6,14,6,11,3,2
Hist1h2be,24,8,0,3,3,4,3,1,0
Hist1h1e,108,8,6,5,10,4,6,4,8
Hist1h2ac,36,13,4,5,11,2,4,4,2
Hist1h2bc,1385,267,79,51,278,107,93,33,52
Hist1h1t,1,1,0,0,0,0,0,0,0
Hist1h4c,11,6,3,2,10,0,2,1,1
Hfe,1484,117,63,11,60,25,54,12,17
Hist1h1c,1366,54,25,13,74,34,40,24,16
Hist1h3c,4,4,3,1,3,0,0,0,0
Hist1h2bb,4,1,0,1,0,0,2,0,0
Hist1h2ab,6,0,4,10,2,0,5,0,0
Hist1h3b,0,0,1,0,0,0,0,0,0
4930558J22Rik,0,1,0,0,0,0,0,0,0
Hist1h4b,0,0,1,0,0,0,0,0,0
Hist1h4a,7,2,0,2,0,1,0,3,2
Hist1h3a,8,1,1,0,0,1,1,0,1
Hist1h1a,4,0,3,0,2,1,4,0,0
Carmil1,666,42,18,3,18,6,10,7,5
Cmah,550,43,24,1,76,3,9,15,18
Gm11342,8,0,0,0,1,0,0,0,0
Ripor2,59,2,2,0,8,3,1,4,2
C530050E15Rik,8,0,0,0,0,0,0,1,1
Gmnn,89,13,13,12,9,4,11,2,3
BC005537,3464,758,237,54,424,107,172,77,97
Acot13,825,112,21,11,63,15,27,9,12
Tdp2,427,76,17,14,65,20,23,18,15
D130043K22Rik,2,2,1,0,1,0,1,0,1
4932702P03Rik,2,1,0,0,0,0,0,1,0
Aldh5a1,135,18,5,2,10,0,1,2,3
Gpld1,50,1,3,0,3,1,5,3,3
Mrs2,265,29,9,5,15,6,11,9,13
Gm11361,137,54,31,5,11,4,9,24,32
Gm40841,5,0,1,3,3,1,0,1,1
Gm26735,87,11,6,6,14,6,3,3,3
Sox4,3588,321,57,83,283,100,83,59,63
A330102I10Rik,99,18,3,2,10,1,2,0,2
Cdkal1,332,23,12,6,26,5,14,6,9
E2f3,168,29,7,3,16,6,3,3,7
Mboat1,72,3,3,0,2,4,4,1,1
Agtr1a,1034,81,20,0,34,11,17,9,10
Uqcrfs1,2070,245,91,31,136,48,55,39,44
Dusp22,377,61,16,4,25,9,17,5,4
Irf4,76,21,5,1,6,2,11,3,1
Gm29675,12,1,0,0,1,0,0,1,0
Exoc2,400,37,10,3,23,13,18,5,13
Hus1b,6,0,0,0,0,0,0,0,0
Gm5447,2,0,0,0,0,0,0,0,0
Gm11373,0,0,0,0,0,0,0,2,0
Foxq1,6,0,0,0,0,0,0,0,0
Foxf2,11,0,1,0,0,0,0,0,0
Foxc1,35,16,2,1,2,1,1,0,1
Gmds,502,76,23,3,44,11,13,5,10
Mylk4,1,0,0,0,0,0,0,0,5
Wrnip1,353,49,20,5,20,19,9,7,9
Serpinb1a,825,133,53,9,61,18,25,12,19
Serpinb1c,0,1,0,0,0,0,0,0,0
Serpinb6b,26,4,1,0,3,0,4,0,1
Gm47662,0,0,1,1,2,6,1,2,1
Serpinb9,263,35,11,5,43,18,12,7,5
Serpinb9b,8,1,0,0,1,0,0,0,0
Serpinb1b,20,5,1,0,1,0,2,1,0
Gm6093,94,1,0,0,1,0,0,0,0
Serpinb6c,70,4,0,0,4,0,1,1,0
Serpinb6a,12555,2067,632,84,1072,175,348,227,223
1110046J04Rik,208,25,8,2,16,9,6,5,7
Nqo2,451,115,25,3,48,12,12,3,6
Ripk1,1059,372,113,29,177,43,85,39,46
Bphl,428,64,30,13,56,16,16,17,12
Tubb2a,2186,637,143,73,451,156,186,74,73
Gm47076,2,1,1,0,0,0,0,0,0
Tubb2b,592,116,50,52,139,64,44,10,21
Psmg4,845,124,41,15,69,30,29,18,21
Slc22a23,29,2,1,6,4,7,1,0,1
Gm40909,5,0,0,0,0,0,0,0,0
Gm47127,7,2,0,0,0,0,0,0,0
Pxdc1,2191,313,105,39,246,79,117,47,65
Gm36839,39,20,5,2,7,1,8,1,1
Prpf4b,1449,298,74,47,224,65,80,59,76
Fam217a,1,1,3,0,0,1,0,0,0
Eci3,14,1,1,0,3,0,0,0,0
Eci2,1686,237,63,16,103,35,49,30,40
Gm48707,0,1,0,0,0,1,0,0,0
Cdyl,403,27,13,4,20,15,10,8,7
Gm48708,2,0,0,0,0,0,0,0,0
Rpp40,141,15,3,0,5,3,1,2,1
Ppp1r3g,5,1,0,0,0,0,0,0,0
Lyrm4,132,27,9,4,15,5,4,4,5
Fars2,411,72,22,3,39,11,15,10,13
Nrn1,1343,140,44,18,44,34,45,18,20
Gm49144,8,2,0,0,1,0,0,0,0
Gm47675,4,0,1,0,0,0,0,0,0
F13a1,370,3,12,1,0,72,10,0,1
Ly86,2,1,1,0,1,0,0,0,3
Gm4035,30,3,0,0,1,0,0,2,0
Gm47732,1,1,0,0,0,0,0,0,0
Gm30918,0,0,0,0,0,0,0,0,0
Gm47754,0,0,0,0,0,0,0,0,0
AI463229,1,0,0,0,0,0,1,0,0
Gm31600,1,1,0,0,0,0,0,0,1
Rreb1,541,75,21,1,38,8,14,4,17
Gm46411,2,0,0,0,0,0,0,0,0
Ssr1,4548,733,190,82,383,143,140,79,85
Cage1,11,2,1,0,0,0,1,1,1
Riok1,825,111,33,15,56,27,25,16,13
Dsp,0,0,0,0,0,1,2,0,1
Snrnp48,917,126,38,16,79,39,36,29,34
Bmp6,16,2,1,2,12,28,3,34,4
Txndc5,4657,504,156,56,398,151,145,67,107
Gm31834,4,3,0,0,1,0,0,0,0
Bloc1s5,213,18,3,5,15,3,6,1,3
Eef1e1,525,92,31,13,37,15,14,8,12
Slc35b3,383,32,7,4,32,8,17,9,8
Gm26514,15,1,0,0,0,0,1,0,1
5033403F01Rik,3,0,0,0,0,0,0,1,0
Gm47348,0,0,1,0,1,0,0,2,1
Gm47316,0,0,0,0,0,0,0,0,0
Ofcc1,0,0,0,0,0,0,0,0,0
Tfap2a,10,0,4,5,14,6,3,18,6
Gm47061,0,0,0,0,0,0,0,0,0
Gm26688,1,0,0,1,2,0,0,0,0
Gcnt2,297,93,14,8,35,13,7,21,15
Gm31683,12,3,0,0,2,3,1,2,0
A730081D07Rik,1,0,0,1,1,0,0,0,0
Pak1ip1,1006,174,46,15,74,33,21,42,28
Tmem14c,3221,507,155,62,320,91,85,68,81
Mak,0,0,0,0,0,0,0,0,0
Elovl2,1,1,0,0,1,0,0,0,0
Smim13,574,40,16,5,38,21,21,12,12
Nedd9,480,65,24,3,28,22,24,12,10
Gm26877,0,1,0,0,0,0,0,0,0
Gm32401,1,1,0,0,0,0,0,1,0
Tmem170b,194,16,13,7,17,8,11,6,6
Adtrp,16,2,1,0,1,0,0,0,0
Gm28707,37,4,1,0,3,0,2,0,3
Hivep1,768,108,34,8,67,25,27,28,11
Edn1,64,15,4,0,30,3,4,3,7
Phactr1,349,50,8,2,27,18,9,6,7
Tbc1d7,228,23,9,5,12,14,9,3,8
Gfod1,62,14,2,2,7,4,2,6,2
Sirt5,195,30,3,3,17,8,11,9,10
Nol7,1691,236,87,24,129,45,72,40,52
Ranbp9,1108,123,38,11,58,18,31,15,19
Gm32939,1,0,0,0,0,0,0,0,0
Mcur1,860,98,32,5,42,23,26,17,16
Rnf182,6,2,0,2,0,0,1,0,0
Cd83,8,2,3,0,7,2,6,7,2
Gm33115,0,0,0,0,0,0,0,0,0
Gm33195,9,0,0,1,2,0,0,1,0
A330076C08Rik,3,3,3,0,0,0,0,0,0
Gm29676,1,0,0,0,0,1,0,0,0
Gm34084,4,1,3,0,1,2,0,0,0
Gm47792,1,0,0,0,0,0,0,0,0
Jarid2,415,71,23,7,32,16,11,15,16
Dtnbp1,1935,320,111,21,212,44,71,56,47
Gm9817,0,0,1,0,0,0,0,2,1
Mylip,1458,222,63,17,129,43,75,34,38
Gmpr,50,4,2,2,3,3,4,0,2
Atxn1,1276,117,33,8,49,27,35,12,22
4930453C13Rik,0,0,0,0,0,0,0,0,0
5033430I15Rik,16,5,2,3,7,3,1,2,5
Stmnd1,36,1,0,0,2,0,0,0,0
Rbm24,109,14,8,3,11,1,0,0,8
Cap2,57,9,4,0,2,4,5,0,6
Fam8a1,1261,131,49,13,73,29,23,13,15
Nup153,557,131,48,15,59,25,34,22,24
Kif13a,352,57,10,4,29,10,7,6,3
Nhlrc1,37,2,1,0,2,1,1,0,0
Tpmt,263,29,12,5,11,7,13,5,9
Kdm1b,236,21,8,3,16,9,12,8,5
Dek,2170,330,136,70,171,79,83,57,61
Rnf144b,16,1,0,8,7,1,0,2,1
A930002C04Rik,1,0,0,0,0,1,0,0,0
Gm36101,0,0,0,0,0,0,0,0,0
Gm36346,2,0,0,0,1,0,0,1,0
Id4,230,83,20,10,56,13,30,13,15
Zfp169,33,4,6,1,3,2,1,0,3
A830005F24Rik,0,0,0,0,1,0,0,0,0
6720427I07Rik,59,20,10,7,12,7,5,3,6
Ptpdc1,207,16,5,2,17,4,6,7,2
Phf2,890,99,37,14,60,21,31,13,19
Phf2os1,7,0,1,0,2,2,0,0,2
Fam120a,1956,286,83,21,132,71,59,48,58
Fam120aos,54,4,2,0,4,2,5,3,2
Wnk2,2,0,0,0,0,0,0,1,0
Ninj1,517,90,32,19,67,29,28,23,15
Card19,612,120,47,31,99,39,31,33,29
Susd3,0,0,1,0,0,0,2,0,0
Fgd3,0,0,0,0,1,1,1,0,0
Bicd2,935,127,38,10,58,32,42,18,30
Ippk,150,19,6,2,8,5,5,2,0
Cenpp,47,4,6,5,4,2,5,2,0
Tes3-ps,18,5,1,1,2,0,1,4,0
Ecm2,2781,198,70,23,164,70,114,35,79
Aspn,13906,1034,281,123,749,423,446,133,117
Omd,602,58,7,2,26,24,13,5,8
Ogn,8113,1419,272,31,697,183,325,111,60
Nol8,305,53,14,2,29,11,9,11,7
Iars,669,69,20,6,33,13,14,12,4
Fbxw17,222,12,3,4,23,5,2,4,2
Spin1,959,126,49,16,70,27,35,20,19
Nxnl2,6,6,0,0,1,0,0,2,1
Gm32834,1,0,0,0,0,0,0,1,1
S1pr3,282,82,15,3,21,36,13,7,10
Shc3,0,0,0,0,0,1,0,0,0
Cks2,455,125,31,46,106,79,28,7,16
Secisbp2,349,38,9,3,27,10,16,3,9
Sema4d,15,1,3,1,2,0,3,1,1
Gadd45g,7214,1970,618,97,1061,332,561,238,220
Gm48190,3,0,0,0,1,0,0,0,0
Gm48199,16,0,0,0,0,0,0,0,0
Diras2,1,0,0,0,0,0,0,0,0
Syk,81,22,16,1,11,5,14,4,2
BB123696,6,6,1,0,2,0,1,0,0
Auh,809,105,31,10,47,27,26,25,29
Nfil3,976,428,129,42,179,62,123,38,52
Gm33424,0,0,0,0,0,0,0,0,0
Gm48336,1,1,0,1,0,0,0,0,2
Ror2,560,50,14,9,47,14,10,14,10
Sptlc1,594,40,24,2,31,10,16,8,6
Msx2,23,3,1,5,5,6,1,4,2
Drd1,44,1,1,1,0,0,0,1,0
Sfxn1,1540,212,52,11,115,32,31,25,28
Hrh2,8,2,0,0,1,0,0,0,1
Gm48623,7,0,1,0,0,0,0,0,0
Cplx2,149,9,2,4,16,3,3,1,2
Thoc3,484,64,19,6,42,16,15,10,11
Simc1,126,58,17,6,36,7,18,4,3
4833439L19Rik,993,116,40,15,79,24,29,20,27
Arl10,79,4,1,0,3,3,2,0,3
Nop16,432,86,38,14,45,13,8,12,16
Higd2a,1845,280,81,50,152,70,74,55,59
Cltb,2696,466,168,22,204,84,98,53,60
Faf2,904,104,30,10,58,25,32,17,24
Rnf44,423,60,30,11,53,11,24,11,17
Gprin1,10,1,0,0,0,0,0,0,0
Sncb,6,0,1,7,18,0,0,5,1
Tspan17,820,116,22,31,118,30,50,20,23
Unc5a,19,4,0,0,5,0,3,0,1
Hk3,0,0,1,0,0,0,0,0,0
Uimc1,723,99,36,13,63,20,25,18,18
Zfp346,266,19,7,6,12,2,7,1,2
Fgfr4,477,50,22,6,28,25,28,2,7
Nsd1,1291,131,39,29,83,41,56,31,39
Rab24,1092,92,31,22,69,37,51,24,20
Prelid1,2542,403,115,71,256,98,87,55,76
Mxd3,65,3,3,8,8,5,1,0,0
Lman2,2313,393,121,35,213,78,74,53,61
Rgs14,0,1,1,0,1,0,0,0,0
Slc34a1,0,0,1,0,0,0,0,0,0
Grk6,435,61,22,3,36,16,11,12,9
Prr7,132,18,5,9,23,12,9,3,4
Dbn1,1033,80,39,16,108,36,24,20,37
Pdlim7,1057,166,59,24,136,52,52,25,23
Dok3,4,6,1,0,2,0,8,2,0
Ddx41,568,169,46,9,42,17,19,13,13
Fam193b,599,36,13,10,44,16,21,14,20
Tmed9,6872,916,276,117,605,219,277,139,157
B4galt7,271,30,9,0,20,9,7,4,4
Caml,615,93,33,14,53,24,30,21,17
Ddx46,1057,107,42,17,85,27,23,31,24
B230219D22Rik,1670,169,50,27,105,64,54,40,34
Txndc15,1491,223,64,30,106,57,58,38,30
Pcbd2,720,150,50,18,76,27,27,17,24
Catsper3,4,0,0,0,0,0,0,0,0
Pitx1,28,0,0,0,0,0,0,0,1
Gm47071,2,0,0,1,0,0,0,1,0
H2afy,2158,298,106,35,227,70,81,56,45
Tifab,0,0,0,0,0,0,0,0,0
Cxcl14,2683,905,420,22,521,61,421,302,186
Gm10782,0,0,0,0,0,0,0,0,0
Slc25a48,1,0,0,0,0,0,0,0,1
Fbxl21,22,1,0,0,1,2,0,0,0
Tgfbi,16853,1148,429,68,422,128,228,59,148
Smad5,1583,133,49,13,72,32,36,26,31
Spock1,8,0,0,5,11,0,6,20,9
Klhl3,3,0,0,0,0,0,1,1,0
Hnrnpa0,5036,961,280,188,610,214,258,143,158
Idnk,870,110,27,10,68,13,29,17,20
Ubqln1,1092,165,44,17,89,46,31,24,28
Gkap1,903,140,52,8,86,38,30,32,26
Gm26555,0,3,0,0,0,0,0,0,0
Kif27,2,1,0,0,0,0,0,0,2
2210016F16Rik,722,102,28,6,61,18,14,14,9
Hnrnpk,8461,1129,351,110,499,211,224,159,164
Rmi1,186,35,7,3,10,6,4,2,5
Slc28a3,2,2,2,0,1,0,1,1,1
4930455J16Rik,1,0,1,0,0,0,0,0,1
Ntrk2,1437,214,61,6,142,30,75,18,27
Gm47423,4,0,0,0,0,0,0,0,0
Gm34354,1,0,0,0,0,0,0,0,0
Gm34721,0,1,0,1,0,0,0,0,0
Gm34788,3,5,0,1,2,1,0,0,0
Agtpbp1,850,109,27,16,58,24,34,16,14
Naa35,680,61,27,14,52,24,25,18,21
Golm1,226,29,14,6,25,11,11,4,3
Spata31d1a,1,1,1,0,1,0,0,0,1
Spata31d1d,1,0,0,0,0,0,0,0,0
4930528D03Rik,0,1,0,0,1,0,1,1,1
1700014D04Rik,2,1,0,0,0,0,0,0,0
Isca1,354,97,40,11,71,29,49,16,22
Etohd2,21,7,2,0,2,0,1,1,3
Zcchc6,1486,286,76,28,142,78,55,46,46
Gm34961,23,3,0,0,3,1,1,1,3
A530065N20Rik,10,2,0,0,0,0,0,1,0
Gm48397,3,0,0,0,0,0,0,0,0
Gas1,20222,2004,624,61,490,290,287,129,201
Gm48488,7,2,0,0,2,0,0,0,0
Gm5084,164,12,0,0,5,2,5,2,4
Gm35333,3,1,0,0,0,0,0,0,0
A530001N23Rik,6,0,0,0,0,0,0,0,0
Dapk1,6000,607,213,26,370,98,172,42,108
4930486L24Rik,15,15,0,0,0,0,1,0,0
Ctla2b,12,1,1,0,0,0,0,1,0
Ctla2a,113078,4550,597,4,78,16,56,326,378
Gm48116,0,0,0,0,0,0,1,0,0
Zfp808,8,2,0,0,1,0,2,1,0
Gm19792,2,0,0,0,0,0,0,0,0
Gm3604,30,2,1,0,1,2,0,1,0
Gm49359,174,92,42,19,152,5,17,50,61
Zfp934,71,6,2,3,6,5,4,3,5
6720489N17Rik,47,8,4,0,3,2,1,1,0
Platr25,112,5,3,0,4,1,1,2,2
Gm5141,35,2,1,1,3,1,3,0,0
Fbp2,1,0,0,0,0,0,0,0,0
Fbp1,1,0,0,0,0,1,0,0,2
2010111I01Rik,732,72,10,23,74,53,44,38,36
Fancc,451,23,8,2,21,7,17,5,6
Gm16907,21,2,0,1,2,1,3,0,0
Gm16133,1,8,2,1,1,3,0,0,0
Ptch1,767,30,8,43,147,61,23,69,67
Gm30655,3,1,0,0,0,1,0,0,0
Gm47418,1,1,0,0,0,0,0,0,0
Ercc6l2,451,44,6,5,21,8,9,11,13
Slc35d2,153,18,4,1,8,3,3,3,3
Zfp367,106,16,7,4,11,11,3,1,3
Habp4,404,41,19,7,37,20,17,6,9
Cdc14b,880,62,26,12,53,25,34,8,21
1810034E14Rik,133,17,5,1,4,2,3,2,1
Aaed1,1733,199,56,29,95,45,54,27,27
Gm47003,2,0,0,0,1,0,0,0,0
Ctsl,32421,4232,1192,232,2165,634,978,488,482
Gm47123,9,4,2,1,4,1,3,0,0
Cdk20,368,22,4,1,12,4,7,3,7
Prss47,0,1,0,1,1,0,0,1,0
Mfsd14b,927,85,34,5,49,23,23,13,20
Gm36445,38,0,0,1,2,1,1,0,2
Zfp369,142,13,5,2,7,2,0,10,3
Uqcrb,7354,1018,338,125,549,182,172,150,171
Gm10767,11,0,2,0,0,0,0,0,0
Mterf3,318,63,26,8,44,13,16,17,17
Ptdss1,781,91,27,5,43,21,20,15,8
4933433G19Rik,0,0,0,0,1,0,0,0,0
Zfp712,34,2,0,1,0,2,0,1,2
Gm46440,3,2,0,0,1,0,2,1,0
Gm28557,38,7,2,0,3,1,3,1,0
Rslcan18,1,0,0,0,0,0,0,0,0
Zfp759,29,1,1,0,2,0,0,2,2
Rsl1,52,8,2,2,8,1,1,1,2
Zfp455,18,1,0,0,1,0,0,2,1
Gm49064,3,1,0,0,0,1,0,1,0
Zfp458,48,0,0,3,1,0,3,0,5
Zfp457,2,0,0,0,0,0,0,0,0
Gm48824,2,0,0,0,0,1,0,0,0
Zfp595,94,7,3,0,3,1,3,1,2
Zfp953,48,2,4,2,3,0,0,2,2
Gm28041,3,0,0,0,1,1,1,0,0
Zfp456,22,5,1,0,1,0,0,0,0
Zfp429,64,16,5,2,7,3,0,3,0
Zfp459,4,1,1,1,0,0,1,0,2
Zfp874a,148,12,4,2,10,2,3,2,4
Zfp874b,130,7,3,1,8,3,1,2,4
Gm48899,2,0,0,0,0,0,0,0,0
Zfp58,56,5,2,5,4,0,2,2,4
Zfp87,202,28,13,2,18,8,12,5,12
Zfp748,101,5,5,2,6,3,2,0,4
9430065F17Rik,11,6,2,1,2,3,1,2,1
Zfp729b,186,12,5,0,4,2,1,2,4
Zfp729a,199,16,7,0,6,4,1,4,1
Zfp738,247,20,4,3,14,1,4,11,5
Zfp65,134,14,1,1,7,3,5,4,0
Zfp85,40,2,1,0,3,0,3,0,1
Zfp493,20,0,0,0,1,0,1,1,0
4930525G20Rik,6,0,0,0,0,0,0,0,0
Zfp273,61,2,2,0,2,2,1,1,0
Gm10037,10,2,0,1,1,1,0,1,0
Mtrr,168,25,7,0,12,3,2,0,1
Fastkd3,109,11,8,1,10,4,2,3,5
1700001L19Rik,5,1,0,0,0,0,0,1,0
Adcy2,355,31,5,1,26,4,9,10,6
Gm35161,6,1,0,0,0,1,0,0,0
Papd7,582,91,23,14,45,26,30,8,12
Nsun2,1031,141,42,12,50,12,24,19,17
A530095I07Rik,6,0,0,1,1,0,0,0,1
Srd5a1,70,11,6,0,11,1,1,3,4
Ube2ql1,13,0,0,0,1,3,1,0,0
Med10,1263,174,61,21,95,23,27,30,42
Gm26819,0,0,0,0,0,0,0,0,0
Ice1,481,47,9,6,22,19,13,9,7
Gm36426,4,0,0,0,0,0,0,0,0
Adamts16,16,0,2,1,3,0,0,3,0
Irx1,2097,586,237,26,169,37,94,38,40
Gm20554,109,12,0,0,4,3,1,1,0
Irx2,2190,454,145,29,144,47,54,44,43
Irx4,0,0,0,0,0,0,0,0,0
Ndufs6,2935,468,160,54,233,89,99,56,86
Mrpl36,1280,171,61,21,106,31,34,40,41
Lpcat1,497,39,24,2,25,11,11,8,14
Clptm1l,2136,255,112,27,163,56,59,49,41
Tert,16,4,0,0,1,0,0,0,1
Slc6a19,2,1,0,0,0,0,0,0,0
Slc12a7,36,7,2,3,6,2,1,2,0
Nkd2,1170,89,15,29,68,50,25,22,23
Trip13,86,6,11,3,8,3,1,0,1
Brd9,756,115,35,15,94,37,39,20,16
Tppp,64,5,2,0,6,0,2,1,3
Cep72,16,0,1,0,4,1,1,0,0
Exoc3,869,119,28,10,48,17,16,15,14
Ahrr,341,18,10,1,9,5,1,0,4
Pdcd6,2961,373,109,30,189,64,66,57,50
Sdha,2001,244,79,23,95,42,42,37,39
Ccdc127,1076,118,43,26,106,32,47,21,30
Lrrc14b,0,0,0,0,0,1,0,0,0
Zfp72,52,1,1,0,1,0,1,0,2
Ftl1-ps1,371,80,32,13,97,17,51,20,22
Gm47428,5,6,3,1,1,1,0,0,1
E430024I08Rik,92,3,3,1,8,5,1,1,3
CT009718.2,0,0,0,0,0,0,0,0,1
Zfp825,161,16,5,0,12,3,7,4,5
CT009718.1,0,0,1,0,0,0,0,0,0
Gm47467,3,0,0,0,0,0,0,1,1
Gm47469,39,1,1,1,1,1,0,2,2
Gm46430,152,14,4,4,11,2,0,2,3
Erap1,776,123,37,6,53,18,22,14,13
Cast,3154,425,113,30,177,62,95,56,66
Pcsk1,3,0,0,0,0,0,0,0,0
Ell2,1300,319,95,19,93,30,48,10,44
Glrx,1476,178,30,11,40,1,8,7,11
Rhobtb3,1454,145,35,16,69,49,34,25,40
Spata9,17,0,0,0,0,0,0,0,0
Rfesd,209,13,5,3,12,4,4,4,3
Gpr150,0,0,0,0,0,0,0,0,0
Arsk,413,42,22,6,26,17,22,3,8
Ttc37,567,61,13,4,26,9,14,8,20
Mctp1,4,2,0,0,1,1,0,1,1
Slf1,326,16,7,1,21,6,3,7,5
2210408I21Rik,134,19,3,1,7,6,3,6,4
Fam172a,948,113,36,13,45,19,34,18,13
Pou5f2,224,22,3,3,8,4,5,5,8
Gm38604,0,0,0,0,0,0,0,0,0
3110006O06Rik,11,0,0,0,0,0,0,0,1
Nr2f1,86,7,4,7,27,24,10,2,1
A830082K12Rik,34,2,3,2,11,4,7,3,4
Gm31946,2,0,0,0,0,2,0,0,1
Arrdc3,2542,251,115,30,118,41,40,83,35
5430425K12Rik,3,0,0,0,0,0,0,0,0
Gm4211,3,0,0,0,1,0,1,0,0
9330111N05Rik,5,0,0,0,0,0,0,0,0
Adgrv1,18,2,3,1,0,1,0,0,2
Lysmd3,1030,298,64,22,119,31,56,25,35
Polr3g,27,5,1,2,7,0,0,3,1
Mblac2,54,8,1,0,6,3,2,0,1
Gm17259,20,5,2,1,4,1,0,1,1
Cetn3,1946,253,84,41,168,83,72,78,69
2310067P03Rik,4,0,0,0,0,0,0,0,0
Mef2c,1524,143,46,38,131,70,57,54,66
A230107N01Rik,1,0,0,0,0,0,0,0,0
Tmem161b,175,18,7,0,15,11,11,8,3
Ccnh,805,124,37,14,44,15,23,15,15
Rasa1,1222,140,37,12,88,51,36,24,44
Cox7c,12216,1935,574,259,1264,401,430,274,396
Edil3,123,4,5,3,13,16,5,2,6
Hapln1,16,0,0,0,1,0,0,0,0
Vcan,6804,600,155,114,583,255,473,338,300
Gm4117,165,13,3,1,9,0,3,1,3
Xrcc4,179,31,6,2,17,12,4,4,8
Tmem167,5209,651,206,76,375,153,188,85,109
Atp6ap1l,16,1,0,0,1,0,0,0,4
Rps23,57496,9428,2704,909,4161,1349,1594,1126,1426
Atg10,384,43,12,4,42,9,13,9,4
A830009L08Rik,1,2,1,0,0,1,1,1,0
Ssbp2,1607,174,60,40,144,59,75,71,60
4833422C13Rik,43,2,0,0,8,6,4,0,2
Acot12,3,1,0,0,0,1,0,1,0
Zcchc9,734,119,41,16,74,27,27,21,24
Ckmt2,0,0,0,1,0,0,0,0,0
Rasgrf2,2,1,0,0,0,0,2,0,0
Msh3,330,8,4,5,10,6,11,5,3
Dhfr,190,25,23,11,14,7,5,2,6
C030017D09Rik,0,0,0,0,1,1,0,0,1
Fam151b,99,22,7,3,10,6,6,4,6
Zfyve16,676,50,19,4,35,22,14,10,16
Serinc5,894,53,44,15,58,19,20,13,19
Thbs4,3194,332,36,7,189,474,49,119,111
Mtx3,146,15,4,1,11,2,1,0,1
Cmya5,148,5,2,5,9,4,4,2,2
Gm4814,0,0,0,0,1,0,0,0,0
A630019I02Rik,1,0,0,0,0,0,0,0,0
Papd4,820,87,20,8,51,23,18,14,12
Homer1,295,153,72,18,113,34,39,25,23
Jmy,631,96,35,14,61,24,25,19,19
Bhmt,0,0,0,0,0,0,0,0,1
Arsb,1202,87,23,15,94,42,37,17,27
Lhfpl2,1413,119,38,8,52,38,40,8,17
Scamp1,490,64,16,3,30,12,25,8,3
Gm32089,4,0,1,0,0,0,0,0,0
Ap3b1,905,105,27,9,66,21,28,12,15
Tbca,5077,840,277,86,407,131,139,94,116
Wdr41,324,25,9,4,11,13,9,5,4
Gm48420,14,5,4,0,1,0,2,0,0
Pde8b,3,0,0,2,1,3,3,2,0
Zbed3,593,50,23,5,31,18,15,13,14
Aggf1,654,90,37,9,47,11,25,13,13
S100z,1,1,0,0,0,0,0,0,0
F2rl1,295,7,1,0,12,1,4,2,0
F2r,1482,84,23,28,71,60,45,14,29
Iqgap2,312,46,17,3,25,17,22,4,4
F2rl2,0,0,0,0,0,0,0,0,0
Sv2c,20,0,0,0,2,0,0,0,0
Gm20075,21,2,0,0,2,2,0,1,0
Poc5,239,23,7,3,15,8,8,5,4
Polk,162,24,10,4,18,4,8,1,10
Col4a3bp,942,90,42,8,53,32,15,13,15
Gm48133,1,0,0,0,0,0,0,0,0
Hmgcr,444,95,22,16,52,26,25,17,25
Gcnt4,24,0,0,0,7,2,4,2,2
Fam169a,4,0,0,0,0,0,0,0,0
Gm6169,30,12,2,1,9,4,4,1,0
Nsa2,3964,760,251,82,406,157,176,110,120
Gfm2,141,21,2,3,11,4,5,2,2
Hexb,2398,287,95,16,127,47,72,27,25
Enc1,1824,781,217,6,119,106,48,31,39
Gm33447,0,0,1,0,0,0,0,0,0
Lncenc1,1,1,0,0,0,1,0,0,0
Gm2379,17,3,0,1,0,1,0,0,1
Gm5086,6,1,0,0,1,0,0,0,0
5330416C01Rik,13,0,0,0,0,1,0,1,0
Gm26619,3,0,2,2,0,0,1,2,0
Gm10260,62,8,2,2,5,3,0,44,44
Arhgef28,73,9,1,2,26,13,12,9,2
Utp15,177,41,17,5,13,4,10,2,6
Ankra2,383,59,18,6,40,17,17,10,11
Btf3,16633,2197,751,276,1236,334,422,347,394
Foxd1,86,23,3,19,45,6,14,14,18
Gm10320,70,7,1,1,5,0,3,5,6
Tmem171,0,0,0,0,0,0,0,0,0
Gm9465,11,0,1,0,2,0,1,1,0
Fcho2,1156,152,50,19,72,32,47,23,28
Gm47551,1,9,4,0,1,0,3,1,1
Tnpo1,1749,206,62,21,111,34,56,38,32
Gm35279,0,0,0,0,0,0,0,0,0
A930014D07Rik,0,0,0,0,0,0,0,0,0
Zfp366,1,0,0,0,0,1,0,0,0
Ptcd2,352,34,12,1,15,3,5,7,3
Mrps27,143,18,4,4,6,1,0,8,2
Map1b,1475,156,51,35,118,84,57,22,30
Mccc2,205,18,10,1,7,3,9,5,3
Bdp1,794,123,41,14,76,26,34,25,33
BC001981,0,0,0,0,0,0,0,0,0
Serf1,1349,205,39,37,176,75,62,31,51
Smn1,663,72,28,9,42,20,11,11,5
Naip2,7,2,1,0,1,0,1,0,0
Naip5,1,1,1,0,1,1,0,0,1
Naip6,5,0,0,0,0,0,0,0,0
Naip1,0,0,0,0,0,0,1,0,0
Gtf2h2,258,18,13,5,15,5,5,8,9
Ocln,0,0,1,0,0,0,0,0,0
Marveld2,2,0,0,0,0,0,2,0,0
Rad17,393,36,19,6,21,12,17,6,7
Ak6,624,121,27,16,77,25,23,19,17
Taf9,0,1,0,0,3,1,1,0,2
Ccdc125,4,3,1,0,0,1,0,1,0
Cdk7,714,81,23,10,66,18,25,33,12
Mrps36,1045,204,79,16,117,33,27,32,27
Cenph,46,7,5,3,3,1,1,3,2
Ccnb1,108,7,5,1,13,22,2,0,0
Slc30a5,1017,132,35,12,118,21,29,16,14
Gm29502,10,0,4,0,0,0,2,0,0
Gm47533,2,0,0,0,0,0,0,0,0
Pik3r1,5104,380,119,31,214,111,117,54,94
Cd180,0,0,1,0,0,0,0,0,0
Mast4,1090,92,35,24,73,18,30,24,19
1700099I09Rik,0,0,0,0,0,0,0,0,0
Gm30551,0,1,0,0,1,0,0,0,0
Srek1,1656,210,51,26,165,50,61,39,41
Erbin,1595,181,34,18,106,36,40,32,24
Nln,508,39,11,4,31,8,7,6,14
Sgtb,105,16,4,4,7,4,3,1,2
Trappc13,755,81,25,11,45,18,24,17,14
Trim23,273,22,10,1,18,3,5,1,6
Ppwd1,215,40,11,4,33,8,11,10,8
Cenpk,74,5,4,4,7,7,4,1,1
Adamts6,181,11,5,9,4,4,10,1,1
Cwc27,322,36,13,5,30,10,11,2,4
Srek1ip1,448,41,21,9,23,16,12,13,10
Fam159b,3,0,0,0,0,0,0,0,0
Rgs7bp,343,30,16,3,2,4,9,3,5
Rnf180,16,0,0,0,0,3,1,0,0
Gm28989,0,0,1,0,0,0,0,0,0
Ipo11,273,19,16,4,14,4,8,4,1
Dimt1,431,60,16,5,36,11,14,6,15
Kif2a,807,119,34,11,94,20,28,18,15
AI197445,11,0,0,0,0,0,0,0,0
B230220B15Rik,0,1,0,0,0,0,0,0,0
Ndufaf2,733,126,37,14,61,17,18,12,18
Smim15,1209,133,42,24,73,26,43,20,23
Ercc8,121,19,8,5,13,4,8,5,6
Elovl7,11,3,3,0,3,0,1,1,1
Depdc1b,2,0,2,0,0,0,0,0,0
Pde4d,780,57,19,9,34,22,34,18,21
Rab3c,9,1,0,0,0,0,0,0,0
Gapt,0,1,0,0,0,0,0,0,0
Plk2,189,85,70,10,106,48,41,10,25
Gpbp1,1380,247,108,40,181,70,54,49,45
Mier3,482,125,41,10,73,31,33,23,23
Map3k1,180,46,17,4,25,13,16,8,13
Gm15326,10,0,0,0,2,1,0,0,0
Ankrd55,75,16,8,0,2,1,1,4,0
Gm48837,1,0,0,0,0,1,0,0,0
2810403G07Rik,3,0,0,2,0,0,0,0,0
Gm48876,0,0,0,0,0,0,0,0,0
Il6st,6261,1049,284,48,341,142,234,117,98
Il31ra,129,18,7,0,5,3,2,1,1
Ddx4,3,0,0,0,0,0,0,0,0
Slc38a9,602,36,9,1,27,13,7,9,5
Plpp1,2948,359,74,32,164,90,114,30,47
Skiv2l2,471,64,18,11,46,16,16,17,8
Dhx29,300,48,10,2,25,7,10,9,7
Ccno,68,43,8,1,12,3,6,3,4
Cdc20b,0,0,0,0,0,0,0,0,0
Gpx8,4882,566,143,66,373,150,153,73,96
Gzma,0,0,0,4,2,2,5,3,1
Gzmk,0,0,0,0,0,1,0,0,0
Esm1,13,2,0,0,0,0,0,1,0
BC067074,120,3,4,2,6,2,1,0,1
4921509O07Rik,1,0,1,0,0,0,0,0,0
Snx18,3218,155,62,10,102,44,43,41,50
Hspb3,2,0,0,0,2,0,0,0,0
Arl15,330,38,20,6,14,5,11,3,10
A430090L17Rik,3,0,0,0,0,0,0,0,0
Ndufs4,2241,347,100,35,196,57,80,48,48
Fst,4621,1191,286,34,402,217,233,142,89
4930544M13Rik,3,0,0,0,1,0,0,0,0
Mocs2,1683,202,58,28,119,44,39,40,39
Itga2,87,17,1,0,5,4,0,4,6
Itga1,874,35,10,2,24,49,18,7,9
Pelo,8,6,1,1,3,2,0,1,2
Gm10734,14,7,0,0,3,0,0,1,1
Isl1,47,2,1,0,0,0,0,0,2
4930435F18Rik,2,1,2,0,1,0,1,0,0
Parp8,562,78,12,13,40,21,12,10,12
Emb,784,184,52,20,71,53,79,29,18
Gm17509,1,0,0,0,2,0,0,1,0
Hcn1,5,0,2,2,1,3,5,2,0
Mrps30,541,59,22,6,36,19,15,10,5
B430218F22Rik,1,1,0,0,0,0,0,0,0
Fgf10,481,16,2,4,15,45,20,9,21
Gm16263,21,1,0,0,1,1,0,0,0
Gm47336,0,0,0,0,0,0,0,0,0
Nnt,61,2,1,0,5,2,2,2,2
Paip1,487,100,22,16,57,34,35,17,18
4833420G17Rik,885,54,36,10,64,14,28,20,25
3110070M22Rik,30,1,0,0,1,0,0,0,1
Tmem267,166,55,13,13,40,5,12,16,23
Ccl28,5,0,0,0,0,0,0,0,0
Hmgcs1,1337,195,53,32,117,25,42,23,28
Gm48342,0,0,0,0,2,0,0,0,0
Nim1k,152,23,7,5,15,4,6,8,9
Gm41077,2,2,0,0,0,0,0,0,0
Zfp131,729,322,91,32,141,43,62,33,43
Gm21761,1,0,0,1,0,0,0,0,0
Gm36161,1,0,2,0,0,0,0,0,0
Gm21188,1,0,2,0,0,0,0,0,0
Gm21762,0,0,0,0,0,0,0,0,0
BC147527,1,0,0,0,0,0,0,0,0
Rab10os,338,37,19,7,23,10,10,7,9
Rab10,2515,469,134,51,229,80,81,69,63
Gm26520,7,1,0,0,3,0,0,0,0
Kif3c,130,12,2,5,7,8,5,1,2
1110002L01Rik,51,13,1,2,6,6,4,2,2
Asxl2,596,70,25,11,35,22,21,18,17
Dtnb,186,17,6,3,9,9,4,7,9
Dtnbos,3,1,0,0,0,0,0,0,0
Dnmt3a,1002,90,26,11,43,33,44,16,10
Dnmt3aos,1,0,0,0,0,1,1,0,0
Pomc,33,6,1,0,3,2,0,4,2
Efr3b,19,6,5,2,3,3,1,0,2
Dnajc27,97,8,5,5,6,1,4,1,2
Adcy3,385,30,10,4,25,15,14,9,12
Cenpo,60,6,1,2,4,1,4,0,2
Ptrhd1,464,63,20,9,33,13,14,17,15
Ncoa1,1074,134,41,15,90,28,47,17,24
2900045O20Rik,1,0,0,0,1,0,0,0,1
Gm46332,2,0,0,0,1,0,0,0,1
Gm48610,4,6,2,0,3,0,0,7,6
Itsn2,762,105,42,7,57,15,28,16,16
Fam228a,8,1,0,0,1,0,1,0,0
Fam228b,37,4,0,1,3,1,3,7,2
Pfn4,7,0,0,0,0,0,2,2,1
Sf3b6,2720,349,128,44,201,77,66,50,60
Fkbp1b,100,14,3,2,10,2,7,0,2
Wdcp,188,33,9,6,20,3,14,7,18
Mfsd2b,6,2,0,0,1,0,0,2,0
Ubxn2a,375,55,12,12,19,11,8,14,10
Atad2b,611,71,21,8,61,23,26,11,17
Klhl29,206,24,16,2,20,7,3,2,12
2810032G03Rik,33,0,1,0,2,0,2,1,0
AC159282.1,5,0,0,0,0,0,0,0,0
Gm48619,3,2,1,1,1,0,0,0,0
Ldah,624,70,17,7,27,21,19,8,12
Gm48898,59,1,0,0,0,0,0,0,0
Hs1bp3,264,17,6,0,17,3,3,5,3
Rhob,4652,922,276,107,703,160,333,129,136
5033421B08Rik,158,5,1,0,4,0,2,0,2
Pum2,2362,278,97,43,152,62,74,46,41
Sdc1,1329,66,22,25,95,46,43,21,28
Gm47391,10,1,0,0,0,0,0,0,1
Laptm4a,17567,2506,724,223,1307,493,659,301,380
Matn3,20,0,0,0,0,0,1,0,0
Wdr35,350,35,9,2,23,2,7,4,6
Ttc32,247,38,18,6,19,7,5,2,8
Gm46323,23,5,2,0,0,0,1,3,0
Gm48764,0,0,0,0,0,0,0,0,0
Osr1,2028,133,33,8,85,6,39,11,23
Rdh14,737,62,23,2,18,8,30,13,15
Gm38407,9,0,0,0,0,0,0,0,2
Kcns3,147,8,4,0,4,3,6,0,2
Gen1,34,7,2,0,3,2,1,2,0
Smc6,2663,293,92,25,154,70,74,43,58
Vsnl1,8,0,0,0,0,0,0,0,0
Rad51ap2,20,1,1,0,6,5,1,0,1
Fam49a,541,64,20,0,33,18,12,5,6
Mycn,12,2,3,1,3,3,5,0,1
Ddx1,1342,179,47,25,101,39,34,26,32
Nbas,483,42,15,8,35,11,8,4,7
Fam84a,7,3,5,0,5,0,4,0,2
Trib2,164,13,5,4,18,11,22,6,2
Lpin1,561,39,15,2,21,15,23,5,7
Greb1,31,4,0,0,12,4,1,0,1
E2f6,166,26,4,4,17,8,10,11,7
Gm36495,7,2,0,0,1,0,0,0,0
Rock2,4384,707,207,50,423,126,151,75,113
Pqlc3,573,86,30,7,37,10,30,14,12
2410004P03Rik,9,1,0,0,2,0,0,1,1
Pdia6,6521,1506,465,151,816,252,245,200,197
Atp6v1c2,0,0,0,0,1,0,0,0,0
Nol10,176,30,6,1,16,3,4,4,4
Odc1,2621,907,190,73,281,91,156,83,68
Gm48313,0,2,0,0,0,0,0,0,1
Hpcal1,1264,124,39,6,84,26,33,18,32
5730507C01Rik,15,1,0,1,1,1,0,0,1
Gm40849,0,0,0,0,0,1,0,0,0
Gm5784,14,1,0,0,4,0,0,1,0
AC124739.1,2,2,0,0,0,1,0,0,0
AC124739.2,5,0,0,0,1,0,0,1,0
AC163633.2,0,1,1,1,1,0,0,0,1
AC163633.1,9,1,1,0,0,1,0,0,0
AC164424.1,33,4,0,1,7,6,3,1,0
Asap2,623,62,23,8,37,17,30,16,13
AC153140.2,11,0,0,1,1,3,0,0,2
Itgb1bp1,1449,196,48,18,112,20,26,21,33
Cpsf3,597,64,16,8,35,15,11,6,14
Iah1,2092,303,93,15,123,49,61,26,31
Adam17,1255,174,48,8,109,35,47,22,28
Ywhaq,3865,661,231,118,406,172,143,97,98
Gm4419,9,1,1,0,0,0,0,1,0
2410018L13Rik,13,0,0,1,1,4,1,3,0
Gm10330,1,0,1,0,0,0,1,1,0
9030624G23Rik,11,1,1,2,2,1,1,0,1
Taf1b,245,38,6,5,23,7,13,3,8
Grhl1,1,0,0,0,2,0,0,0,0
Klf11,283,51,11,6,33,9,25,10,12
Cys1,565,48,18,10,34,15,24,10,11
Rrm2,212,22,8,3,12,8,15,1,6
Mboat2,31,1,3,7,9,9,9,11,1
Kidins220,952,109,43,14,65,29,20,14,16
Gm47701,2,0,0,0,0,0,0,0,0
Id2,2248,468,136,39,175,122,101,34,52
Gm36287,0,0,0,0,0,0,0,0,0
AC163354.1,2,0,0,0,0,0,0,1,0
Rnf144a,1572,77,31,8,90,37,35,24,18
4930549C15Rik,2,0,0,0,0,0,0,0,0
Rsad2,25,87,5,0,5,1,5,3,2
Cmpk2,174,30,8,0,12,4,8,3,2
Sox11,1739,135,40,39,63,9,8,22,9
Colec11,7,0,1,0,1,1,0,0,0
Rps7,39241,7373,2076,608,3522,1044,1314,829,1091
Rnaseh1,328,39,15,5,19,7,9,8,12
Adi1,202,29,12,4,21,9,9,5,3
Trappc12,483,33,14,5,24,3,11,5,4
Eipr1,219,26,9,7,16,6,11,4,5
Gm31508,2,1,0,0,0,0,0,0,0
Pxdn,2163,184,37,31,179,74,68,12,23
Sntg2,103,16,5,0,5,2,9,0,2
Tmem18,364,39,12,5,32,9,10,8,7
Alkal2,16,12,1,0,19,0,3,0,1
Acp1,1897,244,61,35,95,34,33,40,42
Sh3yl1,120,9,2,2,3,6,6,3,1
Fam110c,20,0,0,0,0,0,0,0,0
Lamb1,4127,191,56,44,271,148,116,77,67
Dld,1289,161,54,25,77,30,35,21,27
Cbll1,299,56,14,6,21,12,14,3,7
Gm29542,0,0,0,0,0,0,0,0,1
Bcap29,300,51,20,6,20,4,6,4,10
Dus4l,61,10,4,0,6,1,3,0,1
Cog5,467,58,14,9,22,9,27,10,7
Hbp1,1874,141,52,31,103,41,58,34,43
Prkar2b,76,8,2,0,9,4,10,4,3
5430401H09Rik,3,0,0,0,0,1,0,0,0
Pik3cg,2,0,1,0,0,0,1,0,1
Ccdc71l,1287,155,70,8,92,33,56,22,47
Nampt,1863,376,95,25,107,60,85,23,28
Gdap10,513,127,33,2,39,15,25,10,17
Gm47948,0,1,0,0,0,0,0,0,0
4933406C10Rik,9,2,2,0,1,0,0,0,0
Sypl,2041,328,92,12,126,51,62,39,46
Atxn7l1,466,57,16,4,16,10,13,5,8
Atxn7l1os1,0,0,1,0,0,0,0,0,0
Twistnb,1015,103,25,15,56,20,21,27,17
Twist1,6821,1272,366,209,832,227,347,243,210
Hdac9,81,8,2,0,2,1,1,1,1
Prps1l1,0,0,0,0,0,0,0,0,0
Snx13,437,46,14,8,26,14,6,5,10
Ahr,1563,92,29,9,38,21,17,8,18
Gm48236,0,0,0,0,0,1,0,0,0
Gm48237,0,0,0,0,0,0,0,0,0
Gm34047,0,0,0,0,0,0,0,0,0
9130015A21Rik,1,1,0,2,0,0,0,0,0
Agr2,2,0,0,0,0,0,0,0,0
Tspan13,27,1,0,0,2,2,6,3,1
Bzw2,871,97,32,16,50,26,20,20,15
Ankmy2,313,24,11,3,15,8,8,3,6
Sostdc1,122,1,0,120,88,243,685,51,412
D630036H23Rik,11,1,1,0,0,0,0,0,2
Ispd,155,16,8,8,9,8,7,4,10
Meox2,400,38,24,7,26,9,42,17,8
Agmo,335,44,5,1,23,10,15,5,5
Dgkb,10,0,0,1,0,0,5,0,0
Etv1,136,17,1,7,13,13,13,14,11
Gm34923,7,1,1,0,1,1,0,2,1
Arl4a,1454,327,79,58,185,31,96,73,75
Scin,553,51,32,5,19,6,18,2,6
Lsmem1,150,132,27,11,115,26,27,8,8
Gm17056,98,199,37,12,51,11,24,15,5
Ifrd1,4499,2478,772,189,1656,323,729,261,261
Gm7008,11,1,1,1,0,0,0,0,1
Zfp277,713,58,19,3,35,11,19,8,22
Dock4,2513,162,63,5,78,37,46,16,37
Immp2l,44,16,4,1,6,1,1,3,0
Lrrn3,52,2,1,1,5,8,6,12,5
Gm46349,1,1,1,0,2,0,0,0,0
Dnajb9,1367,663,195,69,327,78,124,82,75
Gm47096,8,1,0,0,1,2,0,0,0
Pnpla8,1685,181,48,23,119,39,58,34,38
Nrcam,835,54,31,2,27,14,11,10,2
Stxbp6,1406,68,41,8,49,19,21,20,17
Gm48508,0,1,0,0,0,0,0,0,0
Nova1,1280,173,65,5,112,26,34,14,32
Prkd1,198,24,6,3,16,3,13,4,2
G2e3,303,66,12,11,28,9,10,18,8
Scfd1,1325,115,27,17,66,15,32,19,21
Coch,2415,54,31,112,289,114,1386,264,15
Strn3,2324,284,86,21,157,67,71,44,37
Ap4s1,610,70,30,18,51,20,24,27,23
Hectd1,2803,414,113,38,193,64,99,58,57
Heatr5a,819,87,26,2,45,20,24,21,21
Gm26517,0,0,0,0,0,0,0,0,0
Dtd2,360,35,10,3,18,6,14,2,5
Gpr33,0,0,0,0,0,0,0,0,0
Nubpl,90,16,7,1,10,3,2,2,2
Arhgap5,2302,195,67,30,120,60,59,42,61
Akap6,49,7,2,1,1,2,1,0,0
Npas3,8,0,0,0,0,1,2,1,0
Gm35818,1,0,0,0,0,0,1,0,0
Egln3,89,2,0,1,3,2,3,1,6
Sptssa,1722,225,76,47,166,94,77,59,62
Eapp,1031,104,35,21,65,28,24,29,18
Snx6,1865,201,67,20,134,51,54,35,21
Cfl2,1607,210,79,42,149,66,47,58,45
Baz1a,805,331,97,25,164,37,63,44,27
2700097O09Rik,106,10,5,3,10,6,6,6,1
Srp54a,441,61,17,5,45,10,21,12,18
Fam177a,41,14,0,2,6,4,7,7,7
Srp54b,3,0,1,0,0,0,3,0,0
1700047I17Rik2,8,4,2,2,3,0,1,1,2
Srp54c,31,12,4,3,10,1,5,4,2
Ppp2r3c,417,49,24,3,42,20,13,13,17
1110008L16Rik,82,13,2,1,9,1,5,1,7
Psma6,3232,435,152,36,162,50,55,51,62
Nfkbia,10913,3923,1295,269,1841,366,815,391,504
Ralgapa1,609,75,19,9,48,22,25,21,19
Brms1l,329,60,20,7,29,21,17,17,15
Mbip,348,43,17,6,15,10,6,6,5
Pax9,28,1,0,0,1,0,0,1,0
Slc25a21,6,0,0,0,1,1,1,0,1
Prps1l3,93,10,6,1,7,2,1,2,3
Mipol1,121,10,2,0,10,8,2,2,9
Foxa1,0,0,0,0,0,0,0,0,0
Gm46329,1,11,0,0,12,2,4,0,0
Clec14a,115,5,1,1,11,11,9,6,3
Gm17529,5,1,0,1,1,0,0,0,0
Sec23a,1621,163,41,15,87,40,48,20,32
Gemin2,158,24,8,0,11,5,5,4,8
Trappc6b,2034,203,67,37,123,45,55,46,53
Pnn,1337,174,74,47,140,79,41,63,64
Mia2,1444,179,60,19,109,36,57,30,26
Fbxo33,614,242,58,20,118,28,41,20,24
Lrfn5,5,0,0,0,0,1,1,0,1
Gm48422,3,0,0,0,0,0,0,0,0
Gm527,78,16,3,1,6,3,1,0,3
Klhl28,372,45,9,6,24,9,12,3,8
Togaram1,482,64,33,18,38,14,19,8,6
Prpf39,1062,123,35,17,85,46,30,25,32
Fkbp3,2385,320,107,34,156,59,53,50,55
Fancm,121,21,3,4,15,2,8,3,6
Mis18bp1,52,1,5,3,5,12,1,1,1
Mdga2,0,0,0,0,2,0,0,1,1
Rps29,52487,14007,4362,1418,7868,2351,2912,1526,1935
Lrr1,12,1,2,1,1,0,1,0,0
Rpl36al,3519,1682,592,181,801,249,312,168,187
Mgat2,1996,364,103,35,145,45,57,31,41
Dnaaf2,48,2,2,2,1,0,1,1,0
Pole2,79,18,8,4,12,8,0,3,1
Gm47545,1,1,0,0,0,0,0,2,0
Klhdc1,137,13,3,1,15,6,9,3,7
Klhdc2,1674,205,57,27,116,36,53,29,47
Nemf,1033,164,49,15,81,22,24,21,28
Gm9887,1,0,0,0,2,0,0,0,0
Arf6,1099,306,77,34,177,64,83,35,43
Vcpkmt,132,33,9,5,17,2,3,3,1
Sos2,432,62,18,8,36,24,11,8,15
L2hgdh,95,6,3,1,8,1,2,2,0
Atp5s,127,13,6,0,18,3,4,3,2
Cdkl1,24,4,0,0,2,1,1,0,1
Map4k5,1006,86,32,9,50,26,27,6,13
Atl1,79,6,3,0,4,5,1,1,6
Sav1,2495,324,110,23,139,39,57,29,40
Nin,998,77,23,8,38,24,18,23,16
Abhd12b,0,0,0,0,0,0,0,0,0
Pygl,330,72,22,3,42,4,9,6,8
F730035M05Rik,0,0,0,0,0,0,0,0,0
Trim9,28,0,0,0,2,0,2,5,1
Tmx1,1276,126,43,16,85,26,33,22,16
Gm32219,517,26,17,2,10,3,2,4,11
Gm24474,2,0,0,0,0,0,0,0,0
Gm32369,19,2,0,0,0,0,0,0,0
Gm40437,0,2,0,0,2,0,1,0,1
Frmd6,4195,412,141,26,177,91,118,32,53
Gm46355,19,1,0,0,1,0,1,0,0
Gm10457,36,19,2,1,0,11,3,0,4
Actr10,1994,262,77,33,152,52,51,30,47
Psma3,6629,1030,273,111,493,167,178,121,183
Arid4a,580,104,52,14,76,35,42,30,22
Timm9,606,111,24,17,50,20,21,14,18
2700049A03Rik,171,10,2,3,7,3,5,3,4
Dact1,326,122,43,10,134,29,33,22,30
4930404H11Rik,7,1,1,1,5,1,2,0,1
9630002D21Rik,0,0,0,0,1,1,1,0,4
Daam1,461,70,22,8,54,17,33,16,16
Gpr135,115,13,3,0,13,5,2,3,0
L3hypdh,615,56,14,6,56,17,13,10,14
Jkamp,1296,199,61,24,130,46,48,29,32
Rtn1,8,12,0,1,10,1,2,2,1
Lrrc9,2,1,0,0,1,0,0,0,0
Pcnx4,271,29,13,5,26,9,9,6,11
Dhrs7,2427,340,90,20,131,52,65,43,46
Ppm1a,2135,293,95,41,177,51,88,37,51
4930447C04Rik,6,4,4,0,0,0,1,0,1
Six1,38,10,5,0,15,5,0,2,1
Six4,60,8,8,0,3,2,1,0,1
Mnat1,664,87,23,6,55,11,11,18,23
Trmt5,87,7,4,2,7,2,0,3,1
Slc38a6,184,19,2,3,9,6,6,6,3
Gm48653,2,0,0,0,0,0,1,0,0
Tmem30b,28,2,1,0,1,4,0,0,0
2210039B01Rik,12,0,0,0,1,0,0,0,1
Prkch,15,1,2,0,0,0,1,2,1
Gm8075,1,1,0,0,0,0,0,0,0
Gm15283,29,8,4,0,1,0,1,0,0
Hif1a,3770,339,140,31,187,72,76,41,43
Snapc1,382,56,30,4,24,13,9,3,14
Syt16,0,0,0,0,0,0,0,0,0
Dbpht2,3,1,0,1,1,0,1,0,0
Gm34552,11,1,0,2,0,3,2,1,0
Gm39473,1,0,0,0,0,0,0,0,0
Rhoj,6207,916,229,26,297,79,185,77,87
Ppp2r5e,884,114,24,15,69,29,22,19,17
Gm47689,12,4,3,1,1,0,3,0,0
Wdr89,1204,172,47,19,57,28,30,31,42
Sgpp1,1858,215,98,4,92,32,49,23,25
Syne2,543,93,44,9,53,20,36,16,14
Mthfd1,311,32,12,4,13,4,6,2,6
Akap5,6,0,1,0,1,0,0,0,2
Zbtb25,164,11,2,2,4,6,3,5,5
Zbtb1,562,137,33,19,59,20,25,29,14
4930426I24Rik,21,3,1,0,2,2,0,0,0
Hspa2,288,96,39,12,49,14,27,11,15
Ppp1r36,0,0,0,1,0,0,0,0,0
Gm10451,6,1,0,0,0,0,0,1,0
Plekhg3,328,32,16,2,23,9,17,6,6
AI463170,2,1,0,0,1,0,0,0,0
Sptb,2,1,0,0,0,0,1,0,0
Churc1,1702,256,62,34,136,57,64,43,47
Fntb,175,20,7,1,12,4,5,6,5
Gpx2,0,0,0,0,0,0,0,0,0
Rab15,55,5,0,1,3,1,1,0,1
Max,1143,150,55,14,99,37,26,20,33
Fut8,681,71,27,9,33,14,18,8,9
Gphn,393,52,11,6,21,11,13,7,5
Fam71d,1,0,1,0,2,0,1,2,0
Mpp5,395,159,40,16,101,23,42,20,16
Atp6v1d,943,176,49,17,91,37,36,25,28
Eif2s1,1252,244,77,31,105,39,38,40,38
Plek2,2,0,0,0,0,0,0,0,0
Tmem229b,72,3,2,0,3,2,1,0,0
Plekhh1,0,1,0,0,0,1,0,1,0
Pigh,218,25,6,3,13,6,3,3,3
9230116L04Rik,1,1,0,0,0,0,0,0,0
Arg2,6,0,2,1,1,1,1,0,0
Gm48780,4,0,0,0,0,0,0,0,0
Vti1b,1275,241,74,16,104,32,50,29,37
Rdh11,291,35,13,4,29,10,11,8,2
Rdh12,14,2,2,0,2,1,2,1,1
Zfyve26,270,27,7,1,10,4,7,2,9
Rad51b,297,70,22,6,26,9,22,2,6
9430078K24Rik,25,7,0,0,3,1,3,0,0
Gm36660,0,3,0,0,0,0,0,0,0
Zfp36l1,9519,3971,1166,136,1472,364,816,275,310
Gm26669,77,95,28,3,21,6,12,13,9
1300014J16Rik,2,1,0,0,0,0,0,0,0
Actn1,1092,141,46,16,76,35,25,49,28
Dcaf5,319,44,11,5,25,12,11,6,7
Gm30025,251,28,5,8,27,6,11,8,10
Exd2,234,24,10,2,13,6,6,7,5
Galnt16,2105,172,77,6,101,15,18,17,16
Erh,1087,342,167,77,281,87,83,68,74
Slc39a9,633,41,16,2,30,10,18,15,13
Susd6,1461,209,74,17,93,64,67,25,34
Gm26545,23,23,11,1,4,2,10,2,1
Srsf5,5421,680,208,71,404,116,162,143,139
Slc10a1,3,2,0,0,0,0,0,1,2
Smoc1,11,1,1,4,4,0,1,2,0
Slc8a3,10,1,0,1,1,2,1,1,0
Gm20498,17,6,1,0,5,1,4,3,2
Cox16,274,41,18,8,28,16,15,9,17
Gm4787,7,2,0,1,0,0,0,0,0
Adam4,14,2,1,0,1,1,0,0,0
Synj2bp,985,103,25,12,55,31,27,22,32
Med6,427,52,23,10,36,14,16,6,5
Ttc9,12,1,2,0,1,14,4,6,0
AC125351.1,0,0,0,0,0,0,0,0,0
Map3k9,0,0,0,0,0,0,0,0,0
Pcnx,821,90,27,12,56,15,20,15,21
Sipa1l1,323,30,8,7,33,28,22,12,16
Rgs6,96,0,0,3,9,1,0,6,4
Dpf3,4,0,0,0,4,0,0,1,0
Dcaf4,205,21,4,3,22,5,9,5,4
Zfyve1,256,39,14,3,40,18,17,4,10
Rbm25,2989,497,168,71,316,97,122,69,89
Gm29361,4,1,0,1,0,2,0,0,1
Psen1,718,125,39,14,68,16,28,25,19
Papln,3,3,0,0,0,1,0,0,1
Numb,348,54,12,7,50,21,22,11,18
Gm26571,6,0,0,0,0,0,0,0,0
Riox1,101,23,5,7,15,5,4,5,4
Acot2,183,17,8,3,17,10,9,5,9
Acot1,165,18,3,11,14,17,10,14,10
Acot4,25,3,1,0,4,0,0,1,0
Acot6,82,11,2,1,6,3,1,1,1
Dnal1,158,22,9,3,19,0,7,7,4
Pnma1,12,3,1,0,0,0,2,0,1
Elmsan1,459,75,32,9,52,18,42,14,11
Gm31513,4,1,0,0,0,0,0,0,1
Ptgr2,501,60,29,5,45,15,17,10,8
Zfp410,467,55,21,8,48,18,13,14,10
Fam161b,13,7,1,0,1,1,0,0,0
Coq6,212,29,9,5,20,3,7,5,5
Entpd5,361,35,6,5,21,6,6,5,3
Bbof1,24,3,0,0,0,1,0,1,3
Rnf113a2,192,15,3,4,16,8,4,6,6
Aldh6a1,557,42,13,3,14,11,11,6,8
Lin52,117,14,7,0,9,4,2,1,2
Abcd4,339,41,14,8,25,13,10,4,13
Npc2,18287,2680,743,147,1092,284,407,216,299
Isca2,445,64,20,9,44,20,25,10,17
Ltbp2,590,88,26,21,49,65,21,14,14
D030025P21Rik,5,2,0,0,0,3,1,0,0
Arel1,221,17,7,0,18,4,7,3,2
Fcf1,823,157,47,6,70,16,27,14,15
Ylpm1,942,75,26,20,49,27,22,12,17
Prox2os,2,2,0,0,0,0,0,1,0
Prox2,27,1,0,0,3,1,0,1,1
Dlst,1538,216,90,27,125,49,63,36,42
Rps6kl1,3,0,0,0,0,0,0,3,0
Pgf,45,14,6,5,8,4,1,5,0
Eif2b2,546,70,21,13,47,5,16,12,13
Mlh3,218,15,3,1,10,4,3,2,7
Acyp1,425,76,15,6,37,15,14,9,11
Zc2hc1c,7,6,2,0,7,2,2,1,1
Nek9,930,96,44,10,70,24,20,17,19
Tmed10,7123,1158,338,91,526,205,203,142,141
Fos,30084,11705,3566,1005,6073,1964,4066,1181,1836
Gm32296,3,0,0,0,0,0,0,0,0
Jdp2,539,356,150,25,254,93,159,19,41
Batf,69,30,3,10,9,6,9,2,1
Flvcr2,21,1,1,0,5,0,1,0,0
Erg28,989,113,36,17,91,27,34,19,18
Ttll5,139,22,0,3,15,8,3,1,3
Gm26531,1,2,0,0,1,0,0,1,1
Tgfb3,599,54,16,17,45,32,30,17,12
Ift43,938,143,40,15,93,36,31,30,33
Gm805,2,1,0,0,0,0,0,1,0
Gpatch2l,266,21,8,2,17,9,12,8,9
Vash1,3,0,0,1,0,2,1,2,1
Angel1,34,7,0,3,2,5,0,1,1
Irf2bpl,1824,205,63,30,116,54,74,31,40
Gm26698,22,1,2,0,0,0,0,0,0
Cipc,268,35,9,5,8,9,13,5,5
Zdhhc22,2,0,0,0,0,0,0,0,0
Ngb,21,4,1,2,1,1,11,1,1
Pomt2,294,33,9,0,15,8,4,5,3
Gstz1,438,31,5,5,29,9,14,10,4
Gm6566,19,1,0,0,1,1,0,0,0
Tmed8,208,20,8,2,16,6,12,5,3
Samd15,18,2,1,1,1,1,3,0,0
Noxred1,0,3,0,0,1,0,0,0,0
Vipas39,348,31,13,2,10,5,6,5,13
Ahsa1,1130,309,85,33,177,63,66,75,41
Ism2,13,1,3,0,1,0,0,0,0
Sptlc2,1146,228,74,16,97,28,41,23,30
Gm26764,4,7,1,1,6,3,1,5,7
Alkbh1,469,109,33,11,48,26,25,17,7
Slirp,1520,284,92,19,92,34,47,33,36
Snw1,1283,158,43,24,82,30,55,25,34
Gm21319,0,0,0,0,0,0,0,0,0
Adck1,188,17,8,2,8,6,4,2,5
Nrxn3,0,0,0,0,0,1,0,0,0
Dio2,660,11,3,0,7,9,1,13,3
Cep128,99,4,1,8,3,5,8,1,0
Tshr,8,1,0,0,0,0,0,0,0
Gtf2a1,527,74,19,4,38,18,17,12,19
Ston2,194,34,12,1,26,11,12,9,12
Sel1l,1864,214,77,9,97,51,38,26,30
Flrt2,3958,435,191,19,205,55,66,48,45
Gm35326,14,2,0,0,0,0,0,0,1
Galc,239,18,6,2,12,2,4,4,1
Gm47439,1,0,0,0,0,0,0,0,0
Gpr65,0,0,0,0,0,0,0,2,0
Gm47566,0,1,0,0,0,0,0,0,0
Kcnk10,27,0,0,0,0,0,1,0,0
Spata7,158,11,1,0,11,4,7,7,3
Ptpn21,437,40,11,5,30,14,11,4,10
Zc3h14,1117,132,53,18,79,42,34,19,34
Eml5,33,6,1,0,3,1,2,2,2
Ttc8,269,48,12,2,15,7,13,3,8
Foxn3,2840,255,63,33,152,83,94,64,54
1700064M15Rik,3,0,0,0,0,0,0,0,0
Gm19951,0,1,0,0,0,1,0,0,0
Efcab11,16,0,1,0,1,3,1,0,0
Tdp1,230,24,10,7,18,10,12,7,7
Kcnk13,2,0,1,0,2,1,0,1,0
4930477G07Rik,0,0,0,0,0,0,0,0,0
Psmc1,1577,216,72,26,94,36,36,33,32
Nrde2,142,14,5,0,10,0,3,2,2
Calm1,10569,2230,706,289,1234,401,453,266,341
Gm26723,0,1,1,0,0,0,0,0,0
Gm40557,1,2,0,0,0,0,1,2,1
Ttc7b,207,34,3,4,34,9,7,3,11
Rps6ka5,119,16,6,3,13,13,6,10,7
Dglucy,32,10,1,1,7,0,1,0,3
Gpr68,18,0,0,0,1,2,0,0,0
Ccdc88c,21,2,0,1,1,0,2,0,1
Gm36756,3,0,0,0,0,0,0,0,0
Ppp4r3a,912,136,39,11,70,31,29,14,21
D130020L05Rik,69,6,2,1,4,1,2,0,2
Tc2n,19,2,0,3,1,4,3,9,0
Fbln5,6639,483,173,55,321,199,269,52,81
Trip11,1816,216,54,29,126,49,59,33,53
Atxn3,249,31,8,1,11,4,6,2,6
Cpsf2,888,103,39,14,56,14,20,16,14
Slc24a4,2,0,0,0,0,2,0,0,1
Rin3,106,8,5,1,6,9,5,2,3
Lgmn,2961,400,133,13,161,59,59,50,37
Gm30198,2,0,0,0,3,0,0,0,0
Golga5,555,67,19,11,34,12,26,10,14
Chga,0,0,0,0,0,0,0,0,0
Itpk1,121,7,7,1,9,0,4,3,1
Gm20069,0,0,0,0,0,0,0,0,0
Gm20604,155,28,9,2,21,6,7,6,3
Moap1,0,0,0,0,0,0,0,0,0
Tmem251,462,80,21,8,45,15,17,13,13
Gon7,156,62,11,17,37,11,20,10,21
Ubr7,348,37,8,3,23,4,4,7,6
Btbd7,1551,242,72,32,134,55,66,34,29
Gm47167,0,1,0,0,0,0,0,0,1
Unc79,2,1,0,0,1,0,0,0,0
Prima1,17,1,0,0,2,1,0,0,0
Asb2,2,0,0,0,0,0,0,0,0
Otub2,53,4,1,1,4,1,6,2,1
Ddx24,1597,308,82,27,160,46,47,34,36
Ifi27,5299,1057,251,88,480,182,209,104,139
Ifi27l2a,1532,1660,677,53,1058,134,139,209,249
Ifi27l2b,3,3,0,0,0,0,0,1,0
Ppp4r4,22,1,0,1,7,1,1,2,2
Serpina10,14,0,1,2,6,3,8,0,0
Serpina1b,4,0,0,0,0,0,0,0,0
B430119L08Rik,5,2,0,0,0,0,0,1,0
Serpina11,1,0,0,0,0,0,0,0,0
Serpina9,1,1,1,0,0,0,0,0,0
Serpina3b,1,0,0,0,0,0,1,0,0
Serpina3c,2352,148,76,4,108,20,39,15,20
Serpina3f,302,18,8,3,4,6,33,1,1
Serpina3g,339,9,6,1,26,7,10,2,7
Serpina3i,260,19,1,1,5,2,2,0,2
Serpina3j,5,0,0,0,0,0,0,0,0
Serpina3k,4,0,0,0,0,0,0,0,0
Serpina3m,598,198,61,0,7,3,3,3,5
Serpina3n,30398,6723,2327,74,1035,421,475,225,324
Gsc,55,3,0,0,5,0,4,0,0
Dicer1,846,74,20,5,52,23,20,23,21
Clmn,125,5,2,1,8,21,14,6,3
Gm28875,499,69,36,9,27,23,16,17,17
Syne3,162,20,5,0,6,5,1,2,6
Snhg10,57,5,4,2,4,4,3,1,1
Glrx5,1548,224,65,37,150,51,47,41,41
Tcl1,1,0,0,0,1,0,0,4,9
Tunar,0,0,0,0,0,3,0,2,2
D430019H16Rik,53,1,0,2,6,3,1,1,1
AU015791,4,0,0,0,0,0,0,0,0
Bdkrb2,110,15,10,0,3,1,4,2,1
Bdkrb1,62,37,12,0,6,4,4,2,0
Atg2b,397,52,9,4,18,10,12,6,8
Gskip,729,73,25,5,36,21,21,11,12
Ak7,1,0,0,2,1,0,0,0,0
Papola,2192,292,97,39,163,79,76,46,43
Gm48807,1,1,1,0,0,0,0,0,0
Vrk1,251,28,10,6,17,5,8,5,4
AC163040.1,16,3,0,0,4,0,1,2,2
Gm16087,6,0,0,0,0,0,0,0,0
Bcl11b,1899,144,38,10,89,30,38,6,24
Setd3,1233,132,32,26,73,32,50,21,25
Ccnk,390,63,20,14,41,11,21,9,12
Ccdc85c,14,5,3,0,2,1,2,0,3
Hhipl1,271,39,10,2,48,17,8,3,2
Cyp46a1,5,0,1,0,2,0,1,1,0
Eml1,1044,111,17,5,45,22,30,12,17
Evl,630,38,10,19,56,26,31,14,25
Degs2,0,0,0,0,0,0,1,0,0
Yy1,1659,322,112,47,162,66,74,52,43
Slc25a29,122,8,2,2,3,2,1,1,2
Slc25a47,59,9,1,4,9,0,3,2,1
Wars,399,60,18,5,27,14,6,13,4
Wdr25,49,6,0,1,2,1,1,1,0
Begain,77,4,1,0,1,1,1,5,1
Dlk1,60,9,1,2,16,6,53,0,4
Meg3,29520,3075,955,559,2051,955,1476,135,436
Gm26906,10,2,1,0,0,0,1,0,1
Rtl1,1,1,0,0,0,0,0,0,0
Gm26945,53,14,4,2,12,4,8,2,1
B830012L14Rik,228,75,30,6,86,24,33,8,8
Mirg,337,87,34,6,137,38,48,8,2
Dio3,23,4,2,1,3,3,2,3,3
Ppp2r5c,1857,180,69,16,115,35,52,25,26
AC152827.1,11,4,0,0,1,1,0,2,1
Gm35558,9,1,0,0,0,0,1,0,0
Gm35558-1,16,0,0,0,1,0,0,1,0
Dync1h1,3369,352,107,29,222,85,72,39,52
Gm17111,3,1,0,0,2,1,1,0,1
Hsp90aa1,16416,4134,1468,460,3175,1539,1093,882,836
Wdr20,354,58,24,4,38,15,14,14,15
Mok,18,3,0,0,6,0,0,0,0
Gm26912,7,1,0,0,0,0,0,0,0
Zfp839,99,1,5,2,5,0,2,1,3
Cinp,504,65,30,6,35,10,11,6,11
Tecpr2,120,21,6,2,9,7,5,1,4
Ankrd9,75,16,6,4,16,3,7,7,3
Rcor1,787,112,30,10,68,33,34,13,18
4930595D18Rik,0,0,0,0,0,0,0,0,0
Traf3,426,58,18,6,32,15,18,3,9
Amn,38,1,0,0,4,0,0,0,0
A230087F16Rik,5,4,2,2,2,2,1,2,2
Cdc42bpb,644,91,21,15,67,26,23,18,11
Lbhd2,0,0,0,0,1,0,0,0,0
Exoc3l4,147,17,9,0,13,2,4,2,1
Gm10425,7,1,0,0,0,0,2,0,1
Tnfaip2,2494,583,149,23,257,50,131,36,34
Gm266,182,14,0,3,5,4,4,0,2
Eif5,5481,1080,338,100,595,169,238,170,126
Mark3,1399,154,53,23,116,39,53,28,29
Ckb,2830,127,51,51,176,102,72,44,57
Trmt61a,261,32,15,6,15,4,3,5,1
Bag5,1165,106,30,10,76,23,28,22,30
Apopt1,827,131,49,14,89,20,39,24,74
Klc1,1240,144,57,20,70,36,35,16,27
Xrcc3,25,2,1,0,0,2,4,0,0
Zfyve21,1074,85,29,13,74,35,24,19,13
Ppp1r13b,83,12,5,3,8,3,5,1,2
5033406O09Rik,5,0,0,0,0,0,0,0,0
2010107E04Rik,5706,949,299,118,479,165,159,92,148
Tdrd9,0,1,0,0,0,0,0,0,0
Aspg,395,80,17,4,43,24,18,5,9
Kif26a,132,12,4,2,13,11,9,3,3
Tmem179,1,1,1,0,0,0,0,0,1
Inf2,494,83,23,6,50,23,16,2,15
Adssl1,33,3,12,3,4,4,6,4,3
Siva1,1744,204,85,37,118,71,47,35,60
Akt1,2063,262,79,39,156,78,62,45,44
Zbtb42,18,6,0,1,2,1,2,0,0
Cep170b,351,34,15,9,28,9,12,15,14
Pld4,2,2,4,2,4,2,0,2,1
Ahnak2,3056,342,79,16,131,64,64,20,21
BC022687,87,10,3,2,4,5,4,2,1
Cdca4,268,46,15,6,22,8,9,9,7
Gpr132,0,2,9,1,1,4,1,2,1
Jag2,5,0,0,0,1,1,1,1,1
Nudt14,127,23,3,4,14,5,6,4,1
Gm26583,4,1,1,0,3,0,1,2,0
Brf1,348,38,12,2,26,14,6,6,9
Btbd6,150,26,6,3,8,3,1,6,9
9230104M06Rik,2,0,1,0,1,0,0,0,0
Pacs2,691,50,22,4,38,15,20,12,9
Tex22,0,1,0,0,0,0,0,0,0
Mta1,1114,114,34,20,72,25,46,23,27
Crip2,4133,448,120,48,200,85,99,51,85
Crip1,38038,5249,1842,629,3672,1006,1203,619,1243
Tedc1,46,2,2,2,2,4,2,4,2
Tmem121,63,2,2,2,12,3,3,3,1
Igha,0,0,0,0,0,0,0,0,0
Ighd,0,0,0,0,0,0,0,0,0
Ighm,65,0,1,3,19,3,30,3,4
Gm30948,0,0,0,0,0,0,0,0,0
Ighv1-82,0,0,0,0,0,0,1,0,0
Zfp386,349,17,6,2,20,10,1,5,6
Vipr2,28,1,4,1,6,6,3,2,2
Gm20658,0,0,0,0,0,0,0,0,0
Wdr60,226,29,14,0,29,12,6,5,5
Gm11027,1,1,2,0,2,0,0,0,0
Gm48079,1,1,0,0,0,0,0,0,0
Esyt2,2242,263,85,23,147,48,63,53,41
Ncapg2,189,20,6,6,9,8,8,1,4
Rapgef5,5,0,0,0,0,1,0,0,0
Cdca7l,20,2,0,0,5,0,1,2,0
AC163032.1,40,8,6,2,4,4,2,0,0
Sp4,129,27,13,9,20,8,10,5,4
Itgb8,61,0,3,13,6,49,2,7,4
Macc1,1,1,0,0,0,0,0,0,1
Selenop,18140,3554,732,38,798,304,530,252,192
Ccdc152,27,54,9,0,1,1,7,0,0
Ghr,3631,505,112,11,139,41,88,31,61
Fbxo4,491,59,21,4,43,13,21,9,14
AW549877,992,72,28,4,57,20,24,7,20
Gm2093,0,1,0,0,0,0,0,0,0
Oxct1,3594,367,111,37,212,93,87,54,63
Gm15632,1,2,0,0,0,0,1,0,0
Plcxd3,186,31,6,0,3,0,2,2,1
C6,11,29,12,0,3,0,0,0,0
C7,161,69,11,0,7,0,4,5,7
Card6,23,2,0,0,0,1,0,0,0
Rpl37,38985,10113,2913,901,4735,1354,1649,1112,1350
Prkaa1,454,64,15,2,37,13,12,6,9
Gm15938,1,1,0,0,1,0,0,0,0
Ttc33,518,50,8,7,29,12,7,10,12
Ptger4,458,79,12,16,52,24,22,18,10
Dab2,3034,421,166,15,145,56,54,27,40
C9,0,1,0,0,3,0,0,0,0
Fyb,39,21,16,5,10,3,1,6,4
Gm2245,0,0,0,0,0,0,0,0,0
Rictor,1046,138,51,28,88,19,41,31,26
Osmr,2072,650,205,6,223,59,137,38,36
Lifr,996,119,32,10,51,13,34,22,16
Egflam,379,29,7,13,31,23,22,12,14
Gm49207,25,4,5,4,11,5,11,2,7
Gdnf,55,20,21,14,17,29,14,1,3
Wdr70,386,54,36,9,37,16,19,10,12
Nup155,286,29,8,7,14,8,7,1,3
2410089E03Rik,555,63,22,16,46,11,15,14,13
Nipbl,2369,286,93,22,145,79,85,49,51
Gm31282,2,0,0,0,0,1,0,3,1
Gm49249,1,0,0,0,1,0,0,0,0
Slc1a3,549,33,8,1,31,15,20,5,7
Ranbp3l,3,0,1,0,1,0,0,0,1
Nadk2,359,45,12,10,28,8,9,5,7
Skp2,83,5,3,5,1,0,0,0,2
Lmbrd2,381,53,10,5,27,7,21,8,17
Capsl,0,0,0,0,0,0,0,0,0
Il7r,4,1,1,2,3,0,8,0,0
Spef2,0,0,0,2,1,2,8,0,1
Prlr,68,5,0,57,56,26,33,54,32
Agxt2,0,0,0,0,0,0,1,1,0
Dnajc21,971,185,44,26,79,47,41,24,25
Brix1,1094,137,40,21,90,26,32,26,15
Rad1,235,31,10,2,13,6,6,6,6
Rai14,924,102,40,11,49,15,25,7,17
Gm19276,1,1,1,0,1,0,0,0,0
C1qtnf3,3820,205,54,46,168,74,44,3,37
Amacr,340,35,18,1,18,1,4,5,3
Slc45a2,1,0,0,0,0,0,0,0,1
Adamts12,1139,62,15,7,47,14,33,5,12
Tars,1338,123,35,11,75,22,28,18,12
Npr3,135,4,1,1,8,4,0,0,1
Sub1,4314,798,275,90,420,132,187,117,112
Zfr,1636,185,58,32,111,49,63,37,38
Mtmr12,258,40,18,3,20,8,9,9,4
1810049J17Rik,0,0,0,0,0,0,0,0,0
Golph3,2457,334,108,41,182,63,68,38,47
Pdzd2,521,28,8,2,26,14,8,14,12
6030458C11Rik,275,19,9,1,17,8,6,7,6
Drosha,448,48,15,5,20,11,17,5,17
Cdh6,307,27,12,2,7,10,13,2,6
Cdh9,12,10,0,0,8,0,1,0,0
Cdh10,3,0,0,1,2,1,0,0,0
Cdh12,2,0,0,0,0,0,0,0,1
Acot10,1,1,0,0,0,1,0,0,0
Cdh18,2,0,0,0,1,1,2,3,1
Gm35769,0,0,0,0,0,0,0,0,0
4930445E18Rik,0,0,0,0,0,0,0,0,0
Basp1,1718,411,107,36,478,99,124,60,48
Gm5468,3,0,0,0,0,0,0,0,0
Myo10,417,30,7,10,42,25,17,16,18
Retreg1,146,9,3,2,14,18,15,14,7
Zfp622,678,140,35,20,65,35,32,18,26
Fbxl7,593,118,25,8,42,29,21,18,23
Gm36899,1,0,0,0,1,0,1,0,1
Ank,372,39,16,3,33,15,13,9,4
Otulin,716,106,47,15,61,19,23,14,22
Fam105a,1493,88,33,12,61,23,41,24,20
Trio,1961,176,64,26,146,47,65,44,39
Ctnnd2,1,0,0,0,1,0,0,0,0
Dap,4910,530,137,42,314,97,123,66,98
Ankrd33b,77,19,3,0,11,4,3,0,2
Ropn1l,21,7,7,1,6,1,3,0,0
March6,860,100,29,12,52,19,22,13,9
Cmbl,33,14,0,0,6,8,5,2,10
Cct5,4439,618,174,61,292,93,106,91,67
Fam173b,349,47,16,4,28,13,12,4,7
Snhg18,4333,602,144,53,367,130,160,60,111
Sema5a,1549,151,38,11,52,39,37,12,19
Gm32618,102,9,1,0,10,6,6,1,2
Sdc2,5031,508,163,49,324,108,144,62,96
Cpq,4390,318,117,21,295,123,148,45,73
Tspyl5,29,2,4,0,3,2,1,2,2
Mtdh,4039,572,159,71,291,118,126,122,114
Laptm4b,847,72,19,8,56,22,19,14,18
Matn2,1410,47,32,49,156,110,82,55,50
Rpl30,51036,8404,2431,804,4130,1312,1550,1114,1318
Erich5,2,1,0,0,0,0,1,0,0
Rida,153,17,5,1,14,14,6,9,7
Pop1,68,12,4,2,8,1,3,2,0
Nipal2,245,30,17,0,13,5,10,4,4
4930413F20Rik,12,0,0,0,0,0,0,0,0
Stk3,738,105,30,11,47,14,25,15,10
Osr2,6060,670,267,30,280,53,142,48,105
BC048602,436,14,7,0,3,0,3,1,2
Gm48960,53,0,0,2,0,2,0,0,0
Vps13b,808,69,32,9,49,11,19,13,11
Cox6c,25729,3706,1171,387,1614,697,572,316,492
Rgs22,59,1,4,0,2,0,1,0,1
Fbxo43,2,0,0,0,1,0,0,0,0
Polr2k,1831,263,94,36,141,54,49,45,42
Spag1,30,7,0,1,2,2,1,1,0
Rnf19a,686,132,52,24,105,24,51,33,18
Ankrd46,586,45,9,4,33,12,15,11,17
Snx31,1,0,0,0,0,0,2,0,0
Pabpc1,14400,2704,855,180,1009,381,560,226,269
Gm10385,2,0,0,0,0,0,0,1,0
Ywhaz,3629,842,272,78,383,158,198,99,127
Gm34590,2,0,0,0,0,0,0,0,0
Zfp706,2036,289,97,44,189,82,95,76,53
Gm26766,3,2,0,0,1,0,0,0,0
Gm16136,0,0,0,0,0,0,0,0,0
Grhl2,2,0,0,1,2,2,0,1,1
Ncald,94,19,3,18,38,8,15,25,22
Gm28221,0,0,1,1,0,0,0,1,0
Gm15941,0,0,0,1,0,0,0,0,1
Gm35019,0,2,0,0,1,1,1,0,0
Rrm2b,265,67,21,7,42,14,15,16,24
Gm49085,18,9,1,4,14,10,2,5,7
Ubr5,1604,289,84,32,166,65,75,60,40
Gm35167,6,0,0,0,0,0,0,1,0
Klf10,748,162,53,21,160,31,85,40,35
Gm35248,12,2,1,1,4,0,1,0,0
Gm41307,7,0,0,0,0,1,0,0,0
G930009F23Rik,5,8,0,0,5,0,2,2,2
Azin1,1355,509,150,38,300,87,161,64,82
Gm49077,46,12,3,0,4,1,1,2,0
Atp6v1c1,641,113,39,10,44,22,14,22,12
Gm45924,21,2,1,0,1,0,1,1,2
Baalc,262,16,1,1,2,0,3,4,3
Fzd6,48,6,1,0,6,2,0,0,3
Cthrc1,3654,670,99,171,711,235,54,29,42
Slc25a32,467,48,13,1,22,9,11,2,1
Dcaf13,749,117,28,10,56,15,27,16,30
Rims2,0,0,1,0,0,0,0,0,1
Dcstamp,0,0,0,0,0,0,0,0,0
Dpys,0,0,0,0,0,0,0,0,0
Lrp12,214,28,6,0,16,13,10,8,7
AU022793,0,0,0,0,0,0,0,0,0
Zfpm2,192,51,9,3,19,15,10,5,4
Oxr1,1233,159,38,12,89,45,43,15,26
Abra,4,0,1,0,0,0,0,0,0
AC158972.2,0,0,0,0,0,0,0,0,0
Angpt1,276,50,12,0,23,10,14,4,4
Gm17473,2,1,1,0,1,0,1,0,0
Rspo2,4,3,0,5,11,15,27,7,11
Eif3e,6758,774,262,85,368,137,143,119,129
Emc2,1324,197,48,18,99,33,43,32,33
Nudcd1,393,43,11,4,32,13,8,3,12
Eny2,3527,409,146,62,297,98,95,73,92
Pkhd1l1,1,0,1,0,1,0,0,0,0
Ebag9,340,28,13,4,23,11,17,7,10
Sybu,110,7,0,1,7,5,1,1,0
Gm41318,0,0,0,0,0,0,0,0,0
Trps1,2147,168,44,82,201,123,161,118,94
Eif3h,6841,886,277,112,470,155,189,144,149
Utp23,200,38,18,6,13,9,12,4,6
Rad21,1515,172,53,23,102,49,48,29,25
Aard,0,0,0,0,8,1,3,10,3
Med30,720,86,37,26,70,30,34,27,24
Gm34794,0,0,0,0,0,0,0,0,0
Ext1,1637,258,63,5,126,37,53,37,42
Samd12,6,0,0,0,0,0,0,0,1
Tnfrsf11b,1259,18,3,0,18,5,13,12,3
Colec10,6,0,0,0,1,0,0,0,0
Mal2,22,2,1,0,3,0,0,1,0
Nov,1796,78,24,2,76,19,10,13,24
Enpp2,3904,148,19,74,292,218,188,228,138
Taf2,462,43,16,4,25,17,14,6,10
Dscc1,34,2,2,1,2,3,1,1,0
Deptor,1382,247,62,6,81,61,79,25,43
Col14a1,6507,280,73,28,518,241,138,80,74
Mrpl13,1723,217,78,33,118,45,59,37,31
Mtbp,113,10,3,2,11,2,2,5,5
Sntb1,74,1,1,0,1,13,2,1,1
Gm46516,0,0,0,0,1,1,0,0,0
Has2,438,267,87,18,106,28,59,20,20
Slc22a22,3,0,0,0,0,0,1,0,0
Zhx2,411,40,13,4,19,4,12,5,6
Gm16006,19,1,0,0,2,0,0,0,1
9330154K18Rik,0,0,0,0,0,0,0,0,0
Derl1,3225,421,137,25,214,77,88,42,56
Tbc1d31,132,13,2,1,18,5,3,1,3
Fam83a,9,0,0,0,1,2,0,0,0
9130401M01Rik,794,117,23,12,55,22,19,22,19
Gm29394,16,2,0,0,0,1,0,1,0
Zhx1,726,66,20,12,45,14,30,18,11
Atad2,475,48,34,13,61,35,29,27,21
Wdyhv1,235,25,6,1,26,7,8,4,8
Fbxo32,364,32,8,15,30,6,5,13,11
Gm15943,0,0,0,1,0,0,0,0,0
Fam91a1,1055,135,47,12,51,27,22,23,22
Tmem65,2414,218,71,35,124,54,51,27,44
Trmt12,85,4,4,0,3,0,1,2,3
Rnf139,553,42,20,6,27,14,12,5,2
Tatdn1,511,57,20,11,24,9,12,7,11
Ndufb9,5315,668,192,99,441,146,138,123,142
Mtss1,91,4,1,1,9,13,13,3,3
Sqle,295,55,7,12,41,11,16,19,12
Washc5,383,70,21,1,28,12,14,6,3
Nsmce2,862,95,18,19,56,22,22,14,18
AC161172.1,1,0,0,0,0,0,1,0,0
Trib1,1445,1048,270,71,353,94,172,58,85
Gm19510,0,0,0,0,0,0,0,0,0
Gm2682,0,0,0,0,0,0,0,1,0
Fam84b,76,9,15,5,6,12,2,1,6
AC140304.2,2,0,0,0,0,0,0,0,0
Myc,578,752,235,54,500,130,237,54,55
Pvt1,195,44,9,1,10,3,3,5,3
Gsdmc,0,0,0,0,0,0,0,0,0
Gsdmc2,0,0,0,0,0,0,0,0,0
Gsdmc4,0,0,0,0,0,0,0,0,0
Fam49b,355,49,26,27,43,11,20,18,12
Asap1,2258,242,66,25,165,39,77,39,35
Adcy8,0,0,1,0,0,0,0,0,0
Efr3a,2005,207,49,10,113,43,46,41,33
Kcnq3,4,0,0,1,0,2,9,4,1
Tmem71,62,10,7,1,7,1,0,1,2
Phf20l1,1367,153,51,25,114,44,63,49,87
Tg,4,1,0,0,0,0,0,0,0
Sla,0,1,5,1,0,1,1,0,0
Wisp1,1207,60,16,11,69,66,28,8,15
Ndrg1,2665,1269,355,78,514,217,233,60,51
Gm17035,0,0,0,1,0,0,1,0,0
AC087116.1,0,0,0,0,0,0,0,0,0
St3gal1,2084,415,111,6,151,39,70,32,38
Zfat,67,15,4,2,5,4,3,1,0
Gm20732,1,0,0,0,0,0,0,0,0
Khdrbs3,670,171,32,16,54,14,23,25,17
Fam135b,1,0,1,0,0,0,0,0,1
Col22a1,0,0,0,1,1,16,1,0,0
Trappc9,339,40,11,3,25,17,6,7,6
Chrac1,1240,140,47,18,72,22,31,21,21
Ago2,1589,294,61,22,157,44,70,36,46
Ptk2,949,111,29,10,60,23,28,24,16
Dennd3,22,2,0,0,5,0,1,2,3
Slc45a4,327,43,11,2,13,9,10,5,5
Gpr20,1,0,0,0,0,0,0,0,0
Ptp4a3,512,49,11,5,23,13,17,12,8
Gm6569,12,0,0,0,1,0,0,1,0
Adgrb1,0,0,0,2,3,0,1,0,1
Arc,51,50,3,9,19,5,11,12,11
Jrk,43,0,0,0,3,0,0,0,0
4933427E11Rik,0,0,1,0,0,0,0,0,0
Them6,145,11,4,4,11,5,6,0,1
Lypd2,0,0,5,0,1,0,0,0,0
Lynx1,332,48,16,1,31,9,13,6,8
Ly6d,3,2,0,0,1,0,7,0,1
D730001G18Rik,0,0,0,0,0,0,0,0,0
Ly6k,2,13,1,0,0,0,6,1,1
Gml,1,1,0,0,1,0,0,1,0
Gml2,2,1,1,0,1,0,0,0,0
2010109I03Rik,0,0,0,0,0,0,1,0,0
AC139671.1,0,1,0,0,0,1,1,1,0
Ly6e,4678,1640,480,35,436,168,240,101,110
Ly6i,9,4,3,0,2,0,0,0,0
Ly6a,38672,9618,2631,138,2609,471,1013,644,648
Gm28068,11,7,1,0,0,0,2,0,1
Ly6c1,14238,3698,1130,56,1064,169,340,202,246
Ly6c2,17,6,2,0,1,2,1,0,0
Ly6g,0,1,0,0,0,0,0,0,0
Ly6h,14,1,1,0,5,1,16,0,0
Gpihbp1,0,0,0,1,0,0,0,0,0
Zfp41,86,2,2,1,3,3,0,3,1
Top1mt,70,10,1,1,7,2,2,2,3
Rhpn1,2,0,0,0,0,1,0,0,0
Mafa,20,10,3,4,8,6,4,2,5
Zc3h3,147,21,6,2,8,2,3,4,6
Gsdmd,542,102,41,6,35,15,20,12,12
Naprt,271,36,15,2,19,7,10,8,5
Eef1d,7728,1180,374,111,546,168,199,208,218
Tigd5,53,3,2,1,5,0,4,4,2
Pycrl,337,34,11,10,35,12,9,10,10
Tsta3,537,53,16,5,42,19,12,7,13
Zfp623,104,5,4,2,10,7,3,1,4
Zfp707,85,11,1,0,6,2,1,1,2
Ccdc166,49,1,3,0,2,1,2,2,1
Mapk15,4,0,0,0,0,0,0,0,0
Fam83h,30,2,0,0,3,0,2,0,0
K230010J24Rik,17,0,0,0,2,0,2,0,0
Scrib,336,46,10,3,28,10,18,5,8
Puf60,1843,226,65,31,164,42,54,39,50
Nrbp2,453,38,10,11,27,16,23,11,12
AC116487.2,9,0,0,0,0,1,2,1,0
Eppk1,22,0,3,0,0,0,0,0,0
Plec,2256,333,120,64,213,79,92,62,55
Parp10,265,28,11,2,22,7,10,3,2
Grina,1997,310,81,17,146,64,80,36,38
AC110211.1,0,0,0,0,0,0,0,0,0
Smpd5,8,2,0,0,1,0,1,0,0
Oplah,225,44,6,3,15,4,8,9,3
Exosc4,864,72,17,12,49,14,18,14,12
Gpaa1,566,81,28,10,38,18,21,14,11
Cyc1,1720,248,91,33,135,44,44,40,39
Sharpin,422,59,21,3,25,6,10,9,8
Maf1,982,103,39,12,59,25,36,10,20
Gm35339,13,1,1,5,4,0,0,0,1
Hgh1,131,11,1,2,10,3,3,2,7
Mroh1,357,46,6,5,20,3,7,3,7
Bop1,443,59,16,5,23,8,9,13,8
Scx,93,0,2,2,2,28,4,0,2
Hsf1,381,59,14,13,48,12,17,13,6
Dgat1,367,46,13,5,40,5,11,4,8
Scrt1,0,0,0,1,0,0,0,0,0
Fbxl6,529,57,17,9,42,10,18,8,10
Slc52a2,153,35,3,2,12,5,4,5,1
Adck5,208,19,4,3,17,6,7,0,1
Cpsf1,193,25,7,3,10,6,6,7,7
Slc39a4,2,0,0,0,0,0,1,0,0
Vps28,1438,220,80,34,101,39,40,42,36
Tonsl,15,3,0,1,1,2,1,0,1
Cyhr1,1185,130,44,19,95,43,51,25,22
Kifc2,48,1,0,0,4,2,1,0,0
Ppp1r16a,218,28,4,1,10,14,5,7,4
Gpt,34,8,1,1,6,1,2,2,0
Mfsd3,130,22,5,2,8,4,7,6,2
Recql4,10,1,0,1,2,1,0,0,0
Lrrc14,251,22,6,3,22,4,14,4,3
Lrrc24,3,0,0,0,0,0,1,0,0
C030006K11Rik,172,13,6,1,8,6,2,5,5
Arhgap39,90,11,3,3,14,11,3,5,3
Zfp251,255,9,3,1,17,5,6,4,6
Zfp7,50,3,3,1,1,1,4,0,3
Commd5,7,3,1,0,1,2,0,0,0
Rpl8,42374,6794,2125,650,3215,995,1165,896,1100
Zfp647,66,2,3,0,2,1,0,0,0
1110038F14Rik,878,115,25,8,65,29,41,28,26
Mb,2,0,0,0,2,0,0,0,0
Apol6,19,2,1,0,3,0,2,1,1
Rbfox2,2384,248,67,31,159,75,72,44,37
Apol7a,3,1,2,0,2,0,0,0,0
Apol9a,27,26,6,0,9,4,6,2,0
Apol7b,0,0,0,0,0,0,0,0,0
Apol7c,0,0,0,0,0,0,0,0,0
Apol10b,5,0,0,0,0,0,0,0,0
Apol11b,0,1,0,0,0,0,0,0,0
Apol7e,0,0,0,0,0,0,0,0,0
Apol9b,19,18,5,0,5,3,1,3,2
Apol8,23,5,0,2,2,0,0,1,0
Myh9,2238,306,97,56,178,77,95,73,80
Txn2,2029,322,95,23,165,44,51,46,51
Foxred2,41,10,4,0,4,1,3,0,4
Eif3d,1969,240,67,21,114,35,42,36,32
Gm17638,1,0,0,0,0,0,0,0,0
Ift27,1402,181,54,14,104,26,47,36,29
AL589692.1,1,1,0,0,0,0,0,0,0
Pvalb,2,0,0,0,0,0,0,0,1
Ncf4,0,5,10,1,2,0,0,0,0
Csf2rb2,3,6,4,0,3,1,5,0,0
Csf2rb,87,4,7,2,7,5,1,3,1
Tex33,0,0,0,0,0,0,0,0,0
Tst,419,58,17,7,26,20,18,7,8
Mpst,638,93,30,7,58,23,21,15,13
Kctd17,998,110,41,13,78,32,35,20,22
Tmprss6,12,0,0,0,1,0,0,0,0
Il2rb,9,0,0,0,4,3,2,1,1
C1qtnf6,4757,248,54,53,254,153,123,33,44
AL590144.3,2,1,0,0,0,1,0,0,0
Sstr3,0,0,0,0,0,0,0,0,0
Rac2,4,5,3,0,1,2,11,1,2
AL590144.2,60,25,5,0,9,3,7,0,1
Cyth4,2,2,4,0,1,1,0,0,0
Elfn2,8,0,0,0,0,0,0,0,0
Mfng,4,1,0,1,1,2,0,0,0
Card10,247,39,16,0,25,3,12,4,8
Cdc42ep1,112,8,10,2,10,11,6,3,3
Lgals2,4,0,0,0,1,0,1,0,0
Gm26634,0,0,0,0,0,0,0,0,0
Gga1,814,99,30,11,57,20,26,8,20
Sh3bp1,228,20,5,5,28,7,14,11,7
1700027A07Rik,1,0,0,0,0,0,1,0,0
Pdxp,28,7,2,3,5,2,3,2,3
Lgals1,45198,6827,2045,1460,4788,1472,1274,909,1237
Nol12,989,103,27,14,50,10,19,17,17
Triobp,747,99,37,3,82,15,29,20,10
AL589670.1,3,0,0,0,1,0,1,0,0
AL589670.3,4,1,0,0,0,0,1,0,0
H1f0,2921,162,49,32,130,67,53,42,39
Gcat,260,57,23,5,16,6,5,5,5
AL589670.4,1,0,0,0,0,0,0,0,0
Ankrd54,335,46,19,9,26,11,8,8,11
Eif3l,2565,296,113,21,143,45,63,35,45
Micall1,333,70,27,6,38,11,27,5,8
1700088E04Rik,44,8,2,0,2,0,3,1,1
Polr2f,2761,455,154,35,173,50,73,43,66
Sox10,41,0,11,6,3,21,4,2,2
Pick1,112,6,3,1,7,3,8,4,8
Pick1-1,7,0,0,0,0,1,0,1,1
Slc16a8,4,0,0,0,0,0,0,0,0
Baiap2l2,5,1,0,0,1,0,2,1,0
Pla2g6,187,16,2,4,12,7,6,1,2
Maff,581,435,136,42,314,76,150,95,67
Tmem184b,1318,134,45,9,81,39,54,16,24
Csnk1e,1446,189,63,17,119,68,66,35,25
Gm16059,3,2,0,0,0,0,0,0,0
Kcnj4,5,0,0,0,0,0,0,0,0
Kdelr3,4092,361,76,47,288,90,82,49,69
Ddx17,2628,374,100,50,212,82,92,74,57
Dmc1,8,1,0,0,3,1,2,0,1
Fam227a,39,3,1,0,2,0,0,1,1
Cby1,414,43,11,11,43,18,12,9,10
Tomm22,2369,368,124,46,180,70,59,65,57
Josd1,472,60,17,6,37,18,19,19,13
Gm26884,3,1,0,0,1,0,1,0,3
Gtpbp1,173,21,7,3,13,5,13,2,8
Sun2,550,80,25,14,55,10,31,13,15
Gm16575,0,0,0,0,0,0,0,0,0
Dnal4,462,49,15,9,47,8,20,9,16
Nptxr,238,29,13,5,25,11,13,4,10
Cbx6,1115,97,26,23,86,42,61,20,26
AC113595.2,2,0,0,1,1,0,0,0,1
AC113595.1,0,0,0,0,0,0,0,0,0
Apobec3,255,34,12,3,16,3,20,9,7
Cbx7,269,18,4,2,11,1,10,4,3
Pdgfb,14,1,2,0,2,6,4,1,0
Rpl3,41151,5667,1559,557,2765,911,998,764,869
Syngr1,4,2,0,0,0,1,1,0,0
Tab1,233,16,2,0,11,8,5,1,5
Mgat3,25,1,2,0,5,3,2,4,2
Mief1,275,22,9,1,15,3,4,3,7
Atf4,5314,1637,564,183,886,206,376,179,195
Rps19bp1,581,112,33,17,51,19,20,16,21
AC123059.1,0,1,1,0,0,0,0,4,0
Enthd1,0,0,0,0,0,0,0,0,0
Grap2,0,1,0,0,0,1,1,2,0
Fam83f,2,4,2,0,4,2,0,4,3
AC147041.1,0,0,0,0,0,0,1,0,0
Tnrc6b,2111,250,83,19,163,64,80,45,58
Adsl,433,76,11,7,25,9,4,13,9
Sgsm3,179,24,6,4,13,6,7,3,3
AC141880.1,1,0,0,0,0,0,0,0,0
Mkl1,360,22,10,4,24,8,13,2,4
Mchr1,18,0,0,0,0,0,0,0,0
AC102334.1,12,2,0,0,0,0,0,1,1
Slc25a17,1095,123,32,19,83,26,34,20,32
St13,3281,706,182,85,350,116,113,115,81
Xpnpep3,250,16,6,5,14,1,2,4,5
Gm17025,41,12,5,1,2,1,0,0,0
Rbx1,4969,820,276,101,427,149,171,122,125
Ep300,743,155,46,26,83,37,41,36,40
L3mbtl2,74,7,3,3,3,4,1,2,3
Chadl,120,13,4,6,20,14,7,5,4
Rangap1,455,87,25,13,44,28,19,11,10
Zc3h7b,789,70,17,8,47,20,22,16,20
Gm17597,0,1,1,1,0,0,0,0,0
Tef,517,83,24,6,28,7,16,12,11
Tob2,949,461,119,50,248,48,105,36,68
AC102103.1,1,0,0,0,0,0,0,0,0
Phf5a,1394,195,67,29,116,46,48,32,38
Aco2,1379,195,44,21,79,41,45,21,26
Polr3h,291,34,12,3,24,13,12,6,7
Csdc2,24,1,1,0,0,1,1,1,1
Pmm1,970,161,44,19,112,39,40,13,32
Xrcc6,229,26,9,6,23,6,10,5,9
Desi1,404,88,25,11,49,18,19,14,10
Snu13,4136,705,211,92,351,112,182,101,137
Mei1,0,0,0,0,0,0,0,0,0
Ccdc134,175,21,9,6,22,7,8,5,1
Srebf2,726,148,34,26,79,30,31,31,29
Shisa8,9,0,0,0,0,0,0,0,0
Tnfrsf13c,1,0,0,0,0,0,4,0,0
Cenpm,108,26,14,7,6,6,6,0,2
Sept3,3,0,3,1,0,0,0,0,0
Naga,1039,128,48,17,113,32,72,46,30
Fam109b,314,20,7,1,16,10,12,6,10
Smdt1,3588,571,197,93,384,148,135,114,110
Ndufa6,3727,466,146,56,246,91,116,70,87
Cyp2d22,383,36,9,1,17,10,10,9,9
Cyp2d40,0,1,1,0,1,0,0,0,0
Cyp2d26,1,1,0,0,0,1,0,1,0
Tcf20,538,60,28,7,33,13,14,14,13
Gm20324,9,1,0,0,0,0,0,0,1
Gm29019,0,1,0,0,0,1,0,1,0
Nfam1,3,1,3,1,0,0,0,0,1
Serhl,568,53,17,6,37,11,13,9,7
Rrp7a,824,104,44,8,51,16,17,18,24
Poldip3,925,146,39,26,72,35,36,35,15
Cyb5r3,4455,676,224,108,304,137,152,77,77
AL591952.3,45,14,1,0,7,0,2,1,0
A4galt,144,48,15,1,5,3,4,4,5
Arfgap3,1333,106,28,7,64,16,20,11,14
1700001L05Rik,12,4,0,0,3,1,1,0,1
Pacsin2,656,75,35,4,48,13,12,8,15
Ttll1,114,20,4,3,10,2,4,4,1
Bik,5,1,0,0,1,2,0,0,0
Mcat,193,17,9,1,9,3,4,1,1
Tspo,6689,1237,429,104,557,134,203,148,171
Ttll12,264,31,7,2,12,5,3,4,5
Scube1,5,0,0,13,18,37,14,21,8
Mpped1,0,0,0,1,0,0,0,1,1
Sult4a1,1,0,0,0,0,0,0,1,0
AL626769.1,0,0,0,0,0,0,0,0,0
Pnpla3,0,0,0,0,0,0,0,1,0
Samm50,1540,192,70,16,96,34,30,18,28
Parvb,50,1,1,2,2,1,1,5,2
Parvg,4,0,1,0,0,1,0,0,0
1810041L15Rik,145,0,0,1,0,1,0,1,0
Rtl6,187,10,2,1,7,0,3,4,3
Prr5,407,34,7,7,17,5,6,6,13
Arhgap8,1,0,0,1,0,0,0,0,0
Phf21b,5,2,4,0,1,1,0,0,0
Gm29666,32,17,7,3,4,5,6,12,14
Nup50,472,101,36,15,54,18,24,14,13
5031439G07Rik,553,78,33,9,35,17,18,5,16
Fam118a,196,13,6,5,16,3,2,4,3
AL583891.1,6,0,0,0,1,1,0,0,0
Fbln1,8085,1076,310,63,644,235,321,75,99
Atxn10,2952,352,94,27,216,71,72,30,49
Wnt7b,0,0,0,0,0,0,0,0,0
AC162302.1,72,3,1,1,1,1,2,1,0
Ppara,21,5,0,0,3,0,0,0,0
Cdpf1,381,54,13,5,28,11,10,7,7
Pkdrej,6,0,0,1,0,1,0,0,0
Ttc38,186,25,7,1,13,6,6,3,3
Gtse1,30,2,2,0,4,1,0,0,0
Trmu,231,13,7,1,12,4,3,0,2
Celsr1,4,0,0,1,1,5,2,0,1
Gramd4,231,27,5,6,18,6,12,9,6
Cerk,694,63,28,6,29,13,15,10,5
Tbc1d22a,189,29,5,2,15,9,14,3,4
AC146911.1,11,3,2,1,4,0,3,0,1
Fam19a5,99,4,2,5,18,19,5,5,6
Brd1,1122,223,66,38,180,56,45,46,39
Zbed4,85,6,3,0,5,1,4,3,3
Alg12,155,21,9,1,8,5,6,3,4
Creld2,600,146,57,13,77,28,31,24,19
Pim3,515,321,101,35,183,24,76,48,34
Ttll8,6,1,0,1,3,0,2,0,0
1810021B22Rik,42,3,1,1,0,2,3,0,0
Trabd,608,74,25,6,46,12,14,12,16
Selenoo,310,28,8,1,19,6,2,6,8
Tubgcp6,107,11,3,1,10,2,5,0,2
Hdac10,169,16,8,4,9,2,5,5,2
Mapk12,357,41,12,5,30,2,7,4,14
Mapk11,69,8,3,2,4,2,0,0,1
Plxnb2,1278,119,45,17,76,59,33,37,15
Dennd6b,28,1,0,1,3,0,2,1,1
Ppp6r2,411,45,15,11,41,14,17,9,13
Gm26798,4,2,0,0,1,0,0,0,0
Sbf1,545,73,16,10,31,16,16,12,9
Adm2,1,0,0,0,0,0,0,0,0
Lmf2,736,75,17,16,48,15,35,6,8
Ncaph2,922,103,42,9,55,24,24,13,21
Sco2,498,58,15,5,22,7,7,4,6
Odf3b,0,0,0,0,0,0,1,0,1
Cpt1b,2,0,1,1,0,0,0,1,0
Chkb,392,69,25,21,57,25,34,12,20
C730034F03Rik,91,14,2,4,11,6,5,1,4
Mapk8ip2,3,0,0,0,0,2,0,0,0
Arsa,632,120,34,9,62,21,27,8,15
C230037L18Rik,21,1,0,0,1,0,0,0,0
Shank3,18,4,0,3,9,3,4,0,0
Rabl2,208,28,4,4,14,7,6,1,2
Alg10b,586,59,16,10,31,23,13,10,6
Cpne8,1787,260,68,11,104,33,57,32,39
Kif21a,107,42,18,2,23,20,6,14,5
Abcd2,339,32,8,2,26,3,5,5,1
Slc2a13,403,20,9,4,16,8,3,1,7
Lrrk2,583,47,8,4,26,10,9,11,15
Smgc,2,3,1,2,2,0,0,0,0
Cntn1,77,0,1,10,4,7,13,6,8
Gm26760,1,0,0,1,2,1,0,0,0
Pdzrn4,2,0,0,0,5,0,0,0,2
Gxylt1,723,126,37,6,61,20,24,15,20
Yaf2,530,87,30,20,63,26,35,18,20
Zcrb1,2038,254,84,43,182,58,58,52,60
Pphln1,323,30,16,4,26,7,9,8,7
Prickle1,743,44,17,9,24,11,11,4,3
AC109617.1,1,0,0,0,0,0,0,0,0
Adamts20,17,0,0,11,23,3,2,7,2
Pus7l,100,13,1,0,6,2,2,1,2
Irak4,205,38,10,3,14,4,5,6,9
Twf1,1944,204,78,12,102,42,39,17,23
Tmem117,25,2,2,0,0,0,2,0,0
Nell2,4,1,0,0,1,1,0,0,0
Dbx2,17,10,0,0,2,0,1,1,0
Gm49169,2,1,2,0,0,0,0,0,0
A130051J06Rik,32,7,3,0,5,1,2,0,0
Ano6,1158,189,60,16,105,42,40,32,45
Gm17546,2,1,0,0,0,0,0,0,0
2610037D02Rik,406,81,24,7,42,13,13,9,14
Arid2,981,128,39,22,80,29,38,33,20
Scaf11,2585,291,80,18,163,57,69,65,44
Slc38a1,21,2,3,4,2,2,1,1,2
Slc38a2,5045,1893,700,252,1236,323,545,141,265
Slc38a4,57,10,4,1,12,0,2,2,2
AC158554.1,4,6,2,1,4,1,3,1,5
Amigo2,45,8,1,0,4,0,1,0,1
Pced1b,75,5,3,2,13,1,5,3,1
Rpap3,341,50,15,2,14,7,7,11,10
Endou,44,4,1,0,4,2,3,2,2
Rapgef3,155,9,5,0,8,5,1,3,1
Rapgef3os2,8,1,0,0,0,0,1,0,0
Slc48a1,1625,239,45,19,77,34,50,21,21
Hdac7,1930,140,45,11,110,29,32,35,36
Vdr,615,58,25,5,20,18,15,12,6
Tmem106c,478,52,22,7,45,18,15,16,16
Senp1,403,38,12,5,21,11,6,7,11
Pfkm,157,16,5,3,14,5,5,2,2
Gm26513,2,1,0,0,0,0,0,0,0
Asb8,407,32,11,0,18,4,5,5,8
Ccdc184,0,0,0,0,0,2,0,0,0
Olfr286,1,0,1,0,0,0,0,0,0
Zfp641,40,2,0,0,1,0,1,1,2
OR5BS1P,0,0,0,0,0,0,0,0,1
Olfr279,1,2,2,0,0,0,1,0,0
Kansl2,961,111,45,13,76,24,26,22,17
Ccnt1,948,231,92,28,129,44,52,40,30
9330020H09Rik,43,8,8,1,3,2,4,1,3
4930415O20Rik,0,0,0,0,0,0,0,0,0
Adcy6,381,35,12,8,32,11,10,11,15
Cacnb3,627,65,18,11,41,19,22,12,10
Ddx23,218,50,15,7,40,9,12,12,11
Rnd1,659,99,23,8,45,38,19,4,6
Fkbp11,2247,288,65,25,262,44,42,32,42
Arf3,1359,150,47,9,77,22,29,20,19
Wnt10b,10,4,1,2,6,0,0,2,3
Wnt1,1,0,0,0,1,0,0,1,0
Ddn,1,0,0,0,1,1,1,0,0
B130046B21Rik,2,0,1,0,1,0,0,1,3
Prkag1,1166,89,23,8,47,15,30,6,12
Kmt2d,337,66,24,14,57,20,20,21,16
AC161165.6,35,2,1,0,3,1,5,0,3
Rhebl1,88,12,5,1,9,2,2,3,4
Dhh,9,0,0,3,2,6,1,1,1
Lmbr1l,232,32,10,8,19,10,12,8,8
Tuba1b,4392,1387,560,135,628,220,273,132,142
AC161165.3,4,0,0,1,0,0,0,0,0
Tuba1a,17320,2464,742,296,1616,563,743,353,353
Tuba1c,556,396,140,32,148,74,57,33,33
Prph,1,5,0,2,0,0,0,0,0
Troap,17,1,0,0,1,5,0,0,0
Spats2,528,71,21,10,49,17,26,18,15
Kcnh3,9,0,0,0,0,2,0,0,0
Mcrs1,775,101,35,10,61,22,22,17,21
Prpf40b,181,17,5,1,19,10,8,3,5
Fmnl3,140,13,5,9,14,10,3,3,1
Tmbim6,5090,888,258,104,479,188,232,108,102
Nckap5l,132,39,18,6,58,14,15,10,5
Nckap5los,3,0,0,0,1,0,0,0,0
Bcdin3d,116,8,2,0,5,8,4,1,4
Faim2,10,1,0,0,0,0,0,1,0
Aqp2,2,0,1,0,0,1,0,0,0
Aqp5,26,0,0,1,1,3,0,3,0
Racgap1,196,15,15,8,17,23,4,1,3
Asic1,3,0,0,1,0,0,1,1,1
Smarcd1,264,39,19,8,16,10,12,14,12
AC134548.2,3,1,0,0,1,0,0,0,1
Gm16537,28,3,2,0,0,0,1,1,4
Gpd1,28,3,1,0,1,1,0,1,0
Cox14,1986,291,70,26,139,63,45,35,34
Cers5,1137,136,52,20,64,28,44,18,21
Gm17058,1,0,0,0,1,0,0,0,0
Lima1,3572,516,132,34,267,77,128,99,72
Gm17057,21,3,3,0,4,0,1,2,1
Gm21917,3,1,3,0,4,0,2,0,1
Larp4,1189,241,73,25,144,47,63,26,50
2310068J16Rik,25,6,1,1,5,2,0,2,2
Dip2b,413,54,21,7,41,12,16,6,17
Atf1,986,221,71,12,114,44,45,29,28
Mettl7a1,961,115,23,3,26,17,12,7,9
Mettl7a3,2,4,0,1,0,0,3,5,9
Slc11a2,632,142,43,5,52,23,45,9,9
Gm5475,10,0,1,0,1,1,0,0,0
Letmd1,345,29,12,3,16,5,8,5,8
Csrnp2,74,31,7,6,11,11,8,5,5
Tfcp2,207,21,4,4,12,5,5,7,1
Pou6f1,152,7,6,4,23,4,3,5,6
Gm27209,0,0,0,0,0,0,0,2,1
AC123724.1,14,0,1,1,0,0,0,0,0
Dazap2,2630,258,95,28,140,56,66,32,39
Smagp,3,0,0,0,3,0,0,2,1
Bin2,0,4,2,0,0,0,0,0,0
Cela1,39,1,2,2,7,2,0,2,0
Galnt6,14,0,0,1,0,7,0,1,0
Slc4a8,16,2,0,0,1,3,0,0,0
Scn8a,5,1,0,0,5,2,0,0,1
Fignl2,56,21,4,2,9,3,4,1,4
Acvrl1,1105,167,39,8,86,33,44,22,24
Acvr1b,302,43,20,2,10,6,13,5,6
A330009N23Rik,32,1,2,2,0,0,0,1,0
Grasp,926,107,39,41,148,21,71,31,32
Nr4a1,3211,2215,797,195,1158,247,615,240,273
Atg101,608,115,22,26,64,26,31,23,14
6030408B16Rik,201,11,0,1,6,3,2,6,10
AC163018.1,5,5,0,0,0,0,0,0,0
Krt80,17,10,4,0,3,1,1,4,1
Krt7,9,0,0,0,0,1,0,0,0
Krt87,0,0,0,0,0,0,0,0,0
Krt86,0,0,0,0,0,0,0,0,0
Krt83,0,0,0,0,0,0,0,0,0
AC103674.4,2,0,0,0,0,0,0,0,0
Krt90,0,0,0,0,0,0,0,0,0
Krt75,0,0,0,0,0,1,0,0,0
Krt6b,1,0,0,0,0,0,0,0,0
Krt6a,1,0,0,0,0,0,1,0,0
Krt5,0,0,0,1,0,4,1,1,5
Krt71,4,0,0,0,1,1,0,0,0
Krt73,0,0,0,0,0,0,0,0,0
Krt1,6,0,0,1,1,2,0,1,2
Krt77,1,0,0,0,0,0,0,0,0
Krt76,0,0,0,0,0,0,0,0,0
Krt4,0,0,0,0,0,0,0,0,0
Krt79,13,0,0,5,0,1,2,0,2
Krt78,4,0,0,0,0,0,0,0,0
Krt8,22,0,0,0,3,0,0,1,2
Krt18,0,0,0,0,1,0,0,0,0
Eif4b,3763,432,170,29,206,66,67,53,67
Tns2,953,116,32,14,83,22,29,22,21
Spryd3,593,66,14,8,32,8,13,11,15
Igfbp6,12050,1748,547,52,1717,189,405,324,318
Soat2,13,3,1,2,1,0,2,3,2
Csad,542,57,25,17,54,34,26,24,28
Zfp740,624,66,22,8,55,21,30,14,19
Itgb7,12,2,4,2,5,3,1,4,3
Rarg,962,93,36,13,76,39,31,22,25
Gm9918,3,0,0,0,0,0,0,1,1
Mfsd5,650,107,25,5,38,19,12,11,14
Espl1,62,0,7,0,6,2,3,1,2
Pfdn5,10184,1150,373,157,783,247,319,211,248
Myg1,524,84,23,6,35,9,18,8,17
Aaas,143,16,8,2,7,3,8,4,1
Sp7,12,1,0,0,2,4,1,1,0
Sp1,1154,106,42,10,58,25,29,25,17
Amhr2,71,7,3,4,5,1,1,0,5
Gm26518,181,130,40,10,59,21,28,5,6
Prr13,2982,508,141,23,223,49,68,51,68
Pcbp2,8110,1354,398,122,616,199,271,132,196
Map3k12,218,44,11,8,22,9,19,11,1
Tarbp2,343,60,20,6,33,15,10,7,6
Npff,7,1,0,1,1,3,1,1,0
Atf7,1142,81,26,17,48,30,27,13,14
AC123870.1,4,0,0,0,0,0,0,0,0
Atp5g2,7382,1163,389,175,763,247,258,192,221
Calcoco1,509,45,15,5,21,11,20,9,7
Hoxc13,3,0,0,0,0,0,0,0,0
Hotair,5,0,0,0,0,0,0,0,0
Hoxc11,54,0,0,0,0,0,0,0,1
Hoxc10,1450,9,3,0,0,1,0,1,3
Hoxc5,125,14,4,3,4,1,3,1,3
Hoxc9,1262,76,6,8,36,12,16,16,14
Hoxc8,2070,186,55,48,197,83,77,83,69
Hoxc6,1045,86,29,25,62,32,37,20,16
Hoxc4,323,50,21,6,30,12,18,9,22
D930007P13Rik,0,0,1,0,1,1,0,0,0
Smug1,124,7,5,2,5,4,1,2,5
Cbx5,1117,81,30,30,73,31,28,24,21
Hnrnpa1,4439,772,296,119,439,145,152,141,163
Nfe2,1,0,0,0,1,0,0,0,0
Copz1,1626,195,72,25,133,48,59,29,46
Gpr84,22,6,2,0,4,2,1,2,1
Zfp385a,1097,134,64,5,88,16,22,13,23
Itga5,1555,293,90,11,133,33,47,21,30
Gtsf1,0,0,0,0,0,0,0,0,0
Nckap1l,2,3,9,0,1,0,4,0,0
Pde1b,15,3,2,1,2,1,1,0,2
Ppp1r1a,17,0,0,0,3,1,0,1,0
Mucl1,1,0,0,0,0,0,0,0,0
AC191865.2,0,0,0,0,0,0,0,0,0
Mefv,2,0,5,0,2,3,1,0,0
Zfp263,332,26,18,6,25,12,7,10,10
AC139347.1,3,1,1,0,0,1,1,1,1
Zfp174,27,4,1,0,1,1,1,0,0
Zfp597,140,14,6,1,22,6,7,5,8
Naa60,391,48,17,7,30,13,15,15,9
1700037C18Rik,41,12,0,3,3,2,1,0,0
Cluap1,368,44,11,5,41,11,14,6,4
Gm15537,1,0,0,0,1,0,0,0,0
Nlrc3,16,4,2,0,3,2,2,3,3
Slx4,118,12,2,2,12,3,6,2,1
Gm15879,7,3,1,0,0,0,0,0,0
Trap1,552,83,23,10,55,11,16,13,10
Crebbp,1881,293,75,33,168,67,78,38,64
Adcy9,243,21,4,0,13,8,4,3,3
Srl,18,1,0,1,1,1,1,0,3
Tfap4,183,14,11,2,14,3,1,2,6
Glis2,644,58,19,4,44,15,30,17,13
Pam16,944,169,43,22,88,24,37,26,36
Coro7,281,38,13,4,31,3,8,12,4
Vasn,1963,623,185,36,341,72,126,51,56
Dnaja3,417,45,10,4,22,13,7,4,7
Nmral1,135,12,7,4,10,3,4,4,5
Hmox2,769,106,37,22,69,19,31,12,29
Gm15859,3,3,1,1,1,0,0,0,0
Cdip1,806,56,36,10,60,18,24,24,18
4930562C15Rik,2,1,0,1,0,0,1,0,2
Ubald1,488,51,10,14,40,11,11,14,17
Mgrn1,729,98,34,7,44,26,21,12,15
Gm16861,18,1,1,0,0,1,0,1,1
Nudt16l1,432,46,13,10,16,8,10,9,12
Anks3,458,30,10,4,31,7,7,10,6
Smim22,0,0,0,0,0,0,0,0,0
Gm42477,0,1,0,0,0,0,0,0,0
Rogdi,166,23,5,1,7,1,8,3,6
Glyr1,1287,177,48,18,87,36,37,27,21
Ubn1,1504,336,93,62,196,55,81,59,52
Ppl,451,103,23,3,34,4,16,5,17
Nagpa,265,47,18,3,29,11,13,3,2
AU021092,0,0,0,0,1,0,0,0,0
Alg1,457,78,20,6,40,17,18,7,6
Eef2kmt,545,61,21,4,30,17,16,11,9
Gm15983,0,0,0,0,0,0,0,0,0
AC124490.1,0,0,0,0,0,0,0,0,0
Rbfox1,7,0,0,0,0,0,0,1,0
Mettl22,117,10,3,3,7,3,3,1,0
Abat,231,13,5,0,8,14,6,5,1
Tmem186,120,8,0,1,4,3,1,0,0
Pmm2,521,55,28,10,29,17,13,14,14
Carhsp1,2347,354,114,16,156,39,54,33,39
Usp7,1490,191,70,21,141,40,55,35,36
1810013L24Rik,719,203,67,21,95,42,55,34,25
Rpl39l,1237,262,120,16,105,37,28,48,56
Atf7ip2,3,1,1,0,0,0,0,0,0
Emp2,1277,132,50,40,91,86,61,24,36
Tekt5,0,0,0,0,0,0,1,0,0
Nubp1,526,83,26,11,51,12,16,6,8
Tvp23a,69,5,5,0,4,4,3,3,1
Ciita,2,0,0,0,1,0,0,0,0
Dexi,465,62,25,5,48,19,15,8,13
Clec16a,143,15,5,4,12,1,5,0,2
Gm15558,0,0,0,0,0,0,1,0,0
Socs1,582,535,190,45,217,85,175,25,41
Tnp2,0,0,0,0,0,0,0,0,0
Prm3,2,0,0,0,1,0,0,0,1
Prm1,0,0,0,0,0,0,0,0,0
Gm26822,0,1,2,0,0,0,0,1,1
Rmi2,13,13,2,1,4,9,3,2,3
Gm21859,5,12,4,1,8,1,2,0,0
Litaf,3699,927,247,71,497,157,266,90,110
Gm4262,72,4,1,0,4,1,1,2,0
Snn,241,16,6,2,15,4,11,3,3
Txndc11,783,112,43,10,58,28,15,19,18
Zc3h7a,1714,220,72,28,118,41,50,32,31
4930509G22Rik,9,3,0,0,1,0,0,0,1
Rsl1d1,1846,245,63,26,143,52,58,34,52
2610020C07Rik,23,2,3,2,1,1,2,1,1
Gspt1,1660,374,105,34,176,55,71,49,40
Tnfrsf17,0,1,0,0,0,0,0,0,0
Snx29,355,27,8,3,33,2,6,2,5
AC154509.1,2,0,0,0,0,0,2,0,1
Cpped1,442,41,13,2,24,10,9,4,2
Gm9961,0,0,0,0,0,0,0,0,0
Shisa9,4,0,0,3,5,8,11,5,2
Ercc4,154,19,6,3,10,2,7,2,5
Mkl2,450,54,10,7,35,8,19,16,13
2310015D24Rik,1,0,0,0,1,0,0,0,0
Parn,517,26,11,4,25,7,22,8,6
Bfar,1306,167,47,20,99,30,53,17,21
3110001I22Rik,57,18,2,3,7,3,3,3,2
Rrn3,378,59,17,6,45,16,12,5,8
Ntan1,2045,292,65,35,179,66,86,41,44
Pdxdc1,1362,167,48,16,80,18,39,12,22
Mpv17l,76,46,21,2,7,4,6,5,3
Ifitm7,6,1,0,0,0,0,1,0,1
2900011O08Rik,5,0,0,0,0,0,0,0,0
Marf1,767,83,29,15,70,17,43,26,30
Nde1,456,49,13,4,31,19,10,11,17
Myh11,22,1,0,0,0,0,0,0,0
Fopnl,927,75,24,7,53,15,27,15,19
Abcc1,663,81,28,5,34,14,21,14,11
Snai2,630,41,17,5,34,17,22,16,12
Efcab1,0,0,0,0,2,0,1,0,1
Gm21897,0,1,0,1,0,0,0,0,0
Ube2v2,1280,230,54,23,103,68,36,33,32
Mcm4,191,24,14,4,28,11,12,15,5
Prkdc,185,21,4,3,14,2,6,7,3
Mzt2,694,103,22,8,55,21,35,20,26
Cebpd,14504,4843,1353,303,2769,796,1367,631,627
Spidr,421,62,17,4,29,10,12,7,6
Pkp2,15,4,0,0,2,3,0,0,0
Yars2,182,29,12,3,17,1,4,6,7
Dnm1l,685,109,41,14,62,18,25,15,16
AC112943.2,0,0,0,0,0,0,0,0,0
Fgd4,441,31,8,1,21,13,4,13,8
Vpreb1,18,2,0,0,2,1,0,0,1
Top3b,479,31,11,1,27,11,10,6,10
Ppm1f,191,15,10,1,17,11,7,3,4
Mapk1,2066,235,73,28,128,33,41,46,48
1700056N10Rik,9,5,2,3,4,1,1,2,2
Ypel1,91,21,5,3,17,11,11,2,0
Ppil2,849,64,18,9,45,18,25,12,15
AC154667.1,1,0,1,0,0,0,0,0,0
2610318N02Rik,1,0,0,0,1,0,3,0,0
Sdf2l1,415,222,73,13,83,23,21,21,23
Ccdc116,4,0,1,0,1,0,0,0,1
Ydjc,56,8,1,2,8,6,1,3,4
Ube2l3,3135,390,125,39,201,81,94,56,60
Rimbp3,2,0,0,0,0,0,0,0,0
Hic2,133,33,5,4,17,0,3,2,6
Tmem191c,46,10,0,1,5,2,3,5,3
Pi4ka,615,78,30,2,51,25,10,17,14
Serpind1,5,0,0,0,0,0,1,0,0
Snap29,270,43,11,7,50,8,9,7,10
Crkl,539,66,33,7,39,21,24,8,10
Aifm3,0,1,1,0,0,0,0,0,0
Lztr1,611,87,20,3,50,24,16,8,11
Thap7,474,40,9,5,21,6,12,10,8
Lrrc74b,2,0,3,0,0,0,0,1,0
P2rx6,5,2,1,0,0,0,1,0,0
Slc7a4,23,5,0,1,1,2,1,0,1
Smpd4,234,32,5,5,16,7,7,5,2
Ccdc74a,373,11,3,2,16,14,9,3,4
Med15,1004,74,47,7,52,14,20,13,14
Klhl22,685,39,25,4,31,11,18,7,12
Scarf2,2853,294,62,40,203,106,122,43,68
Dgcr2,883,82,25,9,39,19,16,7,16
Dgcr14,252,11,6,2,18,12,7,8,8
Slc25a1,701,82,18,5,46,16,19,12,14
Dgcr6,906,135,42,15,73,28,25,23,30
Prodh,29,5,1,0,7,1,0,0,0
Rtn4r,601,37,10,7,39,3,14,3,13
4933432I09Rik,16,4,0,0,0,0,1,0,0
Zdhhc8,1171,95,30,13,66,31,40,19,19
Ranbp1,3613,634,210,77,271,77,83,79,82
Trmt2a,318,31,9,5,21,8,9,7,8
Dgcr8,334,21,7,4,20,7,3,4,4
Tango2,726,71,13,5,29,6,14,14,17
Arvcf,536,34,13,2,19,4,15,2,4
Comt,4089,490,156,80,425,138,171,199,294
Txnrd2,188,40,14,3,22,4,6,7,3
Gnb1l,52,5,4,0,4,1,2,2,2
Rtl10,0,0,0,0,0,0,0,0,0
Tbx1,378,2,1,0,0,2,0,1,2
Gp1bb,9,1,0,0,4,0,1,0,0
Sept5,69,9,5,5,8,5,2,3,1
Cldn5,4,0,0,0,0,0,0,0,0
Cdc45,86,6,1,4,3,0,1,2,0
Ufd1,1046,100,40,7,52,17,20,16,17
2510002D24Rik,425,33,12,3,21,10,15,8,9
Mrpl40,731,93,34,6,46,21,15,12,11
Hira,326,30,14,6,21,6,12,5,6
Iglc1,0,0,0,0,0,0,0,0,0
Iglc3,0,0,0,0,0,0,0,0,0
Iglc2,1,0,0,0,0,0,0,0,0
Lamp3,1,0,1,0,0,0,0,0,1
B3gnt5,5,0,2,2,1,0,0,0,0
A930003A15Rik,2,0,0,0,0,0,1,0,0
Klhl6,0,0,4,0,0,0,7,1,0
Klhl24,1738,115,38,15,93,43,37,35,31
Yeats2,632,62,12,10,36,10,15,17,31
Map6d1,3,0,0,0,0,0,2,0,0
Parl,1134,119,35,14,76,27,28,14,23
Cyp2ab1,0,0,0,1,0,1,3,0,0
Abcc5,869,70,17,12,89,35,37,32,22
Eif2b5,558,67,16,4,24,13,7,4,5
Gm16618,0,0,0,0,2,0,0,0,0
Dvl3,618,64,16,2,30,13,14,4,17
Ap2m1,3184,408,143,42,205,102,83,56,50
Abcf3,426,61,9,4,24,11,12,8,12
AC087898.2,4,1,0,0,1,0,1,0,0
Vwa5b2,0,1,0,1,0,0,0,1,0
Alg3,229,28,12,3,13,4,10,3,4
Eef1akmt4,140,21,7,3,13,1,4,2,4
Camk2n2,130,21,9,4,17,4,2,4,2
Ece2,40,1,0,1,3,3,0,0,0
Psmd2,2405,368,104,34,142,53,63,42,41
Eif4g1,3185,459,127,47,251,75,98,65,60
Fam131a,88,9,3,1,5,3,6,1,1
Clcn2,41,6,1,2,10,2,1,5,1
Polr2h,703,103,26,15,66,22,23,13,21
Thpo,7,1,0,1,0,0,1,0,0
Chrd,257,26,4,3,27,8,8,7,4
Teddm3,0,0,0,0,0,0,0,0,0
Ephb3,829,52,18,9,53,22,31,9,9
Gm16863,3,0,0,0,0,0,0,0,0
Vps8,328,31,6,1,16,8,8,2,6
2510009E07Rik,1146,84,35,7,43,17,27,18,23
Ehhadh,31,5,2,0,2,2,1,0,0
1300002E11Rik,567,61,18,8,38,13,16,15,17
Map3k13,11,0,0,0,0,0,0,1,0
Tmem41a,268,31,16,6,13,4,6,6,5
Liph,3,2,1,0,1,0,0,1,2
Senp2,811,197,52,24,105,39,66,24,24
Igf2bp2,410,129,40,13,68,33,39,24,18
Tra2b,3551,807,265,92,461,177,229,108,128
Etv5,190,23,3,1,10,7,6,5,9
Dgkg,2,0,0,0,0,0,0,0,0
Gm15651,2,0,0,0,0,0,0,0,0
Crygs,2,0,1,0,0,0,0,0,1
Tbccd1,231,28,9,1,9,6,6,4,4
Dnajb11,1772,328,119,28,187,68,73,43,51
Fetub,14,20,0,0,1,0,0,0,0
Kng2,50,15,24,1,3,3,9,0,0
Eif4a2,3494,573,179,83,364,117,252,95,111
Rfc4,226,36,11,3,12,7,3,6,8
Adipoq,98,0,0,1,4,0,0,0,0
B630019A10Rik,4,0,0,0,0,0,0,0,0
St6gal1,163,12,6,3,15,5,7,4,1
Masp1,2215,411,106,15,59,25,80,16,24
Rtp4,219,150,25,2,74,9,24,11,9
Bcl6,250,63,29,8,46,14,27,16,14
AC169509.3,0,0,0,0,0,0,0,0,0
Lppos,251,30,8,6,23,11,11,3,8
Lpp,4626,460,119,48,248,98,104,59,61
A230028O05Rik,10,0,0,0,0,0,0,1,0
Tprg,1,0,0,0,0,0,0,0,0
Trp63,81,5,3,2,3,1,6,0,1
P3h2,15,1,1,1,4,9,4,0,0
Cldn1,95,7,9,0,7,1,2,1,3
Il1rap,1667,169,69,8,69,27,42,12,22
Gmnc,8,0,0,0,0,0,1,0,0
Ostn,9,0,0,0,0,0,0,0,0
Ccdc50,2817,351,86,22,148,66,73,50,60
Fgf12,81,9,4,1,3,3,3,2,4
Mb21d2,127,10,3,1,2,5,2,3,1
Hrasls,21,0,0,1,0,0,0,0,1
Atp13a4,0,0,0,0,0,0,0,0,0
Opa1,655,70,18,4,37,13,15,3,8
AC154438.1,3,0,0,0,0,0,0,0,0
Gm26569,17,5,2,0,1,3,1,1,1
4632428C04Rik,1,0,0,0,0,1,0,0,1
Hes1,3676,1042,406,56,528,149,168,194,201
Gm26562,4,0,1,0,1,1,0,0,0
Cpn2,2,0,0,0,3,0,0,0,0
Lrrc15,2123,17,0,65,203,97,44,8,73
Gp5,1,0,1,0,4,0,0,0,0
Atp13a3,983,248,99,22,133,41,48,28,27
Tmem44,25,5,0,1,2,5,1,2,0
Lsg1,431,60,13,12,25,15,17,8,8
Fam43a,470,115,41,4,38,22,14,9,13
AC163720.3,14,9,2,5,1,1,1,15,0
AC126280.1,4,0,0,0,0,0,0,0,0
Xxylt1,753,99,15,6,45,13,26,11,18
Acap2,1640,161,56,16,75,31,24,31,27
AC130815.3,51,5,1,0,2,1,3,2,0
Ppp1r2,3229,599,212,42,283,119,199,100,88
AC130815.2,70,29,3,2,11,1,10,11,13
Apod,14627,6729,1592,110,2580,1491,698,1577,839
Bdh1,26,2,1,0,0,0,0,1,0
Gm15743,2,0,0,0,0,0,0,0,0
AC161376.2,6,0,0,0,0,1,0,0,1
AC126055.1,12,1,1,0,0,0,3,0,2
Dlg1,1039,116,33,9,61,37,24,19,29
Meltf,1,0,0,1,0,0,0,0,0
Pigz,22,3,2,0,2,0,1,0,0
0610012G03Rik,1798,187,56,29,156,53,50,33,34
Ncbp2,888,162,58,22,90,32,30,18,32
Senp5,467,52,29,10,28,22,20,10,5
Pak2,1740,252,68,26,122,50,69,41,34
Pigx,1021,125,30,14,71,23,22,18,13
Cep19,185,24,8,1,15,5,1,1,7
Gm15729,0,0,0,0,0,0,0,0,0
Nrros,0,1,4,2,2,2,1,1,1
Bex6,0,0,0,0,0,0,0,1,0
Fbxo45,273,38,10,3,25,3,7,5,3
Wdr53,141,10,5,1,15,3,7,2,3
Smco1,2,0,0,0,0,0,0,1,0
Rnf168,287,24,11,10,27,9,9,6,4
Ubxn7,459,54,17,11,38,26,19,11,8
Tm4sf19,1,0,0,0,0,0,0,0,0
Tctex1d2,451,81,27,6,33,11,7,11,8
Pcyt1a,953,159,38,6,68,30,33,14,13
Zdhhc19,2,2,0,0,0,0,0,1,0
AC140186.1,0,1,0,0,0,0,0,0,1
Tfrc,158,45,16,3,15,5,8,4,2
Tnk2,249,22,9,2,19,7,5,6,5
Rubcn,239,25,8,6,16,10,5,4,10
Fyttd1,1206,189,54,33,106,47,46,24,30
Lrch3,815,78,26,4,41,15,25,15,14
Iqcg,1,2,0,0,1,1,0,1,1
Rpl35a,54236,9197,2780,952,4811,1482,1731,1274,1540
Lmln,57,3,1,1,7,3,1,4,4
Osbpl11,477,55,20,5,38,20,14,9,7
Snx4,1290,115,45,18,69,34,32,24,20
Zfp148,1465,159,60,20,96,27,42,32,30
Slc12a8,23,3,1,1,2,0,0,0,0
Heg1,2066,241,117,6,245,65,49,26,28
Gm15657,0,0,0,0,0,0,0,0,0
Muc13,1,8,2,0,4,3,2,2,1
Itgb5,3917,498,140,34,260,103,125,30,65
Umps,495,38,17,1,27,6,3,4,12
Gm15829,0,1,1,0,2,1,1,0,0
Kalrn,93,4,2,3,10,9,11,5,3
Ccdc14,51,1,3,0,5,1,1,2,2
Mylk,894,81,23,10,90,38,64,19,37
AC110166.1,2,0,0,0,1,0,0,0,0
Hacd2,565,104,31,9,72,20,32,11,10
Adcy5,198,20,11,3,10,4,5,1,1
Sec22a,578,51,9,10,28,13,6,14,10
Pdia5,681,99,23,7,82,29,14,9,10
Sema5b,0,0,0,0,2,0,0,0,0
Dirc2,1036,144,51,8,74,22,28,18,16
Hspbap1,139,23,2,2,10,9,5,2,1
Gm26838,0,0,1,0,0,0,1,0,0
Parp14,460,134,41,3,73,19,51,4,12
Dtx3l,271,59,20,6,28,8,5,4,6
Parp9,344,83,23,7,38,7,20,7,10
Gm15564,17,5,1,0,5,5,0,0,3
Kpna1,577,154,35,6,55,25,35,7,22
Wdr5b,60,9,0,0,2,1,1,1,0
Fam162a,2315,272,70,34,212,54,66,35,48
Ccdc58,418,71,15,9,40,9,13,7,12
Csta1,2,0,0,0,0,1,0,0,0
Stfa2l1,3,0,0,0,0,1,0,0,0
Gm5483,115,6,2,0,0,1,0,1,0
Gm5416,3,0,0,0,0,0,0,0,0
2010005H15Rik,78,2,0,0,0,0,0,0,0
Stfa1,0,0,0,0,0,1,0,0,0
BC117090,0,0,0,0,0,0,0,0,0
BC100530,2,0,1,0,1,1,2,0,0
Stfa2,1,0,0,0,0,0,1,0,0
Stfa3,34,8,0,1,0,1,0,0,0
Casr,0,0,0,0,0,0,0,0,0
AC117662.4,0,1,0,0,0,0,0,0,0
Cd86,2,1,5,1,2,1,1,0,0
Ildr1,0,0,0,0,0,0,1,0,0
Slc15a2,36,11,4,4,23,3,2,4,3
Eaf2,32,2,2,1,1,1,0,1,1
Iqcb1,194,37,10,5,30,6,13,5,7
Golgb1,1749,160,44,32,133,56,53,23,36
Hcls1,3,3,6,0,2,4,1,1,2
Polq,17,0,0,1,0,0,1,0,0
Gtf2e1,207,15,6,3,6,3,7,3,5
Rabl3,196,13,5,0,5,4,5,1,3
Hgd,2,1,0,0,0,0,0,0,0
Ndufb4,3040,512,180,62,273,118,93,78,83
Fstl1,40075,4204,1207,268,2862,1068,1183,515,647
Gm36028,0,0,0,0,0,0,1,0,0
Lrrc58,3592,415,121,50,203,66,95,53,76
Gpr156,2,0,0,0,0,1,0,0,0
Gsk3b,3014,325,92,57,211,98,117,77,82
Maats1,0,1,2,0,0,0,0,3,0
Cox17,742,281,120,43,140,55,66,38,32
Popdc2,19,0,1,0,1,0,0,1,1
Pla1a,1035,146,22,3,153,27,13,60,26
Adprh,1350,176,71,27,157,52,54,49,42
D930030I03Rik,13,2,0,2,0,0,1,1,0
Cd80,9,1,4,0,5,0,0,0,0
Timmdc1,122,27,12,5,17,4,2,5,7
Poglut1,481,53,16,4,32,7,14,7,11
Tmem39a,761,122,33,12,70,33,24,10,24
Gm17103,2,5,1,0,1,1,0,1,0
Arhgap31,656,84,23,23,62,40,28,14,16
B4galt4,122,23,7,1,13,3,3,2,6
Igsf11,7,2,1,1,1,8,1,2,2
Lsamp,1053,74,36,3,25,16,24,11,20
Gap43,537,19,12,4,13,46,19,0,3
Zbtb20,22083,2461,681,114,1253,468,691,291,312
AC161607.1,126,14,5,2,19,1,8,4,1
Gm9968,13,0,1,0,0,0,0,0,0
Tigit,0,0,0,0,0,0,0,0,0
AC154408.2,0,1,0,0,1,0,0,0,0
Qtrt2,141,22,7,5,7,11,7,12,8
Ccdc191,133,18,10,0,3,3,5,4,5
Zdhhc23,0,0,0,0,0,1,0,1,0
Gramd1c,27,1,1,0,2,0,1,2,0
Atp6v1a,1133,211,67,14,153,38,59,22,26
Naa50,1636,314,115,41,156,62,72,40,50
Usf3,293,34,9,2,18,6,13,9,6
Sidt1,1,0,0,0,0,0,0,0,0
Gm26732,0,0,0,0,0,0,0,0,0
Spice1,153,14,7,3,7,4,6,5,5
Boc,752,113,35,9,32,21,46,14,9
Nepro,151,36,9,2,9,7,7,1,4
Gtpbp8,240,20,8,4,23,8,2,2,4
Cd200r1,2,0,0,0,0,0,0,0,0
Cd200r4,2,0,0,0,0,0,0,0,0
Cd200r3,2,0,0,0,0,0,0,0,0
Ccdc80,19247,1837,371,101,852,357,417,187,251
Slc35a5,414,42,16,5,24,12,22,5,12
Atg3,1801,229,86,35,124,52,39,40,46
Btla,9,0,0,0,3,2,3,0,1
Cd200,155,12,3,20,49,41,22,19,23
Gm609,0,0,0,0,0,0,1,0,0
Gcsam,0,0,0,0,0,0,0,0,0
BC016579,1,1,0,0,1,2,0,0,0
Tmprss7,0,2,0,0,0,2,1,0,0
Tagln3,3,0,0,11,16,1,3,12,2
Abhd10,219,29,6,3,30,9,12,9,9
Phldb2,2382,140,49,15,81,64,63,10,29
Gm15640,3,0,1,1,0,1,0,0,1
Gm15638,5,3,0,0,0,1,0,0,0
Plcxd2,247,26,6,0,7,5,3,4,3
Cd96,1,1,0,0,0,0,0,1,1
Gm4737,2,0,1,0,0,1,1,0,1
Nectin3,777,108,44,11,65,29,34,22,23
Dppa2,1,3,1,0,1,0,1,0,0
Morc1,0,0,0,0,0,0,0,0,0
Trat1,2,0,1,0,0,0,0,1,0
Retnla,7,2,0,0,0,0,0,1,0
Retnlg,14,15,9,0,1,3,0,0,0
Dzip3,217,25,7,5,20,10,3,8,8
C330027C09Rik,105,17,5,4,8,12,3,1,2
Ift57,449,84,24,8,37,9,16,12,18
Gm15518,0,0,0,0,0,0,0,0,0
Cd47,12016,1707,505,79,835,266,315,167,198
Bbx,695,71,29,13,46,31,35,21,21
Dubr,506,55,24,5,24,12,12,6,7
Cblb,1255,214,57,19,99,47,62,27,34
Alcam,79,5,5,6,31,22,14,29,10
Nfkbiz,3092,1619,501,58,513,170,314,113,143
Nxpe3,18,4,1,0,1,2,1,0,0
Cep97,178,14,4,2,2,5,2,3,8
Rpl24,37069,6043,1742,597,3173,955,1097,902,918
Zbtb11os1,167,21,7,3,18,4,7,2,4
Zbtb11,382,107,32,12,84,35,26,29,22
Pcnp,2092,322,128,54,186,87,78,66,57
Trmt10c,235,39,14,18,26,17,14,10,9
Senp7,588,55,19,6,35,11,22,17,14
Impg2,32,1,2,0,0,2,1,1,2
Abi3bp,7821,1381,325,33,334,137,176,108,146
Tfg,2030,221,67,28,139,55,55,29,27
Tmem45a,2202,224,68,19,109,28,33,20,40
Gm15839,10,3,0,0,3,0,0,0,0
Tomm70a,1083,133,47,7,67,22,25,23,23
Nit2,559,67,19,13,57,21,23,11,22
Gm16892,1,0,0,0,0,0,0,0,0
Tbc1d23,774,59,30,12,66,23,29,15,18
Tmem30c,9,0,1,1,0,0,0,0,0
Cmss1,301,55,19,9,27,13,9,5,5
CT025521.2,1,0,0,0,0,0,0,0,1
Filip1l,1087,80,36,25,120,27,20,58,36
Col8a1,674,121,53,13,54,211,32,20,17
Dcbld2,436,136,37,17,111,33,23,37,21
St3gal6,42,11,2,1,10,3,7,9,3
AC159200.1,1,2,2,1,0,0,0,2,3
Cpox,560,50,22,9,45,16,20,7,10
Gpr15,0,0,0,0,0,0,0,0,0
Cldnd1,1393,263,83,37,139,54,69,34,52
Olfr172,2,0,0,0,0,0,0,0,0
Olfr204,0,0,0,0,0,0,0,0,0
Riox2,219,28,12,1,15,14,13,12,7
Crybg3,703,64,29,9,42,17,25,35,12
Arl6,292,57,13,8,28,4,15,14,5
Nsun3,119,19,9,3,6,4,2,5,2
Arl13b,798,233,89,22,171,60,72,35,43
Stx19,2,0,0,0,0,1,0,0,1
Pros1,5155,923,263,39,302,117,180,87,86
Epha3,468,27,2,2,16,16,12,5,6
4930453N24Rik,962,105,44,17,54,14,26,15,16
Zfp654,259,50,9,6,30,8,16,1,6
Cggbp1,1524,282,93,35,187,69,69,49,56
Htr1f,9,1,0,0,0,0,0,0,0
Chmp2b,1628,122,54,17,105,33,38,41,22
Vgll3,3476,238,96,10,147,57,40,23,30
Cadm2,53,0,1,2,2,0,5,0,1
1700010K23Rik,22,0,0,2,0,0,1,0,0
Gbe1,200,26,13,6,19,9,8,5,2
Robo1,547,53,15,16,44,20,22,16,15
Robo2,1418,93,26,25,76,44,59,34,45
Rbm11,7,0,0,0,0,0,0,0,2
Hspa13,899,161,46,20,65,28,32,27,18
Samsn1,1,0,7,0,0,0,1,2,0
Nrip1,1345,408,157,18,202,67,120,33,52
Gm30790,1,0,0,0,0,0,0,0,0
Usp25,1133,201,61,15,114,40,50,30,27
Cxadr,8,2,1,1,0,0,1,1,2
Btg3,336,97,52,17,79,26,23,22,22
D16Ertd472e,460,121,35,23,74,15,34,21,17
AC098883.2,0,0,0,0,0,0,0,0,0
Chodl,42,0,1,11,25,44,23,56,55
Ncam2,125,10,3,0,8,11,29,4,15
Gm21833,0,1,1,0,1,1,1,2,1
Mir155hg,34,15,9,6,13,6,8,11,13
Mrpl39,427,43,19,9,41,10,5,10,5
Jam2,790,83,25,11,44,19,14,11,12
Atp5j,6757,1038,324,131,615,215,250,188,203
Gabpa,608,77,27,5,47,19,21,8,11
App,8876,829,239,114,539,256,283,140,147
Gm10791,1,0,0,0,0,0,0,0,1
Gm49226,0,0,1,0,0,0,0,0,0
Cyyr1,0,0,0,0,0,0,0,0,0
Adamts1,7976,2288,942,68,1011,217,409,113,133
AC126936.1,1,0,0,0,1,0,0,0,0
Adamts5,9602,1253,502,20,613,103,150,92,142
AC163352.1,0,2,1,0,0,0,0,0,0
AC135964.2,0,4,0,0,0,0,0,0,0
AC135964.1,8,2,0,1,0,1,0,2,0
AC129178.1,7,1,0,0,0,0,0,0,0
N6amt1,525,66,10,5,39,12,13,9,6
Ltn1,660,75,13,8,27,15,11,11,12
Rwdd2b,86,16,6,4,6,4,2,1,2
Usp16,1212,261,74,29,131,29,55,38,30
Cct8,4008,554,177,61,266,85,86,90,103
Map3k7cl,39,0,0,0,4,0,3,0,1
Bach1,1657,571,149,38,212,109,116,46,43
2810407A14Rik,2,4,2,0,3,3,0,0,0
AC110241.2,2,1,0,0,0,0,0,0,1
Cldn8,0,0,0,0,0,0,0,0,0
Krtap13-1,0,0,0,0,0,1,0,0,0
Krtap15,0,0,0,0,0,0,0,0,0
Krtap8-1,0,0,0,0,0,0,0,0,0
Krtap11-1,0,0,0,0,0,0,0,0,0
Tiam1,211,16,6,0,13,7,4,9,7
Sod1,2473,365,113,19,159,79,79,41,60
Scaf4,340,67,27,5,33,13,13,11,11
Hunk,65,5,0,2,2,9,5,2,2
Mis18a,147,14,10,4,11,7,5,3,3
Gm17518,6,0,0,0,0,0,0,0,0
Mrap,29,0,0,0,0,0,0,0,0
Urb1,159,26,8,2,14,4,9,6,6
Eva1c,20,1,2,0,1,0,0,0,1
1110004E09Rik,412,59,23,7,27,14,13,10,10
Synj1,469,49,23,11,31,21,21,13,13
Gm15965,2,1,1,1,1,0,0,0,0
Paxbp1,433,80,22,10,51,14,18,15,14
4931406G06Rik,1,0,0,0,0,0,0,0,0
4932438H23Rik,17,0,0,0,0,0,0,0,0
Ifnar2,1217,471,106,26,174,48,102,36,51
Il10rb,687,118,31,11,54,20,23,8,21
AC150035.3,0,0,0,0,0,0,0,0,0
Ifnar1,754,74,30,8,54,14,23,19,23
Ifngr2,1009,148,49,12,74,32,33,13,22
Tmem50b,332,62,20,6,33,12,10,8,7
Gm15964,0,0,0,0,0,0,0,0,0
Dnajc28,30,1,0,1,1,0,1,1,0
Gart,511,56,19,5,33,5,13,6,5
Son,5828,836,219,150,610,205,241,165,187
Donson,113,20,5,4,11,1,5,2,4
Gm10785,8,5,2,0,4,1,0,3,1
Cryzl1,967,123,29,16,50,25,16,14,15
Itsn1,1219,134,42,12,51,42,38,18,14
Atp5o-1,5606,789,261,79,347,134,137,70,111
Mrps6,482,250,103,29,139,39,73,42,29
Slc5a3,762,301,105,27,211,61,107,76,65
AC144408.2,2,1,0,0,0,0,0,1,0
AC144408.1,0,1,0,0,0,0,1,0,0
Smim11,1692,306,97,30,160,51,82,53,58
Kcne1,1,1,0,0,0,0,0,0,0
Rcan1,937,182,70,17,77,53,52,55,22
Clic6,48,0,0,0,1,1,0,0,0
Runx1,1706,459,130,93,195,101,122,75,62
Gm26626,0,0,0,0,0,0,1,0,0
Setd4,58,9,4,2,10,2,4,2,1
Cbr1,883,94,26,17,78,20,34,32,18
Cbr3,1207,124,27,19,88,23,23,25,23
Dopey2,277,35,9,1,11,6,13,5,6
2310043M15Rik,1,0,0,0,0,0,0,0,0
AC168220.3,0,0,0,0,0,0,0,0,0
Morc3,583,70,23,5,31,18,10,8,10
Chaf1b,101,11,5,0,8,3,1,21,7
Sim2,131,0,0,0,0,0,0,0,0
Hlcs,132,16,8,3,10,2,5,1,7
Ripply3,19,11,3,2,2,1,0,2,2
Pigp,1682,223,70,26,117,45,47,49,47
Ttc3,2858,305,73,37,190,91,83,65,49
Dscr3,626,63,19,8,24,12,13,4,11
Dyrk1a,692,119,35,28,82,28,54,20,19
AC165271.1,12,1,0,0,4,0,1,0,0
Kcnj15,64,3,0,0,0,0,1,0,0
Erg,2,0,0,0,0,0,1,0,0
Ets2,2314,744,222,42,269,65,83,38,58
2810404F17Rik,1,1,0,0,0,0,0,0,0
Gm15340,0,0,0,0,0,0,0,0,0
Psmg1,519,101,24,12,60,24,17,13,23
Brwd1,650,141,35,26,69,25,36,29,36
Hmgn1,6477,1008,273,156,624,244,194,156,199
Wrb,201,22,12,3,17,7,6,6,9
Lca5l,120,9,1,4,10,0,1,1,1
Sh3bgr,7,0,2,0,0,0,0,1,0
B3galt5,0,0,0,1,0,0,0,0,0
Igsf5,3,0,0,0,0,0,0,0,0
Itgb2l,0,0,0,0,0,0,0,0,0
Pcp4,1,2,0,0,0,0,0,0,0
Dscam,3,1,0,0,0,0,0,0,0
Bace2,774,42,30,4,33,23,17,11,11
Mx1,12,6,0,1,2,1,5,1,0
Fam3b,0,0,0,0,0,0,0,0,0
Tmprss2,0,0,1,0,0,0,0,0,0
Ripk4,0,0,0,0,0,0,0,0,0
Prdm15,180,19,11,2,13,3,9,1,6
C2cd2,232,42,14,2,23,10,4,6,3
Zbtb21,236,69,30,5,37,13,24,9,13
C030010L15Rik,4,1,0,0,3,2,1,0,0
B230307C23Rik,233,39,8,3,17,3,5,4,5
A630089N07Rik,56,5,3,1,4,2,1,3,2
Scaf8,594,87,24,8,33,22,15,16,20
AC165953.2,354,38,17,4,24,13,10,11,3
Tiam2,98,8,0,1,12,2,7,5,5
Tfb1m,70,14,5,3,0,1,3,0,3
Cldn20,1,1,0,0,0,0,1,2,0
1700102H20Rik,15,0,0,1,0,0,0,0,0
AC140300.1,2,0,0,0,0,0,0,0,0
Arid1b,989,131,29,12,71,37,31,17,29
Tmem242,448,79,31,8,36,18,20,4,10
Ldhal6b,4,0,0,0,0,0,0,0,0
Zdhhc14,408,37,9,2,25,4,21,2,9
3300005D01Rik,231,88,8,2,5,7,10,7,7
Snx9,1713,277,74,27,106,40,61,28,39
Synj2,273,29,6,5,16,4,10,1,4
Serac1,20,2,0,0,1,1,0,1,0
Gtf2h5,3022,433,140,50,250,93,83,66,61
Tulp4,2521,431,131,49,186,84,67,39,54
Tmem181a,525,70,20,12,49,12,15,18,14
Dynlt1a,79,28,13,4,23,10,9,8,7
Gm26848,0,0,0,0,1,0,0,0,1
Dynlt1b,9,2,2,1,0,0,1,0,0
Dynlt1c,18,5,1,2,1,2,3,1,6
Dynlt1f,242,69,30,15,55,21,29,12,10
Sytl3,0,0,0,0,1,0,0,0,1
Ezr,190,36,17,13,55,25,19,11,12
Gm2885,8,1,1,0,1,1,1,0,1
AC168090.1,0,0,0,0,0,0,0,0,0
Rsph3b,29,13,6,2,4,2,8,0,0
AC122413.1,11,5,1,1,1,0,2,0,0
Tagap1,90,9,4,1,10,4,2,2,4
Rnaset2b,271,171,52,20,122,47,44,18,32
Gm1604a,0,0,0,0,0,0,0,0,0
Rps6ka2,92,12,8,2,8,5,1,4,5
Tcp10a,1,0,0,0,0,0,0,0,0
Ttll2,3,0,0,0,2,0,0,0,0
Gm9992,6,0,0,0,0,1,1,0,3
AC119998.5,11,0,0,0,0,0,0,0,0
Fndc1,7100,325,99,38,422,136,91,69,89
E430024P14Rik,16,4,0,0,2,0,0,0,0
Tagap,3,0,0,0,0,0,0,0,0
Rsph3a,27,6,5,1,5,4,2,2,3
AC164314.2,1,0,1,0,0,1,0,0,0
Rnaset2a,375,201,60,27,110,69,73,31,38
Fgfr1op,335,33,13,6,26,2,9,10,6
Ccr6,0,0,0,0,0,0,0,0,0
Mpc1,3051,428,96,55,259,96,71,77,66
Sft2d1,420,128,31,12,101,27,30,19,14
Prr18,9,4,0,0,4,1,2,1,0
Gm16702,1,1,0,0,0,0,0,0,0
Pde10a,488,50,16,3,30,15,9,3,10
Gm17087,1,0,0,0,0,0,0,1,0
1700010I14Rik,1,2,0,0,0,0,1,0,0
Qk,3096,470,177,76,270,139,153,79,105
1700110C19Rik,0,0,0,0,0,0,0,0,0
Pacrg,16,0,0,0,0,1,0,0,0
Park2,78,7,1,1,4,2,11,2,1
Agpat4,563,127,39,4,67,10,26,15,12
Map3k4,274,32,10,5,26,12,12,4,3
4732491K20Rik,42,3,0,0,3,0,1,0,0
Slc22a3,2,0,0,0,0,0,0,0,0
Slc22a1,0,0,0,0,0,0,0,0,0
Igf2r,1305,180,55,28,120,45,46,23,24
Airn,448,67,18,6,36,9,11,11,6
Pnldc1,3,1,0,0,2,0,0,0,0
Mrpl18,1475,214,60,29,110,44,40,35,35
Tcp1,3226,485,182,59,216,62,78,54,68
Acat3,58,5,1,1,0,0,0,1,0
Acat2,208,44,8,7,20,5,13,10,6
Wtap,882,133,51,22,88,26,35,25,20
Sod2,7497,1250,381,55,274,70,117,89,101
Tcp10b,4,0,0,0,2,0,0,0,1
Unc93a,21,0,0,0,0,1,0,0,0
Tcte2,5,0,0,0,2,0,1,0,1
Gm16049,3,0,0,0,0,0,0,0,0
Afdn,935,75,41,6,57,23,29,4,24
Dact2,73,6,4,0,12,1,3,2,10
Smoc2,7713,839,190,32,466,215,115,183,116
Thbs2,16907,1577,472,111,687,297,250,119,161
Wdr27,36,3,7,1,7,2,4,4,2
1600012H06Rik,637,90,24,7,35,16,15,5,5
Phf10,1045,152,41,17,81,30,39,12,20
Gm3417,1,1,0,0,0,0,0,0,0
9030025P20Rik,25,8,2,1,4,7,1,2,1
Gm3448,50,6,1,1,6,1,3,2,1
Gm3435,13,3,0,1,0,0,1,0,0
Tcte3,0,0,0,0,0,0,0,0,0
Ermard,147,12,3,2,14,6,6,5,2
AC154507.3,0,0,0,0,0,0,0,1,0
Dll1,202,11,2,3,12,3,4,3,3
A930024N18Rik,2,0,0,0,0,0,0,0,0
Fam120b,550,48,10,8,35,11,18,17,5
AC154378.1,2,0,0,0,1,0,0,0,0
Psmb1,6643,920,272,91,445,169,171,123,120
Tbp,201,28,8,4,15,3,11,4,4
Pdcd2,366,40,10,4,33,12,10,12,11
Prdm9,31,4,0,0,1,1,1,0,0
Chd1,489,192,78,36,148,45,55,39,42
Rgmb,1227,161,45,16,117,46,42,40,29
BC002059,82,5,5,0,3,1,1,1,5
Zfp960,12,4,0,0,2,0,1,0,1
Zfp97,14,5,2,1,2,1,0,0,2
AC129328.1,39,7,2,1,5,1,6,0,2
Gm6712,4,0,0,0,3,0,0,0,0
Riok2,377,87,32,14,36,13,18,11,15
Lix1,29,12,4,0,6,2,1,1,3
Lnpep,2163,258,80,17,148,61,52,41,25
Vmn2r90,1,0,0,0,1,0,0,0,0
Spaca6,320,147,29,9,55,21,37,15,17
Has1,2167,3209,1366,55,1484,474,798,131,192
Fpr1,0,0,1,0,0,1,0,0,0
Fpr2,0,0,0,1,1,3,4,1,2
Vmn2r124,1,1,1,0,0,0,0,1,0
Vmn2r92,0,1,0,0,0,0,1,0,1
Vmn2r93,0,0,0,0,0,1,0,0,1
Vmn2r95,1,3,0,0,0,0,0,0,0
Vmn2r96,0,0,0,0,0,0,0,0,0
Vmn2r97,3,5,1,1,1,0,1,3,1
Vmn2r99,0,0,0,0,0,0,0,0,0
AC109204.1,0,0,0,0,0,0,0,0,0
Ppp2r1a,1731,206,61,18,104,40,39,32,42
Zfp160,184,8,6,4,6,1,5,4,5
Zfp677,89,8,5,1,2,2,1,4,3
CT010433.1,0,0,0,0,0,0,0,0,0
Zfp54,35,6,1,0,4,0,1,1,1
Zfp51,107,5,1,1,4,2,0,1,0
Gm26753,1,0,0,0,0,0,0,0,0
Zfp53,135,19,4,2,13,1,3,0,5
9330136K24Rik,6,1,1,0,0,0,1,0,0
Zfp52,69,21,2,0,10,0,3,0,4
Zfp948,191,72,27,8,47,10,22,8,6
Zfp983,32,4,4,1,3,0,2,2,1
Zfp760,54,4,4,0,2,1,1,3,2
Zfp229,87,6,0,0,5,2,0,1,0
Zfp820,122,5,1,1,5,1,1,2,6
Zfp995,125,17,3,1,7,3,3,1,4
Zfp942,297,17,5,2,8,3,2,3,3
Zfp943,194,16,7,2,9,1,9,4,1
Zfp947,36,3,1,1,1,2,0,2,3
Zfp994,210,16,4,3,14,0,1,3,8
Zfp944,229,16,3,5,16,1,3,2,3
Zfp758,174,16,9,1,17,5,9,2,2
Zfp946,131,16,4,3,11,4,5,2,3
Gm5493,0,2,0,0,0,1,0,0,0
Gm16386,10,0,0,0,2,0,0,0,0
Zfp945,852,73,24,10,65,25,24,10,13
Zfp40,104,2,0,2,10,3,1,3,2
Zfp213,99,5,5,2,5,2,5,4,0
Zfp13,100,3,2,0,7,2,2,0,0
Mmp25,0,2,0,1,0,0,4,0,2
Bicdl2,0,1,0,0,1,1,1,0,0
Thoc6,409,124,50,23,92,28,55,27,29
Hcfc1r1,2771,314,115,40,236,93,101,55,53
Tnfrsf12a,1357,527,138,79,344,131,145,89,77
Cldn9,1,0,0,1,1,2,2,0,0
1520401A03Rik,2,0,0,1,0,1,2,0,0
Pkmyt1,140,15,7,0,7,1,2,2,5
Paqr4,151,20,8,1,8,5,2,2,2
Kremen2,0,0,0,0,0,0,1,0,0
9530082P21Rik,65,7,1,0,2,0,1,3,1
Flywch1,540,72,24,6,38,15,22,11,12
Flywch2,202,17,5,6,21,11,8,6,7
D930048G16Rik,11,0,0,1,0,1,1,0,0
Srrm2,4651,767,199,96,445,156,212,145,129
Elob,9522,1643,467,235,933,343,344,223,291
Prss41,0,0,0,0,0,0,0,0,1
Prss30,0,0,0,0,1,0,0,0,0
Prss22,0,0,0,0,0,0,0,0,0
Prss27,1,1,0,1,1,0,1,0,0
Kctd5,387,43,18,6,32,11,16,7,5
Pdpk1,1021,94,23,13,64,34,29,25,17
Amdhd2,467,69,19,2,25,9,16,6,6
Gm43796,7,8,4,5,14,1,3,1,2
Atp6v0c,26,10,3,3,4,1,1,3,0
Tbc1d24,273,22,7,9,28,8,15,7,9
Tedc2,106,6,3,0,7,0,4,1,5
Ccnf,10,3,5,2,6,2,1,1,0
Abca3,297,25,7,8,20,8,9,6,5
Rnps1,1051,143,44,20,73,19,27,26,33
Eci1,581,94,22,11,43,23,14,12,16
Dnase1l2,23,1,1,0,3,1,2,0,2
E4f1,327,34,8,5,18,11,5,7,8
Pgp,748,97,39,15,73,29,23,25,18
Mlst8,137,18,4,3,6,4,2,1,0
Bricd5,2,0,0,0,1,1,0,0,0
Caskin1,1,0,0,0,1,0,1,1,0
Traf7,796,104,36,12,63,24,21,23,17
Rab26,22,3,1,0,3,0,0,1,2
Rab26os,70,25,15,3,18,2,2,4,4
Pkd1,1861,113,45,14,94,34,35,19,15
Tsc2,470,49,24,5,35,13,18,9,7
Nthl1,126,14,4,0,9,4,8,3,1
Slc9a3r2,222,22,10,8,31,13,19,10,10
Zfp598,579,70,23,6,41,13,22,16,13
Syngr3,5,0,0,0,1,0,0,0,1
Gfer,516,106,37,12,45,14,12,14,8
Noxo1,41,4,0,0,5,3,0,1,1
Tbl3,282,34,17,4,17,0,17,5,8
Rnf151,0,0,0,0,0,0,0,0,0
Rps2,69055,13523,3869,1177,5895,1579,1825,1332,1528
Snhg9,149,47,27,15,53,13,19,13,12
Ndufb10,3968,540,173,61,326,112,108,83,104
Rpl3l,0,0,0,0,0,0,0,0,0
Msrb1,1430,191,58,27,111,34,38,29,15
Hs3st6,35,0,0,15,11,2,17,5,3
Meiob,40,4,1,0,5,2,2,0,1
Hagh,484,67,23,7,45,11,20,9,10
Fahd1,280,34,7,1,24,8,5,3,2
Igfals,9,1,1,0,1,0,5,0,0
Nubp2,500,52,20,7,29,9,13,11,10
Spsb3,610,52,18,9,42,10,19,10,14
Eme2,40,4,1,2,2,0,3,0,0
Mapk8ip3,437,49,24,11,38,18,20,12,4
Mrps34,1359,118,45,16,72,31,31,8,17
Nme3,4,6,1,0,4,4,4,4,3
Jpt2,470,72,16,4,25,6,10,6,10
Cramp1l,488,59,22,5,28,9,19,16,5
Ift140,102,7,1,2,8,3,5,4,2
Tmem204,357,36,6,3,19,28,22,4,10
Telo2,570,48,13,5,20,20,15,7,14
Clcn7,465,56,13,7,31,12,15,6,16
Ccdc154,0,0,0,0,0,0,0,0,0
BC003965,558,72,24,8,31,19,13,13,13
Unkl,266,21,7,2,16,5,14,8,6
Gnptg,607,105,19,5,69,14,24,18,16
Tsr3,402,38,22,10,33,13,7,7,8
Baiap3,1,0,0,0,0,0,0,0,0
Ube2i,2723,440,150,73,268,71,110,87,69
Prss34,0,0,0,0,0,0,0,0,0
Tpsab1,0,0,0,0,0,0,0,0,0
Tpsb2,9,0,0,0,0,0,0,0,0
Tpsg1,0,0,0,0,0,0,0,0,0
Cacna1h,4,0,0,0,2,2,1,2,1
Sox8,26,8,1,4,11,4,5,3,3
Lmf1,301,50,12,10,36,9,11,4,5
Gng13,228,15,3,1,17,1,1,0,6
Chtf18,37,5,4,1,1,0,1,1,0
Rpusd1,125,4,3,1,7,4,4,0,2
Mslnl,4,0,0,0,0,0,0,0,0
Narfl,209,17,6,1,12,4,3,2,4
Haghl,375,32,5,4,38,11,9,11,8
Ccdc78,2,1,0,0,0,0,0,0,0
Fam173a,1223,152,47,18,108,51,53,22,28
Metrn,309,43,16,9,18,15,10,4,4
Fbxl16,62,9,3,0,4,1,1,0,0
Wdr24,176,15,4,2,8,2,3,1,4
Jmjd8,246,58,15,3,26,7,13,13,16
Stub1,2868,317,110,48,230,62,67,46,60
Rhot2,240,22,9,3,16,7,6,7,6
Wdr90,150,14,2,1,1,3,4,1,3
Mcrip2,172,28,10,3,9,2,5,4,5
Mettl26,384,63,15,13,38,17,17,13,9
Wfikkn1,10,1,0,1,3,0,0,2,1
Rab40c,325,26,5,2,25,3,6,9,4
Pigq,468,50,17,3,33,10,9,14,10
Capn15,190,35,10,4,25,8,8,8,8
1700022N22Rik,4,1,0,0,0,0,0,0,0
Rab11fip3,207,26,6,3,20,6,4,11,5
Decr2,239,36,4,4,22,3,10,4,5
Nme4,199,22,8,7,21,10,7,16,17
Gm8186,578,113,27,11,52,24,15,19,13
Tmem8,13,2,1,1,4,0,1,0,0
Mrpl28,1158,150,55,24,97,35,42,18,35
Axin1,519,53,25,13,48,22,22,6,7
Arhgdig,85,5,7,2,5,1,1,1,4
Rgs11,35,1,0,3,0,2,0,0,1
Fam234a,433,61,20,6,34,18,12,17,6
Luc7l,934,117,48,20,82,36,30,25,20
Neurl1b,32,0,0,0,4,3,0,0,0
Dusp1,26076,4685,1722,332,2458,946,1443,444,780
Gm8225,12,2,0,0,0,0,0,1,0
Ergic1,1596,220,61,8,100,28,34,28,38
Atp6v0e,5059,741,236,78,442,164,182,103,133
Crebrf,880,133,37,18,67,27,40,29,19
Bnip1,385,54,14,6,22,6,8,3,6
Gm17382,3,1,1,0,0,0,0,0,0
Kifc5b,4,2,0,0,3,2,1,0,0
Phf1,321,50,12,7,33,11,16,18,9
Cuta,2251,307,91,46,204,64,78,47,43
Syngap1,35,10,2,4,4,4,6,1,4
Ggnbp1,67,5,4,1,10,6,4,1,4
Bak1,581,75,25,8,43,18,15,10,12
Itpr3,574,29,7,3,31,13,6,2,8
Uqcc2,4644,939,272,88,352,111,121,79,104
Ip6k3,42,6,1,0,2,0,0,1,1
Lemd2,1474,159,34,15,101,29,30,18,26
Gm26724,159,23,3,5,5,4,5,5,1
AC125141.1,6,1,0,0,3,0,0,1,1
AC125141.3,0,0,0,0,0,0,0,0,1
Grm4,3,0,1,0,0,0,0,0,0
AC127341.3,79,148,39,4,25,14,17,6,7
Hmga1,67,70,39,26,24,2,11,5,4
AI413582,707,91,21,3,37,9,19,4,13
AC127341.5,1,0,0,0,0,0,1,0,0
Nudt3,864,110,38,28,75,41,52,21,19
Rps10,55776,8696,2741,850,4107,1323,1599,1077,1384
Gm15420,5,1,0,0,0,1,0,0,0
Pacsin1,5,0,0,2,0,2,1,0,1
D17Wsu92e,1173,158,49,21,93,34,37,17,24
Snrpc,1776,276,90,36,131,55,63,34,37
Uhrf1bp1,125,16,3,2,1,6,5,2,1
Taf11,643,94,27,22,45,19,28,17,15
Anks1,583,48,19,6,29,17,15,13,12
Gm15598,3,0,0,0,1,0,0,0,0
Tcp11,24,0,1,0,0,0,1,0,0
Scube3,15,1,0,24,60,34,33,39,40
Zfp523,281,14,5,6,17,10,13,7,7
Def6,227,19,7,0,12,5,8,4,2
Ppard,462,63,18,10,31,16,22,11,6
Fance,428,39,12,9,36,10,11,13,7
Rpl10a,39794,5578,1609,491,2590,778,914,677,795
Tead3,283,54,20,11,36,16,19,15,9
Tulp1,38,3,0,1,6,1,2,3,5
Fkbp5,1107,153,47,11,52,18,40,13,12
Gm20109,11,1,0,0,0,1,0,0,0
E230001N04Rik,59,5,4,0,0,0,1,0,0
Srpk1,796,155,35,32,98,38,36,29,38
Slc26a8,13,0,1,0,1,0,1,0,0
Mapk14,1064,99,30,13,64,22,27,18,12
Mapk13,17,2,1,3,3,5,3,2,5
Brpf3,301,34,7,2,25,7,9,1,8
Pnpla1,0,0,0,0,0,0,2,0,0
4930539E08Rik,10,0,0,0,0,0,0,0,0
Kctd20,984,139,58,19,87,16,28,21,26
Stk38,1768,268,88,22,123,24,32,34,41
Gm16196,3,0,0,0,0,0,0,0,0
Gm16195,1,1,0,0,1,0,0,0,0
Srsf3,5927,827,239,123,460,152,233,138,177
Trp53cor1,17,0,0,0,4,1,1,0,0
Cdkn1a,1619,1184,375,107,612,85,288,134,173
Gm16194,0,0,0,0,0,0,0,0,0
Rab44,3,0,0,0,1,0,0,0,0
Cpne5,28,0,1,5,13,2,6,4,3
Ppil1,386,47,15,9,37,13,8,5,3
BC004004,1159,153,49,18,79,25,29,18,18
Pi16,15218,2514,1361,70,2563,239,464,399,481
Mtch1,8265,905,304,131,606,295,290,156,170
Fgd2,1,0,2,0,0,0,1,0,0
Gm26885,37,6,1,0,4,1,1,1,0
Pim1,2936,1490,496,199,1066,172,560,188,185
Tbc1d22b,148,15,4,2,18,2,10,6,6
Rnf8,263,30,7,8,21,10,8,7,3
Gm28043,5,0,1,0,0,0,1,1,0
Cmtr1,89,5,4,1,7,3,3,1,1
Ccdc167,331,69,31,5,31,13,11,7,14
Mdga1,103,16,2,4,13,11,8,11,2
Zfand3,1514,190,48,18,110,29,56,27,23
Btbd9,301,38,6,3,23,11,12,8,9
Glo1,1822,188,65,29,143,55,43,44,32
1700097N02Rik,0,0,0,0,0,0,1,0,0
Dnah8,19,5,0,0,1,0,1,1,1
Abcg1,296,33,12,4,10,11,7,6,6
Tff1,0,1,0,0,0,0,0,0,0
Tmprss3,0,0,0,0,0,0,0,0,0
Ubash3a,0,0,0,0,0,0,0,0,0
Rsph1,33,1,2,0,2,0,0,1,0
Slc37a1,10,1,0,1,3,0,2,1,1
Pde9a,3,1,0,0,5,1,1,2,1
Wdr4,198,19,6,5,12,5,6,4,9
Ndufv3,3209,477,152,49,261,96,110,62,72
Pknox1,361,75,26,11,41,11,21,16,17
Cbs,39,3,1,0,2,1,0,0,0
U2af1,2344,414,132,61,202,72,84,72,60
Cryaa,5,0,0,0,1,1,1,0,0
Sik1,297,229,82,24,154,27,72,22,35
Hsf2bp,6,2,0,1,0,0,2,0,0
Rrp1b,194,21,8,0,9,9,7,5,3
Gm17276,2,0,0,0,0,0,0,1,0
Notch3,20,3,0,5,9,6,6,3,3
Ephx3,8,0,3,0,1,1,4,0,1
Brd4,1678,253,69,32,170,55,80,36,41
Akap8,556,63,15,9,59,26,29,15,18
Akap8l,565,66,26,21,53,15,28,18,12
Wiz,467,48,15,8,44,18,16,10,12
Rasal3,1,0,0,0,0,0,0,0,0
Pglyrp2,0,0,0,0,0,0,0,0,0
Cyp4f17,7,0,0,0,0,0,0,0,0
Cyp4f16,285,31,6,5,23,7,9,2,7
Zfp871,916,64,21,15,43,26,20,15,13
Gm17115,1,1,0,0,0,0,0,0,0
Zfp811,24,9,5,1,3,3,2,1,0
Zfp799,87,5,1,0,4,1,2,1,1
Zfp870,77,5,2,1,7,0,1,3,0
Cyp4f13,208,22,12,1,13,5,7,3,4
Zfp472,54,4,1,0,6,2,2,0,1
Zfp952,133,13,1,0,6,3,3,3,2
Zfp763,96,6,0,1,7,2,1,0,0
Zfp563,32,1,1,0,3,0,1,0,0
Olfr1564,2,1,0,0,0,0,0,0,0
Zfp955a,34,3,1,1,2,0,1,1,1
Zfp955b,34,2,1,4,3,0,3,1,2
Zfp81,152,10,1,5,9,0,1,7,0
Zfp101,164,7,4,2,15,5,4,8,5
Adamts10,1033,62,24,9,68,33,43,15,25
Myo1f,1,3,10,0,1,1,0,1,0
Zfp414,267,34,8,6,35,8,12,2,2
Pram1,6,0,0,1,1,0,1,0,0
Hnrnpm,2624,398,138,57,245,86,85,67,52
March2,1589,202,52,13,108,28,37,26,36
Rab11b,2288,255,59,25,162,37,55,44,43
Angptl4,4213,592,153,30,285,59,103,47,50
4931413I07Rik,1,1,0,0,1,0,0,0,0
Kank3,40,5,1,1,2,0,0,3,0
Rps28,31655,11723,3930,1283,6964,1887,2446,1272,1601
Ndufa7,4705,825,290,74,425,143,186,112,110
Cd320,483,93,35,8,47,14,15,20,13
Kifc1,25,7,2,0,8,4,2,1,0
Platr17,0,1,0,0,0,0,0,0,0
BC051226,113,21,7,2,9,2,5,7,0
Daxx,282,56,15,5,36,11,14,10,7
Tapbp,4760,657,161,54,376,131,169,73,94
Zbtb22,354,18,12,3,13,10,4,1,2
Gm19412,27,8,1,5,8,3,1,2,1
Rgl2,349,48,18,8,35,10,18,5,7
Pfdn6,1467,221,68,21,93,31,40,29,37
Wdr46,371,54,18,2,17,8,9,4,9
B3galt4,79,7,0,1,7,4,3,1,0
Rps18,53881,8993,2566,728,3531,1091,1317,915,1110
Vps52,379,47,15,6,23,14,12,7,11
H2-K1,15000,2607,749,377,2012,749,1073,360,467
Ring1,410,67,27,8,29,10,28,17,17
H2-Ke6,384,71,21,17,61,13,17,23,18
Slc39a7,3399,334,103,37,274,67,87,56,61
Rxrb,415,52,25,9,38,15,18,14,23
Col11a2,9,2,0,0,2,0,1,0,0
BC051537,0,1,0,0,1,1,1,3,0
H2-Oa,2,0,0,0,0,0,0,0,0
Brd2,2462,1052,290,78,528,103,283,91,124
H2-DMa,22,4,3,3,5,2,5,1,1
H2-DMb2,0,0,0,0,0,0,0,0,0
H2-DMb1,122,8,3,7,14,5,7,6,14
Psmb9,473,77,39,18,64,10,21,4,14
Tap1,555,108,25,9,66,26,30,20,18
Psmb8,2215,396,134,51,205,75,94,43,55
Tap2,647,151,33,17,92,33,50,26,26
Gm15821,0,0,0,0,0,0,0,0,0
H2-Ob,0,0,0,0,1,0,2,0,0
Gm20506,0,0,0,0,0,0,0,0,0
H2-Ab1,46,10,20,39,29,45,64,21,11
H2-Aa,36,10,15,17,14,20,31,5,7
Gm20513,0,0,0,0,0,0,0,0,0
H2-Eb1,34,12,16,24,24,20,25,8,9
H2-Eb2,0,0,0,0,0,0,0,0,0
Btnl2,0,0,0,0,0,0,0,0,0
BC051142,8,1,0,0,3,0,1,0,0
Notch4,18,0,0,0,2,1,1,0,1
Gpsm3,161,43,17,2,34,5,13,3,10
Pbx2,435,42,14,6,39,11,12,6,10
Ager,19,2,0,0,4,1,2,2,1
Rnf5,308,62,24,12,52,15,12,10,13
Agpat1,270,57,20,5,33,17,12,7,8
Egfl8,94,5,1,7,2,58,12,5,9
Ppt2,376,35,16,8,32,13,14,10,15
Prrt1,77,4,3,2,8,2,23,4,5
Fkbpl,84,11,1,0,7,0,2,2,0
Atf6b,461,75,33,8,52,15,17,11,17
Tnxb,20676,1444,524,21,710,225,301,133,173
C4b,10223,1698,468,15,815,255,347,91,194
Cyp21a1,0,3,1,0,0,2,0,0,0
Stk19,700,123,60,15,60,25,37,10,26
Dxo,331,64,17,11,46,14,16,12,8
Skiv2l,596,70,19,8,26,10,23,8,4
Nelfe,541,83,21,10,33,10,13,8,18
Cfb,467,340,122,27,198,19,107,25,26
C2,1115,217,54,19,146,62,61,31,32
Zbtb12,45,9,4,3,4,3,2,4,4
Ehmt2,1306,143,39,17,94,30,34,27,31
Slc44a4,0,0,0,1,0,0,0,0,0
Neu1,666,76,14,4,28,28,25,13,16
Hspa1b,15344,3091,1425,450,3201,2292,1205,2402,1718
Hspa1a,25684,4189,1512,818,4010,2711,1377,3084,2055
Gm20481,1,2,0,0,1,1,0,6,2
Hspa1l,6,5,0,0,0,0,0,4,1
Gm10501,28,4,1,0,0,1,1,9,5
Lsm2,1188,132,36,27,69,33,31,19,24
Vars,610,105,22,15,34,19,17,10,10
Vwa7,0,0,0,0,0,0,0,0,0
Sapcd1,40,2,0,5,6,12,8,10,2
Msh5,16,3,1,1,0,3,2,0,2
Clic1,4783,826,306,127,503,172,181,107,112
Ddah2,3012,310,99,55,287,113,110,70,57
Ly6g6c,7,0,0,1,2,0,3,0,0
Ly6g6d,3,1,0,0,0,1,0,1,0
Ly6g6e,0,0,0,0,0,0,0,0,0
Ly6g6f,1,0,0,0,0,0,0,0,0
Abhd16a,809,105,38,11,84,18,39,19,22
Ly6g5b,4,1,0,1,0,0,2,0,0
Csnk2b,1846,261,91,36,156,68,61,38,56
Gpank1,215,30,14,9,12,10,5,6,4
Gm20522,25,3,0,0,2,1,0,0,0
D17H6S53E,109,10,1,1,9,4,4,5,2
Bag6,1189,150,46,15,92,29,49,31,37
Prrc2a,1831,271,71,27,193,54,76,59,46
Gm17705,2,0,0,0,1,0,0,0,1
Aif1,9,3,3,3,1,2,2,1,1
Lst1,225,45,19,2,24,19,14,5,8
Ltb,2,0,0,0,2,3,2,5,5
Tnf,13,7,3,1,3,1,2,0,3
Lta,4,0,0,0,0,0,0,0,1
Nfkbil1,417,64,21,6,35,13,20,11,9
Gm16181,0,0,0,0,0,0,0,0,0
Atp6v1g2,19,2,2,1,2,1,1,4,0
Ddx39b,2758,283,113,56,250,85,99,62,60
H2-D1,18384,3513,948,475,2630,1066,1383,510,647
H2-Q2,0,0,0,0,0,0,0,0,0
Gm11131,38,5,2,0,7,2,3,0,0
H2-Q4,1343,305,91,68,287,139,245,67,43
H2-Q6,247,11,6,5,32,12,39,8,3
H2-Q7,843,100,25,40,147,86,112,33,28
H2-Q10,156,35,5,2,13,4,6,6,4
Pou5f1,72,5,6,0,4,0,5,2,4
Tcf19,141,9,9,1,9,6,3,2,3
Cchcr1,206,26,9,6,20,5,4,8,6
Psors1c2,6,1,2,2,0,0,0,1,1
Cdsn,2,0,0,1,0,0,0,2,0
Gm9573,0,0,0,0,0,0,0,0,0
Dpcr1,1,0,0,0,0,0,0,0,0
Vars2,162,13,6,0,6,3,3,1,1
Gtf2h4,279,46,16,5,20,12,1,5,9
Ddr1,211,29,16,7,11,12,16,8,6
Gm20443,0,0,0,0,0,0,0,0,0
Gm20442,2,0,0,0,0,0,0,0,0
4833427F10Rik,1,0,0,0,0,0,0,0,0
Ier3,8717,4978,1711,212,1321,608,637,243,265
Flot1,1830,296,90,15,116,48,59,46,44
Tubb5,11192,1623,598,311,869,368,347,267,264
Mdc1,227,26,5,2,13,3,5,9,9
Ppp1r18os,24,4,0,0,2,3,0,1,1
Nrm,105,24,5,5,21,7,11,1,10
Ppp1r18,828,173,58,22,93,36,52,24,26
Dhx16,419,58,16,10,39,7,6,8,9
2310061I04Rik,220,29,10,3,14,9,8,3,8
Gm16279,11,1,2,0,0,0,1,0,0
Atat1,156,31,7,8,24,10,15,11,13
Mrps18b,627,82,31,8,60,5,10,13,6
Ppp1r10,816,232,65,27,190,46,76,62,64
Abcf1,1253,165,52,24,63,43,37,27,22
Prr3,303,49,16,4,39,12,10,12,10
Gnl1,874,118,38,18,69,23,24,22,9
Gm20508,0,0,0,0,0,0,0,0,0
A930015D03Rik,26,4,1,0,3,0,0,0,1
H2-T24,7,3,0,0,4,0,0,0,0
H2-T23,1782,594,171,30,307,103,149,70,85
H2-T22,1622,327,86,27,169,57,80,42,29
Gm6034,0,0,0,0,1,0,0,0,0
Gm11127,2,0,1,1,2,1,1,1,0
Gm19684,2,1,0,0,3,0,0,0,0
Gm20478,0,0,0,0,0,0,0,2,1
Gm20546,1,0,0,0,0,0,0,0,0
Rpp21,883,125,40,19,78,31,36,28,27
Trim39,213,22,4,6,7,13,14,2,2
H2-M9,0,0,0,0,0,0,0,0,0
Trim26,494,51,17,2,35,14,15,12,10
Trim10,0,0,0,0,0,0,1,1,0
Trim31,1,0,0,0,0,1,0,0,0
Rnf39,0,0,0,0,0,0,0,0,0
Ppp1r11,1095,166,49,28,93,26,17,29,26
Znrd1,1090,195,60,36,110,40,52,32,42
Znrd1as,142,19,0,0,4,2,2,2,1
Zfp57,38,0,2,3,5,0,1,1,1
Gabbr1,477,95,15,18,49,16,25,16,22
Olfr90,2,0,0,0,0,2,3,0,2
Olfr93,1,1,0,0,1,0,0,0,0
Olfr95,0,0,0,0,0,1,0,1,0
H2-M3,498,84,23,6,49,14,21,14,12
Olfr107,10,8,5,1,4,1,4,2,3
H2-M2,0,1,1,0,0,0,0,0,0
Gm26917,3146,867,196,114,373,116,138,164,235
Gm42418,115128,18242,5615,7409,17471,10059,7937,3533,6727
AY036118,8298,1932,880,461,1536,550,545,476,781
Crisp2,16,3,0,0,0,0,0,0,1
Rhag,1,1,1,0,0,0,1,0,0
9130008F23Rik,147,15,8,0,8,4,4,3,10
Cenpq,137,23,11,4,5,8,2,2,0
Mut,582,72,23,3,27,10,23,11,6
Ptchd4,120,5,2,0,0,1,0,0,0
Adgrf4,2,0,0,0,0,0,0,0,1
Cd2ap,1358,134,41,4,82,28,28,27,21
Tnfrsf21,75,7,6,2,11,8,2,1,2
Adgrf5,4,0,0,0,2,0,0,0,0
Ankrd66,2,0,0,0,0,1,0,0,0
Pla2g7,103,6,8,5,6,13,4,7,5
1700071M16Rik,0,0,0,0,0,0,0,0,0
Tdrd6,3,0,0,0,1,0,0,0,0
Slc25a27,91,2,2,3,3,1,1,0,3
Cyp39a1,149,22,7,4,16,6,5,2,3
Rcan2,273,66,15,1,26,1,12,10,13
Enpp5,676,33,21,2,33,14,26,7,11
Enpp4,206,26,10,0,15,3,0,1,2
Clic5,78,13,0,1,1,1,1,0,2
Runx2,212,30,14,11,34,20,13,10,4
Runx2os2,1,0,0,0,0,0,0,0,0
Runx2os1,31,7,3,2,4,0,5,1,3
Supt3,176,30,10,4,13,4,8,5,3
Cdc5l,1014,124,34,10,67,38,37,20,18
B230354K17Rik,506,39,11,6,17,11,8,6,11
Spats1,1,0,0,0,0,0,0,0,1
Aars2,113,12,2,3,11,1,3,3,0
Tmem151b,5,0,1,0,3,1,2,2,2
Nfkbie,220,30,19,4,17,8,16,5,4
Slc35b2,1134,173,53,11,70,23,39,18,22
Hsp90ab1,24597,5671,1992,805,3773,1409,1467,1333,1103
Slc29a1,2229,280,86,20,128,41,59,57,40
Mymx,22,0,0,3,1,4,1,1,1
Capn11,0,1,0,0,0,1,1,0,0
Tmem63b,500,69,22,10,39,22,20,6,11
Mrpl14,1684,262,87,15,123,34,31,24,37
1600014C23Rik,1,1,0,0,0,0,0,0,0
F630040K05Rik,2,0,0,0,0,0,0,0,1
Vegfa,799,248,121,20,201,47,84,67,67
Mrps18a,1483,245,77,17,94,36,40,37,27
Rsph9,116,23,6,4,14,8,9,9,5
Mad2l1bp,188,35,12,5,31,9,11,2,8
Gtpbp2,675,63,13,17,48,21,32,6,16
Polh,19,3,1,2,2,0,0,0,1
Xpo5,84,11,5,0,7,1,2,1,2
Polr1c,741,132,43,17,59,20,23,11,10
Yipf3,2870,312,89,23,241,75,76,50,46
Lrrc73,51,4,3,2,14,3,2,0,3
Tjap1,246,30,14,6,14,11,7,5,9
Gm26785,11,7,0,1,5,0,1,0,1
Dlk2,0,0,0,0,0,0,0,0,0
Abcc10,79,8,2,0,4,1,3,1,4
Zfp318,421,57,8,6,37,9,9,9,13
Crip3,0,0,0,0,1,0,0,0,1
Gm5093,37,5,1,2,0,3,1,1,5
Ttbk1,0,0,0,0,0,0,0,0,0
Dnph1,66,16,6,3,4,3,2,2,1
Cul9,352,34,34,6,29,16,21,10,23
Srf,526,101,37,28,119,26,37,48,28
Ptk7,664,52,13,26,55,45,39,30,29
Klc4,113,17,6,4,14,2,8,4,2
Mrpl2,725,81,29,2,52,14,20,11,17
Cul7,677,71,17,4,54,17,22,15,10
Rrp36,193,29,14,6,35,12,5,8,1
Klhdc3,558,71,15,9,49,19,26,16,11
Mea1,759,145,43,18,76,24,18,10,11
Ppp2r5d,405,50,16,8,37,14,14,11,11
Pex6,492,85,19,3,55,15,20,16,12
Gnmt,15,3,2,1,1,1,0,0,0
Cnpy3,821,140,50,15,64,38,37,21,13
Ptcra,16,8,1,1,3,0,2,1,4
2310039H08Rik,1408,118,29,30,97,45,32,13,24
Rpl7l1,1339,190,50,16,95,35,33,29,31
Bicral,467,48,16,4,22,7,14,11,12
Tbcc,573,49,7,1,37,12,6,12,14
Ubr2,1164,124,45,17,75,27,48,28,26
Mrps10,638,84,24,7,38,13,14,11,17
Guca1b,8,0,0,0,0,1,0,0,0
Guca1a,524,52,22,4,39,11,13,6,15
1700001C19Rik,1,0,0,0,0,0,1,0,0
AI661453,87,14,2,3,9,0,2,1,1
Taf8,185,16,5,3,11,7,6,3,1
Ccnd3,1164,157,70,36,128,60,70,54,42
Bysl,317,53,12,2,19,12,8,3,7
Med20,330,33,18,11,26,10,10,9,7
Gm20517,16,3,0,0,0,1,1,0,0
Usp49,54,10,4,3,12,6,0,0,5
Tomm6,312,197,100,31,108,37,47,61,76
Tomm6os,1,1,0,0,0,0,0,0,0
Prickle4,2,0,0,0,0,0,0,0,0
Frs3,35,1,1,1,5,2,3,2,2
Tfeb,175,19,9,0,11,2,6,2,3
Mdfi,83,10,3,11,22,8,12,5,3
Foxp4,379,57,11,11,43,18,21,7,13
Gm15556,2,1,0,0,0,0,0,0,0
9830107B12Rik,0,0,0,0,0,0,0,0,0
A530064D06Rik,0,1,1,0,0,0,0,0,0
Trem1,2,1,2,4,0,1,3,0,0
Trem3,0,0,0,0,0,2,0,0,0
Treml4,0,0,1,0,0,0,0,0,0
Treml2,0,2,1,0,0,1,0,0,0
B430306N03Rik,1,0,0,1,0,0,0,0,0
Trem2,4,2,10,1,1,0,2,0,0
Nfya,306,62,19,9,40,13,20,9,9
Oard1,544,72,12,1,36,8,12,8,12
Apobec2,6,0,0,0,0,0,0,0,1
Tspo2,5,0,0,0,0,0,0,0,0
Unc5cl,0,0,0,0,0,0,0,0,0
Lrfn2,1,1,0,1,2,0,3,0,0
Mocs1,263,27,8,4,13,2,3,2,0
Daam2,118,6,1,23,25,17,15,16,8
Kif6,4,0,0,1,0,0,0,2,0
Rftn1,1047,60,14,6,36,19,19,4,13
Plcl2,37,3,0,2,3,1,3,0,0
Gm7334,9,3,3,1,2,0,1,3,3
Tbc1d5,437,32,15,2,18,5,7,8,9
Satb1,162,14,6,1,24,8,7,3,8
Gm19585,0,0,0,0,0,0,0,0,0
Kcnh8,4,0,0,0,0,1,0,0,0
Efhb,17,2,0,0,3,0,1,0,1
Rab5a,1448,260,76,37,164,66,84,50,62
Kat2b,1121,120,46,7,49,11,25,22,24
Sgo1,41,1,2,0,5,2,1,0,4
Slc5a7,0,0,0,5,6,3,4,5,1
St6gal2,27,0,0,0,4,1,2,1,0
Pot1b,88,14,3,2,7,5,4,2,4
Adgre4,0,0,1,0,0,0,0,0,0
Zfp119a,85,13,2,2,4,1,4,1,1
Zfp959,105,18,6,5,15,2,2,6,3
Zfp119b,67,2,0,0,4,2,2,0,3
Ebi3,1,0,0,0,0,0,0,0,0
Gm16712,0,0,0,0,0,0,0,1,0
Ccdc94,109,9,4,1,4,1,2,2,0
Shd,9,1,0,2,7,2,1,4,1
Fsd1,1,0,0,4,0,0,0,1,2
Stap2,7,0,0,0,2,0,0,0,0
Mpnd,952,132,52,11,71,26,21,19,28
Sh3gl1,1595,142,50,29,128,29,40,27,45
Chaf1a,99,5,2,1,4,1,3,2,3
Ubxn6,1158,121,32,19,80,26,38,23,32
Hdgfl2,653,65,26,9,50,22,21,18,16
Plin4,411,32,12,0,8,2,5,1,1
Plin5,4,0,0,0,0,0,0,0,0
Lrg1,129,48,19,1,3,9,0,1,0
Sema6b,63,19,5,0,5,2,2,5,1
Tnfaip8l1,18,0,0,1,1,5,0,0,0
Mydgf,2921,430,141,40,269,93,89,59,67
Dpp9,647,123,32,11,39,27,21,10,13
Fem1a,302,24,8,3,16,8,0,2,2
Ticam1,233,32,5,2,8,5,2,1,5
Plin3,2050,240,74,14,127,33,36,43,31
Uhrf1,107,18,4,7,6,5,6,2,3
Kdm4b,159,15,3,3,20,8,3,2,4
Ptprs,1646,85,38,28,112,78,59,38,29
Gm20219,15,21,1,0,4,3,5,1,0
Safb2,1090,211,65,27,118,41,52,18,20
Safb,1043,169,52,29,117,37,59,27,39
2410015M20Rik,3524,518,131,72,262,101,111,50,70
Rpl36,37738,7418,2228,639,3509,1040,1335,833,1000
Lonp1,519,88,22,8,49,15,23,9,6
Catsperd,3,0,1,0,0,0,1,0,0
Ranbp3,443,48,27,6,22,4,15,11,15
Vmac,218,26,5,3,21,12,16,4,8
Ndufa11,3615,540,171,70,313,95,113,87,76
Nrtn,82,4,8,5,17,1,12,4,10
Dus3l,316,31,12,1,15,7,8,6,4
Prr22,7,0,0,0,0,0,1,0,0
Rfx2,117,25,6,0,14,4,10,4,3
1700061G19Rik,4,0,0,0,1,0,0,0,0
Mllt1,237,30,13,5,20,11,11,8,5
Acer1,0,1,0,0,0,0,1,0,0
Clpp,957,85,29,15,75,18,15,18,33
Alkbh7,327,32,8,6,18,5,7,2,2
Pspn,0,2,0,0,1,0,0,0,0
Gtf2f1,611,140,33,17,64,17,18,11,13
Gm17949,2,0,0,0,0,0,0,4,0
Khsrp,669,129,50,18,99,34,32,21,16
Slc25a23,123,21,3,3,15,8,10,8,7
Crb3,0,0,0,0,0,0,0,0,1
Dennd1c,0,2,0,0,1,0,1,0,0
Tubb4a,129,30,11,1,32,5,10,10,9
Gm11110,75,5,3,2,2,3,2,0,0
Tnfsf9,214,194,126,32,195,18,90,28,40
Cd70,0,0,0,0,0,1,0,0,0
Tnfsf14,0,9,11,5,7,4,5,7,3
C3,14122,3433,906,156,3097,537,1420,286,305
Gpr108,967,109,28,15,67,15,28,11,15
Trip10,771,136,53,13,122,30,49,30,28
Vav1,0,1,3,0,1,0,0,0,0
Adgre1,1,0,9,0,0,0,0,0,1
Rpl7a-ps5,74,10,10,4,4,2,6,11,9
Nudt12,17,2,2,0,2,1,0,0,2
Efna5,986,148,38,11,53,10,37,16,6
Fbxl17,581,59,12,3,31,14,14,5,14
A930002H24Rik,3,0,0,0,0,0,0,0,0
Fer,398,60,14,3,38,20,15,8,14
Pja2,1299,127,39,11,70,30,43,21,19
Man2a1,5449,602,184,16,265,111,134,69,56
Gm17133,0,0,0,0,0,0,0,0,0
Tmem232,0,1,0,0,0,0,0,0,1
Vapa,3321,566,171,58,324,142,99,85,102
Txndc2,1,0,0,0,0,0,0,0,0
Rab31,843,93,24,13,59,35,32,15,18
Ppp4r1,459,61,14,5,31,13,21,7,5
Ralbp1,3139,462,168,42,239,75,104,37,71
Twsg1,3852,516,207,29,226,85,97,43,53
Ankrd12,2434,475,103,40,200,92,72,57,65
Ndufv2,2651,297,92,40,184,64,75,52,48
Washc1,604,43,23,6,36,14,16,12,8
Ddx11,25,2,1,3,4,3,1,0,2
Mtcl1,41,5,2,0,4,1,0,0,1
Rab12,1876,242,68,28,131,49,70,49,43
Ptprm,306,23,11,1,14,7,16,7,7
Arhgap28,187,16,3,2,22,4,8,7,4
Epb41l3,1284,129,33,6,61,39,28,10,4
Zbtb14,235,14,9,1,8,5,7,3,3
A930029G22Rik,19,6,3,0,1,0,2,0,0
C030034I22Rik,53,10,5,0,5,0,2,0,0
Dlgap1,18,5,1,1,2,3,8,3,1
Gm20703,0,0,0,1,0,0,0,0,0
Tgif1,647,277,63,29,92,18,76,21,22
Gm28727,7,2,1,0,0,0,1,1,1
Gm26510,3,0,0,0,0,0,0,0,0
Gm16519,2,0,2,0,0,0,2,1,1
Myl12b,2910,472,178,56,383,137,125,86,96
Myl12a,9475,1143,322,195,817,310,305,194,241
Myom1,11,0,1,1,1,0,0,0,0
Lpin2,370,66,15,5,38,11,20,16,10
Emilin2,2582,317,124,8,202,32,57,43,28
Smchd1,1218,153,50,31,94,27,48,25,35
Gm4707,60,10,1,1,3,4,2,6,5
Ndc80,52,6,0,5,10,5,7,0,0
Spdya,11,1,0,0,0,0,1,1,0
Wdr43,661,122,30,18,67,20,29,11,22
Togaram2,1,0,0,0,0,0,0,0,0
Clip4,264,34,17,0,28,5,4,13,10
Ypel5,566,141,60,16,178,27,40,13,20
Lbh,589,53,14,8,55,36,18,6,10
Lclat1,256,24,6,0,18,8,9,3,9
Galnt14,1,1,0,1,4,0,1,0,0
Ehd3,215,14,5,1,7,7,3,3,3
Xdh,4972,702,218,14,208,49,101,27,37
Memo1,537,74,24,5,52,13,14,16,11
Dpy30,789,136,61,11,59,39,28,18,26
Spast,599,65,16,6,36,19,17,9,15
Slc30a6,253,43,9,3,25,8,7,3,13
Nlrc4,0,0,0,0,0,0,0,0,0
Yipf4,2040,236,82,42,181,54,59,38,42
Birc6,2003,235,62,26,150,60,68,33,52
Gm26749,1,2,0,0,0,0,1,0,0
Ttc27,185,22,5,3,14,2,6,2,2
Ltbp1,4637,557,135,81,216,85,110,80,79
Rasgrp3,21,2,1,0,0,0,0,0,1
Fam98a,461,47,11,4,25,12,10,3,4
Crim1,596,68,36,7,43,17,24,11,15
Fez2,594,85,21,6,55,10,20,6,10
Gm10093,2,2,0,0,1,0,1,1,1
Vit,962,44,24,5,47,23,17,19,18
Strn,333,40,12,3,19,10,7,6,5
Heatr5b,237,35,10,5,13,6,9,3,5
Gpatch11,416,61,21,5,35,6,10,6,11
Eif2ak2,423,124,36,10,55,19,20,13,4
Gm26637,2,1,0,0,0,0,0,1,0
Sult6b1,1,1,0,0,1,0,0,0,0
Cebpzos,684,102,28,9,43,26,30,18,12
Cebpz,1284,202,59,25,121,38,50,46,35
Ndufaf7,400,46,17,7,32,15,10,10,15
Prkd3,1369,151,42,8,69,29,33,15,25
Qpct,4064,373,160,14,183,45,47,25,56
Cdc42ep3,404,20,9,15,41,15,24,3,24
Gm17315,7,0,0,0,0,0,0,0,0
Rmdn2,121,21,6,0,12,3,4,0,2
Cyp1b1,2484,481,145,23,157,60,121,35,42
Atl2,502,140,31,21,108,29,41,14,13
Hnrnpll,976,241,66,25,111,37,52,21,20
Galm,216,30,8,1,22,6,3,0,5
Srsf7,2025,490,147,80,255,78,133,77,91
Gemin6,205,25,10,2,10,5,6,6,8
Dhx57,267,19,10,0,24,7,4,8,5
Morn2,106,26,12,1,9,4,3,4,3
Arhgef33,2,0,0,2,2,0,0,0,0
Sos1,543,45,12,4,42,13,11,16,19
Cdkl4,3,0,1,0,0,1,0,0,0
Map4k3,580,74,20,10,53,16,21,11,14
C230072F16Rik,0,1,0,0,0,0,0,0,0
Tmem178,6,7,0,0,3,0,2,1,1
Thumpd2,137,13,4,0,8,3,3,2,2
Slc8a1,17,3,0,0,2,3,1,0,0
Pkdcc,421,107,34,6,73,18,22,8,8
Eml4,631,65,17,6,43,17,20,13,17
Cox7a2l,6453,811,229,52,311,124,136,70,89
Kcng3,0,0,0,0,0,0,0,0,0
Mta3,410,72,20,5,44,7,19,9,9
Haao,0,0,0,0,0,0,0,0,0
C430042M11Rik,3,2,1,0,0,0,0,0,0
Zfp36l2,7306,1100,457,74,545,162,262,93,107
Thada,127,14,2,0,9,2,0,1,3
Plekhh2,392,26,5,3,23,10,16,13,12
Dync2li1,374,44,10,9,26,12,21,11,10
Lrpprc,427,53,11,5,29,12,11,7,7
1110020A21Rik,30,1,1,0,3,0,0,0,1
Ppm1b,627,87,33,8,47,17,24,10,13
Slc3a1,5,1,0,0,1,1,0,0,0
Prepl,116,10,3,2,5,6,1,0,3
Camkmt,14,2,0,2,1,1,0,1,1
Six2,0,0,1,1,0,0,0,1,0
Srbd1,193,20,6,4,16,7,6,6,3
Prkce,679,94,32,5,35,19,18,9,11
2010106C02Rik,4,0,0,0,0,0,1,0,0
Gm10309,25,3,0,0,0,0,0,0,0
Epas1,1548,84,26,7,23,26,28,6,3
Atp6v1e2,1,1,0,0,0,0,0,2,0
Rhoq,2027,269,87,15,135,53,56,33,39
Pigf,225,37,19,3,22,8,12,5,6
Cript,1294,219,62,28,123,43,50,34,26
Socs5,546,70,25,7,35,15,11,5,4
Mcfd2,2575,362,120,18,164,53,54,47,67
4833418N02Rik,88,10,1,1,2,4,8,4,4
Ttc7,442,62,18,2,23,8,10,4,7
0610012D04Rik,5,0,0,0,0,0,0,0,0
Stpg4,0,0,0,0,0,0,2,0,0
Calm2,7590,1309,424,173,784,342,413,231,240
Epcam,12,2,0,2,2,2,1,1,1
Msh2,291,24,8,1,11,9,5,3,7
Kcnk12,26,1,1,0,1,0,1,1,1
Msh6,131,24,8,0,14,6,6,6,1
Fbxo11,1226,174,62,23,113,35,44,22,22
Foxn2,586,89,35,10,61,33,30,19,15
Ppp1r21,335,56,19,5,17,9,7,5,7
Ston1,89,10,4,1,2,3,0,1,2
Gtf2a1l,0,0,0,0,0,0,1,0,0
Gm10184,6,0,0,1,2,2,1,0,0
Nrxn1,4,0,0,1,3,0,3,3,0
Gm6741,0,0,0,0,2,0,0,0,0
Mettl4,41,5,1,1,1,4,1,1,1
Gm1976,53,13,1,0,3,2,0,1,1
Gm26734,9,1,0,0,0,0,0,0,1
Gm20939,5,1,1,0,2,1,0,0,0
Kdm5d,162,14,9,0,6,1,0,2,3
Eif2s3y,753,114,31,8,34,1,11,11,15
Gm29650,9,2,0,0,1,0,0,0,0
Uty,200,46,12,2,10,2,3,2,1
Ddx3y,809,246,68,7,40,4,20,23,14
Gm47283,814,506,197,187,655,164,129,58,60
Crem,364,98,39,20,97,28,24,17,10
Gm6225,5,1,0,0,0,0,1,1,0
Cul2,481,48,20,8,31,15,9,7,15
Bambi,190,49,31,31,72,36,54,31,21
Map3k8,700,308,85,26,110,24,50,26,37
Mtpap,486,39,10,4,22,16,8,9,7
Jcad,673,57,17,14,40,5,20,4,15
Svil,2683,274,68,16,198,72,122,27,47
Gm26682,45,13,9,0,4,1,0,1,4
Zfp438,81,8,3,0,3,2,3,2,3
Zeb1,1222,212,52,18,116,38,34,21,27
Arhgap12,480,48,21,7,40,6,18,12,11
Kif5b,3361,483,151,77,252,112,110,66,88
Rpl27-ps3,1328,448,115,39,154,28,47,40,51
Epc1,756,138,38,24,94,36,45,24,32
Gm28529,11,0,0,0,0,0,0,0,1
Rab18,3183,377,111,65,253,108,139,86,84
Mkx,473,41,13,7,13,8,27,10,3
Mpp7,144,13,7,7,12,8,6,6,6
Wac,1661,307,99,30,162,60,90,34,41
Fzd8,174,26,11,5,34,11,24,6,3
Ccny,903,117,31,6,53,26,24,15,24
Colec12,2909,360,80,15,122,58,83,30,44
Gm17430,3,3,0,0,0,0,1,0,1
Thoc1,512,67,26,9,45,13,14,6,19
Usp14,763,136,33,19,72,28,27,24,21
Rock1,2204,413,106,44,165,75,101,47,62
Greb1l,338,35,12,3,9,6,3,2,3
Esco1,354,47,18,6,22,9,15,12,10
Snrpd1,2695,371,144,62,206,63,72,66,71
Abhd3,70,7,4,2,6,4,4,2,2
4930563E18Rik,1,0,0,0,0,0,0,0,0
Mib1,1772,141,53,17,107,42,43,25,33
1010001N08Rik,2,1,0,0,2,0,0,0,0
Gata6,137,20,11,0,27,7,17,2,0
Rbbp8,200,43,22,6,18,7,9,2,8
Gm6277,39,2,0,0,2,2,0,2,1
Cables1,176,11,3,1,8,7,5,5,2
Tmem241,159,16,2,1,13,4,2,5,4
Riok3,1389,271,92,20,98,30,44,26,25
3110002H16Rik,274,31,13,4,21,15,15,7,4
Npc1,1036,156,59,12,56,28,27,12,25
Gm15956,7,3,2,2,2,0,0,0,1
Ankrd29,727,24,11,4,13,3,4,5,10
Lama3,4,0,0,0,0,0,0,0,0
Ttc39c,474,50,10,5,38,10,15,7,6
Cabyr,5,2,0,0,2,0,0,0,0
Osbpl1a,798,113,36,10,65,18,25,21,15
Impact,960,239,85,31,141,55,58,24,30
Hrh4,0,0,0,0,0,0,0,0,0
Zfp521,698,57,13,1,38,12,18,7,9
Gm5160,2,1,0,0,0,0,0,0,0
Ss18,1085,119,45,43,116,30,49,49,45
Psma8,0,0,0,1,0,0,0,0,0
Taf4b,95,116,35,5,41,10,19,15,11
Kctd1,174,6,4,9,41,24,24,11,22
Gm10036,329,61,9,4,8,5,1,14,17
Cdh2,36,2,5,3,12,9,3,3,4
Dsc3,0,0,0,0,0,0,1,1,0
Dsc2,0,1,0,0,0,0,0,0,1
Dsc1,0,0,0,0,0,0,0,0,0
Dsg1a,2,0,0,0,0,0,0,0,0
Dsg1b,0,0,0,0,0,0,0,0,0
Dsg4,0,0,0,0,0,0,0,0,0
Dsg3,1,0,0,0,0,0,0,0,0
Dsg2,1,1,0,0,0,0,0,1,0
Gm10269,150,35,10,2,6,1,6,5,7
B4galt6,53,6,2,2,15,3,2,7,2
Trappc8,484,56,15,7,34,13,19,11,6
Rnf125,119,8,7,3,1,2,2,3,4
Rnf138,477,58,20,6,34,20,15,9,9
Garem1,140,11,3,2,7,3,3,1,3
Klhl14,24,0,0,0,1,0,1,0,0
4930426D05Rik,16,0,1,0,0,0,0,0,3
Asxl3,18,0,1,3,5,2,6,5,1
Nol4,1,0,0,0,1,0,0,0,0
Dtna,161,3,6,2,11,17,5,7,1
Gm15972,49,6,1,1,6,1,0,0,0
Mapre2,1959,221,67,19,95,43,49,20,31
Zfp397,546,92,26,7,39,14,10,11,14
Zfp35,105,10,4,0,4,1,2,4,4
Zfp24,413,45,19,9,40,19,9,12,9
Ino80c,467,63,26,2,36,6,5,14,8
Galnt1,1743,216,90,11,117,36,41,27,34
2700062C07Rik,330,27,11,7,28,9,8,4,6
Rprd1a,240,36,12,4,31,12,10,10,8
Slc39a6,1085,150,57,21,78,28,38,16,15
Elp2,417,42,13,1,24,16,9,11,10
Mocos,117,23,4,1,10,4,3,3,3
Fhod3,102,4,1,5,13,6,4,2,4
Tpgs2,379,66,15,12,49,15,12,14,9
AW554918,149,10,5,0,7,6,6,2,0
Celf4,30,6,1,9,12,0,3,10,6
Pik3c3,359,25,8,3,7,4,7,8,2
Syt4,1,0,0,0,0,0,0,0,1
Slc25a46,628,63,23,9,47,16,13,3,5
B930094E09Rik,11,1,0,0,0,0,0,0,1
Sap130,168,23,3,2,18,2,5,4,2
Ammecr1l,788,107,32,9,66,25,36,21,17
Gm26533,8,2,1,0,0,0,0,0,0
Polr2d,446,93,18,11,63,10,12,15,18
Wdr33,459,42,11,12,35,15,22,17,17
Sft2d3,267,34,6,6,23,8,8,5,4
Lims2,498,61,20,1,30,11,12,5,10
Gpr17,1,0,0,0,0,2,0,0,0
Gm16344,0,0,0,0,0,0,0,0,0
Iws1,715,79,23,15,64,21,21,17,12
Map3k2,980,186,45,18,90,33,44,31,25
Ercc3,321,36,7,4,19,4,8,5,3
A830052D11Rik,14,0,0,0,0,0,0,0,0
Bin1,1179,160,59,14,103,36,39,20,41
Gypc,737,44,16,6,32,18,16,9,10
Tslp,205,71,23,1,14,3,3,5,5
Wdr36,409,42,17,0,19,9,5,4,5
Camk4,37,1,1,1,2,7,2,2,1
Stard4,217,40,13,12,13,3,5,6,7
Nrep,2092,167,13,16,78,84,78,26,29
Epb41l4aos,968,106,29,9,32,22,33,8,13
Epb41l4a,69,13,4,0,1,2,2,2,0
Apc,789,80,38,12,57,24,32,17,25
Srp19,2516,337,109,39,200,75,80,49,68
Reep5,9451,1106,359,182,851,241,287,183,224
Pkd2l2,0,0,0,0,0,0,0,1,0
Fam13b,256,45,10,5,37,15,14,14,10
Nme5,11,2,2,0,2,2,0,1,1
4933408B17Rik,32,13,3,3,6,3,3,2,1
Brd8,1020,100,43,22,98,37,36,27,34
Kif20a,56,11,5,1,3,6,1,2,0
Cdc23,550,38,11,11,31,16,13,9,8
Gfra3,21,0,0,1,0,14,5,0,1
Cdc25c,18,5,0,2,1,5,0,0,0
Gm3550,15,5,1,0,7,2,1,3,5
2010110K18Rik,5,0,0,0,0,0,0,0,0
Fam53c,636,78,25,7,52,13,15,14,14
Kdm3b,325,49,13,3,39,7,13,13,16
Gm26538,2,0,0,0,0,1,0,0,2
Reep2,60,12,1,1,6,3,1,2,1
Egr1,28002,8446,2551,505,3587,1048,1872,731,1020
Etf1,2245,518,177,52,276,66,93,63,69
Hspa9,3053,517,160,60,243,71,88,61,64
Ctnna1,2084,225,88,31,143,107,86,56,42
Lrrtm2,2,1,0,2,7,1,1,3,3
Sil1,538,81,20,3,30,10,11,12,9
Gm5239,92,34,22,3,22,8,6,4,4
Gm28285,0,3,2,2,1,0,0,1,0
Matr3,2831,409,117,58,230,95,113,76,86
Paip2,4071,525,160,79,366,116,135,76,92
Slc23a1,6,17,7,8,16,8,5,5,14
Mzb1,0,0,0,1,0,0,2,0,0
Prob1,6,1,0,0,2,0,0,1,0
Spata24,96,7,3,4,8,2,3,1,1
Dnajc18,438,63,18,6,33,11,21,7,8
1700066B19Rik,6,1,0,1,5,0,1,0,0
Ecscr,471,56,5,4,28,13,12,5,3
Tmem173,585,103,36,3,60,21,32,16,16
Ube2d2a,2690,391,126,40,226,68,77,67,53
Cxxc5,1203,98,38,8,61,53,37,20,20
Gm29417,2,2,0,0,0,0,1,0,0
Psd2,11,1,0,0,2,0,1,0,0
Nrg2,55,1,2,6,5,16,40,28,21
Pura,2932,364,112,37,229,111,114,64,57
Igip,364,46,16,4,17,4,9,3,3
Cystm1,208,40,7,1,16,3,8,4,5
Pfdn1,1744,230,90,38,152,52,49,33,43
Hbegf,190,124,16,3,115,59,27,9,19
Ankhd1,837,144,35,19,84,25,39,21,21
Sra1,3149,385,117,38,223,74,86,44,68
Slc35a4,709,82,26,4,46,16,22,14,9
E230025N22Rik,1,0,0,0,1,0,0,0,0
Cd14,125,21,28,5,19,14,4,2,0
Tmco6,80,12,1,1,2,2,6,2,3
Ndufa2,6697,1050,374,101,480,190,184,113,167
Ik,1344,127,55,16,73,23,31,24,17
Wdr55,218,38,7,6,18,5,3,5,10
Dnd1,10,2,1,3,3,2,2,0,0
Hars,1059,146,47,11,53,18,19,16,15
Hars2,351,20,2,3,16,6,15,2,6
Zmat2,1280,177,55,17,83,31,16,28,32
Pcdhb2,3,0,0,0,0,0,0,0,0
Pcdhb3,8,1,0,0,0,0,1,0,1
Pcdhb4,26,6,0,0,3,0,1,0,2
Pcdhb5,111,15,1,1,3,4,0,1,0
Pcdhb6,12,2,0,0,0,0,3,0,0
Pcdhb7,64,6,0,1,9,1,1,3,1
Pcdhb8,2,1,0,0,0,1,0,0,0
Pcdhb9,125,5,1,0,5,0,2,2,1
Pcdhb10,14,3,0,0,0,1,0,0,0
Pcdhb11,38,6,0,1,4,1,6,0,1
Pcdhb12,41,1,3,0,2,2,0,0,2
Pcdhb13,24,4,1,0,0,1,0,0,0
Pcdhb14,264,17,5,1,6,3,4,2,0
Pcdhb15,35,4,0,0,0,0,3,1,0
Pcdhb16,161,19,0,3,9,7,8,2,1
Pcdhb17,311,18,7,2,23,12,12,4,2
Pcdhb18,39,4,1,0,1,0,2,0,1
Pcdhb19,95,6,1,3,3,4,6,4,2
Pcdhb20,86,9,3,2,16,2,3,7,2
Pcdhb21,119,11,4,0,2,3,2,1,1
Pcdhb22,149,20,4,2,6,2,5,1,2
Slc25a2,0,1,0,0,4,0,1,0,1
Taf7,327,108,22,22,47,14,26,9,15
3222401L13Rik,98,11,4,0,10,2,1,1,5
Pcdhga1,21,2,1,0,0,0,1,0,0
Pcdhga2,27,3,1,1,1,1,2,2,0
Pcdhga3,17,5,1,1,3,0,2,2,1
Pcdhgb1,4,2,0,0,0,1,0,1,0
Pcdhga4,26,5,0,1,1,0,1,0,1
Pcdhgb2,24,0,1,0,0,1,1,0,2
Pcdhga5,35,6,1,2,1,2,2,2,6
Pcdhga6,58,8,2,2,4,3,0,1,3
Pcdhga7,36,3,0,0,4,0,3,2,0
Pcdhgb4,100,5,2,0,5,4,2,0,0
Pcdhga8,11,3,2,0,2,0,1,1,0
Pcdhgb5,64,5,1,1,2,0,2,1,4
Pcdhga9,56,4,2,0,3,2,3,2,0
Pcdhgb6,33,4,2,0,5,2,0,1,2
Pcdhga10,26,2,1,0,2,0,0,0,0
Pcdhgb7,12,4,1,0,0,0,0,0,0
Pcdhga11,26,5,0,1,5,0,1,2,2
Pcdhga12,330,30,9,6,14,7,9,12,4
BC037039,62,5,1,1,2,0,2,2,2
Pcdhgc3,69,19,6,0,11,1,3,0,3
Pcdhgc4,311,13,6,2,11,4,11,8,6
Pcdhgc5,130,12,4,1,3,4,2,2,1
Gm29994,18,15,4,3,4,1,2,0,2
Diaph1,1166,184,72,8,111,29,50,25,23
Hdac3,984,84,36,12,55,20,18,22,18
Rell2,2,0,0,0,0,0,1,0,0
Fchsd1,61,4,2,1,9,1,3,3,2
Arap3,6,1,0,0,1,0,0,1,0
Pcdh1,160,7,5,1,5,7,0,2,3
1700086O06Rik,66,7,1,2,7,3,0,2,0
0610009O20Rik,331,35,14,3,34,9,10,3,7
Pcdh12,0,0,0,0,0,0,0,0,0
Rnf14,967,79,29,5,47,21,20,12,15
Gnpda1,318,25,12,4,19,7,8,7,6
Ndfip1,1214,124,42,24,131,38,34,27,38
Spry4,106,23,3,5,16,7,14,12,8
Arhgap26,24,2,0,1,2,0,0,3,1
Fgf1,9,0,0,0,2,2,2,0,4
Gm15337,3,1,0,0,1,0,1,0,2
Nr3c1,2684,285,91,24,153,60,62,46,52
Pabpc2,1,0,0,0,0,0,0,0,0
Yipf5,2770,364,104,45,199,79,64,52,50
2900055J20Rik,6,1,0,0,0,0,1,1,1
Prelid2,76,8,2,2,10,2,3,2,2
Sh3rf2,0,0,0,0,0,0,0,0,0
Gm5689,0,0,0,0,0,0,0,0,0
Lars,837,114,30,10,37,20,19,10,24
Rbm27,661,152,42,18,70,31,27,22,17
Tcerg1,934,109,38,11,52,28,25,20,18
Ppp2r2b,27,4,2,0,17,1,3,3,3
Stk32a,1,2,0,0,0,0,2,0,0
Dpysl3,3431,327,74,43,211,65,81,53,38
Eif3j2,210,30,22,4,14,8,10,5,3
Jakmip2,1,0,0,0,0,0,0,0,0
Spink5,7,0,0,0,0,0,0,0,0
Spink6,2,0,0,0,0,0,1,0,0
Myot,1,0,0,0,0,0,0,0,0
Dcp2,444,72,8,3,49,9,8,3,14
Mcc,1500,129,37,9,62,34,36,27,11
A930012L18Rik,19,1,0,1,2,0,2,0,0
Ythdc2,343,55,12,9,37,17,17,8,8
Kcnn2,2,0,0,1,0,1,0,0,0
Trim36,4,3,1,0,3,3,1,0,0
Pggt1b,215,20,4,1,21,5,6,3,10
Ccdc112,81,15,5,4,14,7,7,5,10
Fem1c,336,95,46,10,46,16,22,5,8
Ticam2,4,1,0,0,3,0,1,0,0
Tmed7,2484,319,102,44,178,59,61,46,68
Eif1a,1729,492,138,82,293,89,123,114,78
Cdo1,926,29,7,6,28,6,7,6,5
Atg12,464,92,21,20,53,18,28,11,13
Ap3s1,2278,250,73,30,196,63,72,45,42
Lvrn,70,12,6,0,4,1,0,5,3
Arl14epl,4,1,0,0,0,0,0,0,0
Commd10,479,66,24,9,51,9,23,12,12
Sema6a,705,48,17,5,34,17,28,16,7
Eno1b,31,5,3,1,1,1,1,2,0
Dtwd2,84,8,6,0,2,3,3,0,0
Dmxl1,833,92,28,11,81,33,33,22,28
Tnfaip8,1021,64,15,5,41,36,22,9,9
Hsd17b4,1191,146,37,16,65,26,41,18,22
Fam170a,3,0,0,0,0,0,0,0,0
Prr16,504,48,11,7,11,4,14,6,12
Gm4950,41,6,2,1,4,0,1,1,0
Srfbp1,157,25,6,4,16,5,2,2,4
Lox,16618,1572,319,75,683,315,308,83,93
Sncaip,28,0,1,0,2,1,3,1,1
Snx2,1801,175,83,10,92,30,55,24,25
Snx24,414,33,5,8,35,6,5,6,8
Ppic,18306,1005,270,272,1234,617,588,129,279
Prdm6,183,3,5,0,7,1,1,0,0
Cep120,370,43,18,8,26,11,11,7,5
Csnk1g3,1075,116,42,13,72,40,32,33,33
Zfp608,339,39,17,3,47,17,18,8,15
Gm26742,3,1,0,0,0,0,0,0,0
Gm4221,3,0,0,0,0,0,0,0,0
Gramd3,581,114,45,12,61,10,11,6,7
Aldh7a1,1485,198,65,25,105,39,58,27,31
Phax,1108,116,28,16,71,28,21,24,27
Lmnb1,252,26,32,15,36,34,15,12,6
March3,143,74,18,0,18,5,17,1,3
C330018D20Rik,121,17,4,2,8,3,2,2,1
Megf10,22,0,1,0,4,7,0,1,0
Prrc1,1813,189,47,23,127,30,36,24,40
Ctxn3,0,1,0,0,1,0,0,0,0
Slc12a2,373,82,22,5,27,21,19,13,11
Fbn2,1435,62,12,5,109,93,26,17,23
Slc27a6,222,22,12,1,7,4,2,0,0
Isoc1,375,69,18,13,34,13,14,14,12
Adamts19,16,0,0,1,6,1,3,2,0
A730017C20Rik,66,10,5,1,2,8,5,2,2
Chsy3,5,1,0,1,1,0,2,0,0
Gm4951,195,71,17,0,38,3,15,3,1
Gm4841,9,3,1,1,4,3,4,0,1
F830016B08Rik,102,55,12,1,34,3,9,5,1
Iigp1,631,422,146,14,298,79,190,6,11
Smim3,990,123,42,23,62,29,15,27,11
Dctn4,1030,146,33,14,90,32,41,19,33
Rbm22,987,137,43,10,85,28,49,25,21
Synpo,593,60,18,9,21,21,22,10,8
Ndst1,804,77,33,6,39,22,27,16,15
Rps14,60449,7962,2367,482,2799,1059,1312,739,1005
Cd74,57,21,63,51,45,46,75,11,10
Tcof1,473,62,19,6,40,12,13,12,7
Arsi,1348,66,37,2,59,25,22,21,24
Camk2a,359,31,5,7,19,8,10,2,4
Slc6a7,155,3,2,0,0,3,1,2,1
Pdgfrb,4523,505,151,25,230,119,139,50,76
Csf1r,620,43,19,1,25,5,2,1,14
Hmgxb3,227,39,9,7,19,10,12,7,9
Slc26a2,494,80,30,4,44,11,15,10,7
Pde6a,0,0,0,0,0,0,0,0,0
Ppargc1b,68,6,3,0,4,1,1,1,2
Arhgef37,1,0,0,0,0,0,0,0,0
Csnk1a1,6657,1093,331,144,493,178,246,151,137
Bvht,165,30,13,4,26,14,13,11,7
Carmn,152,22,0,10,17,3,10,14,13
Il17b,2,0,0,0,0,0,0,0,0
Pcyox1l,63,12,3,0,4,1,2,1,1
Grpel2,312,33,9,3,13,10,8,6,8
1500015A07Rik,42,4,1,1,4,1,4,2,2
Afap1l1,6,0,2,0,0,9,3,0,1
Ablim3,4,1,2,0,4,0,0,1,1
Sh3tc2,2,0,1,1,0,1,0,0,0
Adrb2,27,26,8,2,4,3,5,7,3
Gm9949,5,1,0,0,0,1,0,0,0
Fbxo38,490,39,19,6,22,16,11,5,8
Spink10,5,1,1,0,4,3,1,2,1
Spink13,20,1,1,0,2,0,1,0,0
2700046A07Rik,42,0,1,0,0,1,0,0,0
Apcdd1,139,22,4,5,6,3,5,1,9
Napg,568,77,28,12,48,24,27,11,22
Piezo2,199,4,0,5,9,10,6,8,5
Txnl1,2179,354,136,68,225,73,84,63,70
Wdr7,280,23,7,2,19,6,4,7,5
St8sia3,0,0,0,0,0,0,0,0,0
Fech,1176,123,30,9,61,23,39,17,29
Nars,2124,363,118,32,145,56,70,33,36
Atp8b1,764,114,28,2,61,31,27,19,22
A330084C13Rik,19,4,1,0,1,0,1,1,2
Nedd4l,223,29,5,1,23,4,8,8,5
Alpk2,8,15,21,6,28,7,16,55,60
Malt1,177,15,23,2,14,4,4,4,7
Zfp532,288,26,8,5,17,13,10,8,8
Oacyl,17,4,0,0,0,0,0,1,0
Sec11c,970,209,66,24,110,48,50,53,40
Rax,47,1,0,0,0,0,1,0,0
Lman1,4533,550,123,47,288,118,108,64,73
Ccbe1,1041,144,45,1,18,22,24,6,10
Pmaip1,17,19,8,8,13,2,9,6,0
Gnal,16,7,2,0,3,1,1,0,1
Chmp1b,507,44,20,2,22,15,10,6,14
Mppe1,42,5,1,0,1,1,0,1,3
Impa2,92,12,3,1,11,5,3,1,1
Cidea,1,0,0,0,0,0,0,0,0
Tubb6,1802,429,159,32,231,62,97,49,51
Afg3l2,473,46,16,5,29,6,9,14,13
Prelid3a,7,1,0,0,2,0,0,0,0
Spire1,300,39,11,4,13,18,12,6,6
Gm17669,26,1,0,0,0,0,1,1,1
Cep76,115,16,7,6,14,6,5,4,5
Psmg2,444,82,24,6,41,9,10,11,14
Ptpn2,897,140,47,17,54,21,42,9,20
Gm26910,12,4,1,0,3,0,3,0,1
Seh1l,677,98,34,6,50,21,22,13,16
Cep192,350,36,15,7,27,13,18,14,10
Ldlrad4,309,32,7,8,25,10,4,6,6
Fam210a,343,42,14,5,25,9,11,13,14
Rnmt,585,75,14,17,36,14,17,13,20
Mc5r,4,0,0,0,1,0,0,0,1
Mc2r,16,0,0,0,0,1,0,1,3
Tcf4,10088,1237,338,152,565,313,394,174,250
Ccdc68,24,6,0,0,10,0,0,2,1
Rab27b,38,1,3,0,3,1,0,0,0
4930503L19Rik,249,40,10,5,17,11,9,1,4
Stard6,28,7,1,1,1,0,0,0,2
Poli,83,8,3,1,4,1,2,0,1
Mbd2,2618,405,111,38,229,73,86,55,64
Dcc,0,0,0,0,1,3,1,3,0
Mex3c,763,177,57,32,101,54,46,21,32
Smad4,1823,185,59,20,137,45,44,41,41
Elac1,193,15,12,2,12,5,8,2,5
Me2,226,38,15,10,20,9,3,6,4
Mro,3,0,0,0,0,0,0,0,0
Mapk4,2,1,0,0,2,0,0,0,1
Ska1,40,3,0,7,11,2,3,0,0
Cxxc1,549,106,37,14,60,19,28,11,17
Mbd1,879,140,66,14,139,22,68,27,71
Cfap53,17,8,2,0,2,1,0,0,4
Myo5b,1,0,0,0,0,0,0,0,0
Acaa2,1663,296,63,13,140,31,37,42,48
Lipg,7,11,0,1,8,1,5,1,0
Rpl17,50368,7970,2204,334,1797,707,905,492,668
BC031181,1834,273,81,39,169,68,68,60,59
Dym,564,43,21,2,46,10,14,9,4
Smad7,854,735,276,42,333,61,110,44,65
Ctif,281,33,8,4,13,9,10,7,8
Gm10532,1,0,0,0,0,1,0,0,0
Zbtb7c,35,4,0,0,5,1,2,1,0
Smad2,555,83,26,18,49,20,32,21,24
Ier3ip1,2678,451,151,63,343,127,106,77,85
Hdhd2,469,65,17,12,56,18,11,16,15
Katnal2,3,0,0,0,0,0,0,0,0
Pias2,592,69,20,9,47,17,16,10,13
St8sia5,0,0,0,0,0,0,0,0,0
Rnf165,553,50,18,1,34,4,9,5,10
8030462N17Rik,72,13,3,3,13,1,5,0,1
Haus1,247,43,13,4,14,14,7,5,4
Atp5a1,8083,1045,364,119,472,195,183,145,187
Pstpip2,4,0,0,0,0,0,0,0,0
Epg5,241,22,10,0,7,3,3,6,5
Slc14a1,0,0,0,0,0,0,1,0,0
Gm6133,148,26,3,0,2,2,3,3,2
Setbp1,902,142,25,28,76,33,46,19,18
Pard6g,230,16,10,11,26,18,17,4,3
Adnp2,235,29,9,3,34,4,14,3,10
Rbfa,813,64,29,5,49,15,20,13,15
Gm16286,1745,218,68,29,136,53,47,39,46
Txnl4a,937,134,50,20,103,47,33,20,22
Hsbp1l1,6,0,1,0,0,0,0,0,0
Pqlc1,590,168,52,28,158,27,33,26,17
Kcng2,124,6,2,2,9,4,6,6,5
Gm26676,5,2,0,1,0,0,0,0,1
Ctdp1,268,32,8,4,18,2,6,4,6
Nfatc1,427,222,65,16,113,18,76,10,19
Atp9b,608,67,20,10,46,17,20,11,20
Mbp,198,37,9,0,19,13,6,19,9
Zfp236,298,33,10,4,25,11,12,9,9
4930445N18Rik,1,0,0,0,1,0,0,0,0
Zfp516,803,105,42,7,56,31,20,9,11
Tshz1,991,111,39,6,59,18,24,9,14
Zadh2,722,69,21,3,39,4,15,5,7
Zfp407,290,33,10,5,26,10,10,10,6
Cndp1,12,7,1,6,11,7,3,10,13
Cndp2,1763,342,77,11,87,33,34,21,21
Fam69c,86,18,1,0,6,2,2,1,4
Cyb5a,11949,1971,572,84,733,220,269,217,205
Timm21,459,56,15,12,56,14,28,12,15
Neto1,2,0,0,0,1,0,0,0,0
Cbln2,5,0,0,0,0,1,1,0,0
Socs6,361,42,23,10,25,16,17,4,5
Rttn,40,3,4,1,6,1,4,1,1
Cd226,0,0,0,0,0,0,0,1,1
Dok6,9,2,2,3,2,0,0,1,1
Tmx3,1171,173,67,17,81,44,49,35,33
Gm45871,39,4,1,0,7,2,4,0,0
Ighmbp2,81,4,2,0,4,1,1,3,2
Mrpl21,1179,169,44,15,70,39,26,22,19
Cpt1a,645,116,37,5,52,15,19,12,5
Tesmin,9,2,0,0,0,0,0,0,0
Gal,94,10,3,1,39,2,1,0,0
Ppp6r3,1230,133,51,23,101,37,46,36,38
Lrp5,270,55,16,9,33,19,35,11,12
1810055G02Rik,825,97,30,10,54,20,34,23,16
Kmt5b,861,88,27,16,73,26,39,18,16
Chka,591,357,73,33,207,76,72,65,67
Tcirg1,325,70,23,3,44,20,18,10,6
Ndufs8,1113,170,52,31,135,53,37,28,41
Aldh3b1,70,36,7,1,6,1,3,2,2
Unc93b1,474,72,34,6,28,12,21,9,12
Aldh3b2,10,0,0,0,0,0,0,0,0
Acy3,78,11,2,0,7,1,4,3,1
Nudt8,0,1,0,0,0,0,0,0,0
Nudt8-1,59,8,1,3,4,1,2,1,0
Doc2g,33,2,3,1,1,1,0,0,0
Ndufv1,1804,258,70,36,144,44,48,45,44
Gstp1,482,241,165,55,230,69,85,87,74
Gstp2,98,45,25,11,33,3,12,5,16
Gstp3,11,2,0,0,7,0,2,0,0
Cdk2ap2,1007,202,84,38,147,47,53,53,34
Pitpnm1,196,25,9,3,12,7,8,5,4
Aip,1180,144,36,20,96,35,33,25,35
Cabp4,3,0,0,0,2,0,0,0,0
Coro1b,1240,148,65,12,64,32,27,21,23
Ptprcap,1,2,1,1,3,2,11,1,3
Rps6kb2,332,30,8,4,16,6,14,2,5
Carns1,32,2,1,0,2,5,1,1,1
Gm17552,3,1,0,0,0,0,0,0,1
Tbc1d10c,4,1,0,2,1,0,0,0,0
Ppp1ca,5179,639,203,94,360,121,132,73,103
Rad9a,95,17,8,4,9,1,2,2,2
Clcf1,90,32,3,2,21,1,4,9,4
Pold4,1809,228,67,13,107,50,48,32,36
Ssh3,86,21,9,3,19,9,9,7,4
Ankrd13d,15,3,1,0,3,2,1,1,0
Grk2,447,69,35,18,51,18,31,18,15
Kdm2a,1276,250,60,28,119,45,53,37,31
Rhod,124,16,8,3,12,8,10,2,6
Syt12,24,1,1,1,3,0,1,2,0
Pcx,97,4,4,0,7,3,3,0,0
Lrfn4,147,25,7,7,17,5,9,6,3
Rce1,553,79,26,8,55,8,21,14,10
Gm960,2,0,0,0,0,0,0,0,0
Sptbn2,0,0,0,0,0,0,0,0,0
Gm21992,19,6,1,1,1,0,1,1,0
Rbm4b,453,114,39,30,100,31,37,35,31
Rbm4,123,9,5,2,7,1,4,3,5
Rbm14,308,48,15,4,28,15,8,8,6
Ccs,1145,148,52,18,73,25,36,16,31
Ctsf,1703,111,39,7,96,31,54,27,32
Actn3,4,3,0,0,4,1,3,2,0
Zdhhc24,70,11,2,2,1,3,2,2,1
Bbs1,56,6,2,0,4,0,1,1,1
Dpp3,791,95,29,15,38,13,13,15,10
Peli3,20,3,0,1,2,1,2,1,1
Mrpl11,845,128,38,15,62,16,23,23,26
Npas4,2,0,0,0,0,1,0,4,0
Slc29a2,32,6,3,0,0,0,0,1,1
B4gat1,1013,106,31,12,57,35,23,15,16
Brms1,367,38,21,11,22,10,5,5,8
Rin1,63,11,3,0,2,1,0,3,3
Cd248,6503,638,223,28,418,113,212,86,108
Tmem151a,85,3,1,2,5,2,4,5,3
Yif1a,1832,227,43,21,135,44,45,22,46
Cnih2,18,1,0,1,2,1,5,2,0
Rab1b,1144,174,52,19,86,37,28,11,23
Klc2,75,14,1,3,9,4,10,1,5
Pacs1,257,24,4,6,16,6,5,4,4
Sf3b2,2674,317,106,49,174,68,66,42,55
Gal3st3,0,0,0,0,0,0,0,0,1
Cst6,6,0,0,0,4,1,1,1,1
Banf1,1854,347,112,48,161,58,65,41,62
Eif1ad,769,91,22,10,59,30,13,20,9
Sart1,538,72,19,11,41,23,20,11,15
4930481A15Rik,113,10,2,0,4,1,3,1,0
Drap1,3411,471,154,87,341,135,121,92,102
AI837181,841,102,45,19,107,25,36,9,14
Fosl1,185,268,88,12,83,18,45,10,18
Ccdc85b,248,78,32,14,87,28,20,24,24
Fibp,919,116,43,23,84,38,33,24,16
Ctsw,1,0,0,1,1,0,0,1,0
Efemp2,3234,606,173,37,288,70,112,69,55
Mus81,238,21,3,4,26,5,3,6,8
Cfl1,8661,1939,587,447,1383,406,425,348,376
Snx32,74,10,0,2,2,1,4,3,1
1700020D05Rik,8,0,1,0,1,0,0,0,0
Ovol1,1,0,0,0,0,0,0,0,0
Ap5b1,20,1,0,1,0,0,0,0,1
Rnaseh2c,1524,222,87,39,130,51,49,44,40
Kat5,347,28,13,7,30,8,15,13,5
Rela,1191,220,60,26,103,34,61,35,39
Sipa1,285,42,18,7,40,20,10,12,7
Pcnx3,509,64,12,5,33,12,10,15,8
Map3k11,109,21,4,3,10,4,13,2,2
Kcnk7,4,10,0,0,1,1,2,0,0
Ehbp1l1,494,57,31,11,53,10,23,15,17
Fam89b,11,1,2,0,5,6,3,0,2
Sssca1,615,75,33,14,49,12,17,6,11
Ltbp3,2306,163,65,16,159,86,109,31,30
Scyl1,730,101,31,16,73,29,22,14,12
Malat1,508339,107020,20224,11071,44097,15525,19493,14091,15278
Neat1,19224,4304,1376,240,1971,608,1349,397,452
Frmd8os,49,6,2,0,1,2,1,0,0
Frmd8,313,30,14,7,19,7,9,4,4
Slc25a45,120,9,2,0,8,3,5,3,3
Tigd3,6,4,1,0,1,0,0,1,0
Dpf2,659,64,22,18,61,11,24,10,20
Gm42067,24,4,3,2,3,1,4,2,1
Cdc42ep2,830,48,24,7,56,16,13,9,21
Pola2,167,39,14,9,50,16,15,16,20
Slc22a20,0,0,0,0,0,0,0,0,0
Capn1,1170,127,38,10,63,26,41,31,27
Gm10814,7,0,0,0,1,0,0,0,0
Syvn1,416,63,25,7,36,16,24,12,8
Mrpl49,371,50,14,16,35,9,20,6,11
Fau,50234,7877,2388,922,4106,1313,1566,1046,1217
Znhit2,275,26,7,4,12,5,5,4,4
Tm7sf2,25,10,2,5,2,2,0,0,1
Vps51,152,17,8,5,15,1,4,1,9
Tmem262,1,0,0,0,0,0,0,0,0
Zfpl1,782,66,14,13,53,15,15,15,16
Cdca5,28,1,1,3,1,1,1,0,1
Sac3d1,267,31,9,7,25,6,7,8,6
Snx15,401,48,14,7,21,17,21,16,11
Arl2,533,64,12,19,50,23,26,14,21
Batf2,32,8,0,0,0,1,2,1,1
Majin,3,1,0,0,0,1,0,0,0
Gpha2,57,5,9,1,8,5,1,1,0
Ppp2r5b,356,39,14,8,8,6,22,2,8
Atg2a,367,52,18,11,59,14,23,7,14
Ehd1,1521,269,102,24,175,42,59,25,37
Cdc42bpg,130,25,4,4,14,5,9,5,2
Men1,383,43,15,8,44,20,17,10,5
Map4k2,104,16,3,6,18,10,6,2,4
Gm14966,14,6,2,0,1,1,2,0,0
Sf1,1607,261,87,32,186,50,49,46,51
Pygm,14,15,9,1,22,8,5,5,5
Rasgrp2,115,29,2,7,17,22,7,22,17
Nrxn2,221,9,4,8,15,16,12,12,9
Gm14964,261,13,6,5,13,7,11,12,6
Rps6ka4,924,122,24,8,58,21,18,11,9
Ccdc88b,3,0,0,1,2,0,0,0,0
Prdx5,7283,968,315,77,478,192,190,133,149
Trmt112,1822,297,105,50,220,71,76,57,65
Esrra,237,35,9,1,22,9,7,1,7
Catsperz,8,0,0,2,0,2,1,0,0
Gpr137,285,37,14,3,21,16,14,4,9
Bad,1355,195,48,21,111,31,30,29,22
Plcb3,338,41,19,7,48,8,19,7,5
Ppp1r14b,6509,1310,366,165,688,177,140,140,188
Fkbp2,2464,506,122,53,235,99,100,67,79
Vegfb,477,77,21,6,67,17,20,15,11
Dnajc4,523,64,19,5,44,13,21,10,9
Nudt22,248,42,8,1,16,3,9,11,4
Trpt1,61,9,5,1,10,5,6,1,0
Fermt3,7,4,6,0,3,3,1,2,2
Stip1,1023,246,67,31,140,43,40,53,42
Macrod1,292,51,14,6,21,7,8,8,6
Flrt1,16,1,0,0,4,2,1,1,1
Otub1,882,120,41,12,69,29,45,22,23
Cox8a,11703,1945,669,301,1149,441,467,280,331
Naa40,181,15,7,1,8,5,2,2,4
Rcor2,41,4,3,1,5,1,2,2,2
Mark2,775,126,33,8,64,42,42,12,17
Gm17227,8,1,0,1,0,0,1,1,1
Spindoc,143,39,9,8,38,8,9,3,4
1700105P06Rik,10,3,0,0,1,0,1,0,0
2700081O15Rik,735,109,32,14,78,36,37,9,25
Rtn3,2441,374,135,57,206,80,90,40,58
Atl3,903,93,32,5,38,21,19,15,16
Pla2g16,834,83,28,14,61,41,32,15,13
Lgals12,0,0,0,0,1,0,0,0,0
Hrasls5,0,1,0,0,2,0,0,0,0
Slc22a26,0,3,0,0,0,0,1,0,0
Slc3a2,2901,886,256,114,414,120,201,119,116
Wdr74,116,38,13,7,27,12,8,13,2
1700092M07Rik,1,0,1,0,0,0,0,0,0
Stx5a,1553,196,52,30,161,43,55,24,33
Nxf1,1876,284,86,50,210,82,87,47,66
Taf6l,856,144,46,20,71,27,26,27,29
Polr2g,1301,150,53,29,131,43,44,40,36
Zbtb3,19,0,0,0,1,0,0,0,0
Ttc9c,407,55,19,9,31,13,12,12,11
Hnrnpul2,2365,282,83,27,164,49,86,48,48
Gng3,16,12,4,7,17,5,5,9,10
Bscl2,1343,195,56,20,86,28,38,25,31
Lrrn4cl,976,228,86,6,177,36,60,21,27
Ubxn1,2577,377,114,46,229,72,82,62,65
Uqcc3,1460,138,46,13,86,33,43,21,25
Lbhd1,57,13,2,0,2,1,2,1,1
1810009A15Rik,17,9,6,1,8,1,1,1,1
Ints5-1,275,23,6,2,25,7,5,8,4
Ganab,1181,157,42,13,78,24,43,22,18
B3gat3,820,116,33,14,57,24,34,26,21
Rom1,190,38,16,0,12,7,8,3,6
Eml3,371,41,13,1,17,10,6,6,9
Gm10353,7,4,0,0,3,1,0,0,1
Mta2,777,155,45,17,70,38,44,16,17
Tut1,62,10,5,1,8,6,3,3,3
Eef1g,10759,2007,578,175,855,264,317,233,256
Ahnak,21902,2936,932,276,1705,506,671,377,376
Scgb1a1,3,5,0,0,0,3,0,2,1
Asrgl1,389,45,15,7,17,21,8,11,11
Pcna-ps2,15,3,0,0,1,0,5,0,0
Incenp,128,8,5,2,10,12,4,1,1
Fth1,209576,35511,9008,900,8499,1848,3830,2528,2630
Best1,58,17,3,1,11,3,1,3,3
Rab3il1,1116,77,26,5,59,20,15,12,13
Fads3,273,67,11,8,35,5,7,6,6
Fads2,7,3,0,0,3,2,0,3,0
Fads1,650,89,25,10,61,30,29,22,23
Fen1,126,16,10,3,13,1,7,1,3
Tmem258,4905,938,289,123,606,166,204,116,146
Myrf,20,0,1,0,1,0,1,1,0
Dagla,61,4,5,1,3,8,2,1,2
Syt7,5,1,0,0,1,0,0,2,0
Lrrc10b,7,0,0,0,0,0,0,0,1
Ppp1r32,0,0,0,0,1,0,0,0,0
Sdhaf2,585,52,33,10,40,13,14,8,12
Cpsf7,882,114,36,20,70,22,33,14,28
Tmem216,228,47,8,5,31,10,10,5,6
Tmem138,245,27,8,3,19,9,3,4,5
Cyb561a3,4,1,0,0,1,0,0,0,0
Tkfc,134,19,0,1,10,2,2,4,2
Ddb1,4781,375,78,27,241,84,84,47,52
Vwce,2,0,0,0,2,0,0,0,1
Vps37c,122,36,14,3,31,9,10,3,4
Cd5,0,0,0,0,0,0,0,0,1
Cd6,0,0,0,0,0,1,0,0,0
Slc15a3,11,11,2,1,5,5,4,2,2
Tmem132a,270,31,6,5,32,11,10,2,7
Tmem109,1730,180,67,20,129,52,55,39,50
Prpf19,1348,137,48,16,61,24,21,19,24
Zp1,0,0,0,0,0,0,0,0,0
Ptgdr2,0,0,0,0,0,0,0,0,0
Ccdc86,270,86,24,8,43,19,16,9,10
Gm28347,5,0,0,0,0,0,0,0,0
AW112010,909,252,89,9,164,32,81,14,58
Ms4a8a,0,1,0,0,0,1,0,0,0
Ms4a1,0,0,0,0,0,0,0,0,0
Ms4a14,0,0,0,0,0,0,0,0,0
Ms4a7,1,1,2,1,2,0,0,0,2
Gm28935,0,0,0,0,0,0,0,0,0
Ms4a4a,0,1,1,1,0,0,0,0,0
Ms4a4c,2,4,0,0,0,0,0,0,1
Ms4a4b,0,0,1,0,0,1,2,1,1
Gm37387,0,0,0,0,0,0,0,0,0
Ms4a6c,7,16,23,2,4,0,4,3,2
Gm8369,1,0,0,0,0,0,0,0,0
Ms4a6b,1,1,9,0,1,0,0,0,1
Ms4a4d,2967,543,185,8,173,52,93,45,37
Ms4a6d,23,14,5,0,2,1,0,1,1
Ms4a2,0,0,0,0,0,0,0,0,0
Oosp1,0,0,0,0,0,0,0,0,0
Mrpl16,642,84,19,7,47,17,9,16,9
Stx3,207,81,36,4,41,11,19,7,7
Olfr1419,1,2,0,0,1,1,0,2,0
Patl1,324,56,22,3,32,9,18,7,7
Osbp,593,104,25,6,53,16,30,8,19
Olfr1423,2,4,1,0,4,0,4,1,1
Olfr1555-ps1,1,0,0,0,0,0,0,0,1
Olfr1441,4,0,0,0,0,0,0,0,1
Mpeg1,17,8,7,2,2,3,4,0,0
Dtx4,654,42,14,3,40,9,17,5,8
Gm47242,0,0,0,0,0,0,0,0,0
Fam111a,702,125,35,2,70,18,36,8,10
Gm4952,6,0,3,0,2,0,0,1,0
Glyat,31,0,1,0,0,0,0,0,0
Gm15962,1,0,0,0,0,0,0,0,0
Zfp91,2265,331,76,49,181,81,72,54,47
Lpxn,6,2,10,1,1,1,2,2,2
Olfr1444,0,0,0,0,0,0,0,0,0
Olfr1489,1,0,0,0,0,0,0,0,1
Tle4,328,92,36,12,51,18,22,34,35
Psat1,315,68,17,7,18,6,11,3,8
Cep78,118,12,0,2,10,8,3,3,3
C130060C02Rik,3,0,0,0,1,0,0,0,0
Gnaq,1884,218,54,21,100,47,55,34,49
Gna14,82,5,3,7,7,10,9,7,4
Vps13a,423,62,22,8,41,14,15,7,16
Prune2,6,1,1,1,2,2,1,0,1
Gcnt1,9,1,3,0,2,0,0,0,1
Rfk,692,86,29,17,38,21,26,18,18
Pcsk5,4642,219,101,14,80,43,69,43,15
Ostf1,2674,375,125,42,221,63,67,49,58
Nmrk1,223,36,9,3,44,5,10,5,7
Carnmt1,707,102,29,6,50,18,29,10,20
D030056L22Rik,236,41,19,9,32,11,13,7,9
Trpm6,7,0,0,0,1,2,0,1,0
Rorb,127,57,18,16,80,14,6,21,17
Anxa1,11080,2193,762,140,1504,257,409,227,351
Aldh1a1,3305,504,130,3,114,21,48,37,45
Aldh1a7,7,0,1,0,1,0,0,0,0
Zfand5,3844,1261,371,304,851,166,320,312,215
Gda,5695,644,255,4,174,38,72,45,43
1110059E24Rik,662,68,23,7,36,8,18,9,18
Abhd17b,724,113,27,11,52,21,43,9,10
Tmem2,350,84,28,16,31,17,33,7,11
Trpm3,25,4,1,0,4,10,8,5,6
2410080I02Rik,83,7,1,1,3,4,3,1,3
Klf9,7575,1450,402,105,537,168,323,181,169
Smc5,815,90,39,7,70,25,29,29,26
Mamdc2,152,5,5,2,7,9,4,6,1
1700028P14Rik,1,1,0,0,1,0,0,0,0
Gm9493,659,96,16,5,19,4,4,16,26
Gm6563,160,14,5,0,7,0,6,3,5
Ptar1,151,25,7,2,13,8,8,5,3
Gm9938,132,8,2,2,5,5,4,4,2
Apba1,164,26,8,3,18,8,8,4,2
Fam189a2,43,9,0,2,13,4,4,0,1
Tjp2,85,16,3,1,14,6,3,5,5
Fxn,213,21,9,5,15,5,7,3,7
Pip5k1b,11,0,2,0,3,0,2,1,1
Fam122a,190,37,3,3,32,8,10,9,7
Tmem252,4,0,0,0,1,0,0,0,0
Pgm5,102,2,0,4,4,4,6,0,0
Gm10053,31,4,2,0,0,0,0,2,5
Foxd4,0,0,0,0,1,0,0,0,0
Cbwd1,193,23,7,2,11,7,8,4,1
Dock8,1,0,1,1,4,0,2,0,1
Kank1,157,10,5,2,15,1,1,2,6
2610016A17Rik,12,0,0,0,1,0,0,0,1
Dmrt2,71,4,3,0,8,1,1,0,0
Smarca2,2169,277,68,21,141,70,90,34,39
Vldlr,218,37,5,5,36,12,17,8,1
Kcnv2,0,0,0,0,1,0,0,0,0
Pum3,766,94,30,13,54,17,16,15,13
Rfx3,129,21,6,4,9,8,7,5,4
Glis3,341,30,12,5,19,2,11,6,1
Slc1a1,6,0,0,9,8,0,0,8,3
4430402I18Rik,31,2,1,2,6,1,1,2,0
Plpp6,168,15,6,0,9,8,6,2,0
Cdc37l1,1106,95,39,16,61,38,27,20,28
Ak3,1554,152,38,15,109,33,29,18,32
1700018L02Rik,22,1,2,0,0,0,0,0,0
Rcl1,539,51,15,7,42,5,8,13,14
Jak2,1044,151,42,19,107,21,65,35,31
Insl6,19,3,1,0,1,3,0,1,1
Plgrkt,1508,167,58,23,140,38,39,32,40
Cd274,54,13,7,1,7,1,4,1,3
Pdcd1lg2,1,0,0,0,1,0,0,0,0
A930007I19Rik,18,5,2,1,3,2,0,2,0
Ric1,630,78,34,16,71,34,29,22,25
Ermp1,413,45,14,6,31,11,15,5,5
Mlana,682,120,2,0,25,15,16,7,0
9930021J03Rik,982,102,31,16,72,30,33,20,15
Ranbp6,162,10,3,1,9,0,2,3,7
Il33,3219,567,127,3,144,25,82,28,32
Uhrf2,1580,345,100,38,182,66,76,46,45
Gldc,95,84,25,0,10,0,1,6,4
Dkk1,2,0,0,0,0,0,0,0,0
Prkg1,137,24,3,2,9,1,2,2,1
Cstf2t,318,25,4,0,14,6,7,4,7
A1cf,0,0,0,0,0,0,0,0,0
Asah2,136,20,6,0,7,0,5,1,2
Sgms1,813,70,28,7,57,12,24,16,15
2700046G09Rik,35,7,2,0,4,0,2,3,2
Rpl9-ps6,603,81,43,11,25,12,16,31,28
Minpp1,575,75,28,5,43,12,13,8,11
Papss2,486,66,22,2,41,12,12,14,10
Atad1,891,115,28,11,57,27,29,11,11
Pten,4464,487,160,50,221,124,114,70,72
Rnls,30,4,2,0,0,0,0,1,1
Lipo3,511,73,14,6,30,12,11,13,14
Lipo2,3,1,0,0,0,1,0,0,0
Lipk,4,0,0,0,0,0,0,0,0
Lipm,0,0,0,0,0,0,0,0,0
Ankrd22,0,0,0,0,0,0,0,0,0
Stambpl1,453,76,21,10,51,18,31,27,26
Acta2,1943,41,3,79,525,244,46,14,24
Fas,684,121,42,11,83,19,48,14,22
Ch25h,195,12,11,1,4,2,1,2,3
Gm26902,6,0,0,0,1,1,0,0,0
Lipa,1122,147,34,11,66,30,31,14,16
Ifit2,433,45,11,3,16,6,4,3,3
Ifit3,243,230,35,0,20,15,24,9,5
Ifit1bl1,4,1,0,0,0,0,0,0,0
Ifit3b,37,53,16,0,7,7,5,1,1
Ifit1bl2,2,1,0,0,1,0,0,0,0
Ifit1,215,313,50,0,42,3,64,3,2
Slc16a12,32,3,1,0,2,0,1,1,0
Pank1,70,6,1,1,3,4,2,2,3
Kif20b,74,2,2,2,7,7,2,0,0
Gm5248,1,1,1,0,0,0,0,0,0
A830019P07Rik,5,0,0,0,1,2,0,0,0
Htr7,0,0,0,0,1,0,0,0,0
Rpp30,451,59,18,10,35,11,11,4,4
Ankrd1,10,1,0,1,1,0,1,1,1
Gm47735,2,0,0,0,0,0,0,0,0
Pcgf5,766,129,37,13,58,17,32,8,18
F530104D19Rik,1,0,0,0,0,0,0,0,0
Hectd2,176,18,8,4,9,2,5,6,0
Ppp1r3c,75,1,0,0,1,0,1,0,0
Tnks2,1734,147,49,15,93,40,55,30,34
Fgfbp3,115,9,7,3,7,3,3,1,4
Btaf1,371,74,31,13,61,16,29,13,13
Cpeb3,305,37,14,6,16,5,4,5,4
A330032B11Rik,3,1,0,1,1,0,2,0,0
March5,1520,284,80,25,153,47,58,55,49
Ide,1161,61,22,10,59,27,30,12,12
Kif11,79,7,1,8,7,13,4,1,2
Hhex,19,4,1,0,0,0,0,0,0
Exoc6,27,5,1,0,2,0,2,0,2
Cyp26a1,3,0,0,0,0,1,1,0,0
Myof,1777,253,74,21,93,39,38,21,31
I830134H01Rik,5,0,0,0,1,2,0,0,0
Cep55,21,2,3,3,2,5,0,0,0
Ffar4,2,0,1,1,0,0,1,0,0
Rbp4,1870,112,25,4,92,20,43,12,20
Fra10ac1,274,38,7,10,23,8,7,9,4
Lgi1,760,26,9,0,7,3,7,0,3
Slc35g1,36,8,2,1,1,4,1,1,1
Plce1,337,120,25,3,58,15,23,16,9
Noc3l,245,33,20,4,29,3,8,9,6
Tbc1d12,451,57,20,7,40,14,19,16,17
Hells,116,18,7,5,12,6,9,9,9
Cyp2c55,0,0,0,0,1,0,1,0,0
Pdlim1,1130,145,58,16,95,32,39,17,21
Sorbs1,294,25,9,15,26,43,12,20,17
A930028N01Rik,5,0,0,0,0,1,0,0,1
Aldh18a1,1409,106,32,11,58,21,23,13,26
Gm27042,5,0,0,0,0,0,0,0,0
Tctn3,253,16,7,1,8,4,3,4,5
Entpd1,1897,97,36,5,34,16,16,5,27
Cc2d2b,0,0,0,0,0,0,0,0,0
Ccnj,46,4,2,0,4,0,2,0,1
Zfp518a,260,14,4,3,9,7,2,4,7
Blnk,1,0,4,0,0,1,3,0,0
Dntt,0,0,0,0,0,0,0,0,0
Tm9sf3,4755,578,140,59,301,119,110,68,69
Pik3ap1,0,2,1,0,0,0,1,0,0
Lcor,312,39,11,5,20,7,6,10,8
Gm340,50,3,2,0,3,0,2,1,0
AI606181,141,10,3,0,5,5,1,4,2
Slit1,1,0,0,0,0,0,0,0,0
Arhgap19,32,3,1,0,1,2,0,11,2
Frat1,46,7,1,0,4,1,0,1,0
Frat2,92,44,17,19,96,20,28,30,14
Rrp12,153,21,6,0,7,2,6,2,1
Pgam1,4367,690,188,73,433,105,88,88,98
Exosc1,562,53,18,6,42,11,14,11,15
Zdhhc16,398,50,12,3,20,8,12,6,9
Mms19,371,30,13,12,28,6,8,9,6
Ubtd1,312,73,23,7,50,13,23,12,10
Ankrd2,1,0,0,1,0,0,3,2,0
Hoga1,139,12,3,0,6,2,3,3,4
Morn4,13,1,2,0,1,0,1,0,0
Pi4k2a,831,210,42,21,78,27,46,15,27
Avpi1,605,70,26,6,30,9,9,6,17
Marveld1,3228,222,59,24,141,54,71,24,41
Zfyve27,305,31,9,0,30,7,10,6,6
Sfrp5,1,0,22,0,99,1,1,1,0
Golga7b,0,0,0,0,0,0,0,0,0
Crtac1,4,0,0,0,0,2,2,0,0
R3hcc1l,343,39,10,3,19,8,10,9,12
Gm16541,0,0,0,0,0,0,0,0,0
Loxl4,638,72,17,5,16,14,18,8,10
Pyroxd2,147,29,6,0,19,6,2,4,6
Hps1,241,25,8,2,23,10,8,5,3
Hpse2,9,0,0,0,0,0,1,4,5
Cnnm1,10,0,0,0,0,1,0,1,0
Got1,508,92,36,4,35,14,14,10,9
Gm20467,0,0,0,0,0,0,0,0,0
Nkx2-3,1,0,0,0,0,0,0,0,0
Slc25a28,556,106,37,4,63,23,17,16,13
Entpd7,325,39,14,6,24,13,5,5,11
Cox15,127,19,10,3,8,7,4,5,2
Cutc,224,35,8,3,10,4,3,3,6
Abcc2,1,0,0,0,1,0,0,0,0
Dnmbp,205,30,11,2,27,10,12,6,3
Cpn1,2,0,0,0,0,0,0,1,1
Cyp2c23,6,3,0,1,0,0,0,0,0
Erlin1,251,45,15,7,36,12,13,12,6
Chuk,675,95,30,10,72,22,21,13,10
Cwf19l1,80,5,0,0,7,0,2,1,2
Bloc1s2,540,67,28,7,45,13,21,13,11
Scd3,4,0,0,0,0,0,0,0,2
Scd2,3608,174,64,36,188,119,82,52,65
Scd4,12,0,0,0,0,0,1,0,0
Scd1,2241,121,66,10,66,35,32,19,33
Sec31b,6,0,1,0,0,0,0,0,0
Ndufb8,2899,468,176,69,267,93,96,63,67
Hif1an,292,27,11,5,23,6,8,3,4
Slf2,477,52,17,12,41,38,20,17,22
Sema4g,11,0,0,0,4,1,0,3,0
Mrpl43,1225,128,37,23,93,33,28,46,30
Twnk,129,20,10,3,8,4,3,3,6
Lzts2,795,139,42,13,65,30,32,20,22
Pdzd7,4,0,0,0,0,0,0,0,0
Sfxn3,1689,145,59,12,78,26,32,22,33
Kazald1,1591,112,20,13,81,35,65,12,34
Lbx1,0,0,0,1,0,0,0,0,0
Gm28578,1,0,0,0,0,0,1,0,1
Btrc,417,48,20,10,25,9,17,12,16
Poll,90,8,3,2,6,2,2,2,3
Gm17018,499,69,20,7,47,12,15,9,12
Fbxw4,265,19,8,5,15,13,5,4,6
Npm3,1323,256,67,19,115,38,33,27,27
Gm15491,8,4,0,0,0,0,0,1,1
Mgea5,984,122,39,14,86,32,40,23,31
Kcnip2,0,1,1,0,0,0,0,0,0
9130011E15Rik,42,4,0,0,2,0,1,0,0
4930505N22Rik,0,0,1,0,0,0,0,0,0
Hps6,54,9,4,1,3,0,0,1,0
Ldb1,892,132,31,26,128,37,50,23,39
Pprc1,318,75,26,9,38,11,26,9,6
Nolc1,834,192,50,15,67,23,36,28,22
Elovl3,1,0,0,0,0,0,1,0,0
Pitx3,0,0,0,0,0,0,0,0,0
Gbf1,979,112,25,9,68,25,32,13,15
Nfkb2,501,136,46,18,79,20,38,28,15
Psd,110,34,7,8,21,14,10,9,7
Fbxl15,323,30,9,9,29,10,10,5,7
Cuedc2,1731,198,63,35,154,58,61,46,64
Gm26792,1,1,0,0,0,0,0,0,1
Mfsd13a,9,0,0,0,1,0,1,0,0
2310034G01Rik,20,2,1,1,0,0,0,1,1
Actr1a,844,90,31,18,69,26,25,15,15
Sufu,326,29,9,7,18,9,7,5,6
Trim8,1022,144,41,8,69,21,48,21,14
Arl3,1479,231,70,30,130,58,45,37,39
Sfxn2,304,25,9,3,17,12,8,4,3
Wbp1l,1857,153,52,8,70,20,34,14,15
Cyp17a1,0,0,0,0,0,0,0,0,0
Borcs7,734,72,14,10,59,28,29,18,15
As3mt,267,34,11,8,30,15,13,10,10
Cnnm2,110,16,3,1,8,2,6,3,2
Nt5c2,451,50,22,15,26,8,14,2,11
Ina,0,2,0,0,1,0,0,1,0
Pcgf6,142,11,2,1,11,4,5,3,4
Taf5,162,38,10,6,26,9,7,1,3
Usmg5,3550,783,226,124,547,150,143,107,128
Pdcd11,356,58,18,10,29,8,10,8,5
Calhm2,495,47,16,4,18,8,12,7,8
Neurl1a,7,0,0,1,0,1,0,0,0
Sh3pxd2a,5735,569,141,52,261,117,139,45,72
Stn1,345,55,12,3,36,4,8,4,7
Gm19557,1,1,0,0,0,0,0,1,0
Slk,1734,253,77,23,150,54,67,27,26
Col17a1,4,1,1,0,1,0,0,0,0
Sfr1,6057,991,279,119,472,140,232,128,141
Cfap43,241,53,10,1,20,7,10,7,1
Gsto1,1059,210,59,12,96,22,40,14,29
Gsto2,19,3,0,0,9,0,1,1,2
Rpl13a-ps1,377,254,119,18,46,27,50,34,48
Sorcs1,10,0,0,2,1,11,4,0,1
Xpnpep1,1157,138,39,15,85,21,28,19,13
Add3,4534,573,223,31,254,85,88,46,71
Mxi1,1066,62,21,9,59,18,28,20,20
Smndc1,686,110,38,17,63,23,28,24,23
Mirt1,3,7,0,0,4,0,1,0,0
4833407H14Rik,1,0,0,0,0,0,0,0,0
Dusp5,137,95,46,8,52,13,34,12,28
Nutf2-ps1,10,4,2,2,4,2,2,3,4
Smc3,1608,184,53,35,125,47,52,41,32
Rbm20,73,2,2,1,2,0,3,3,0
Gm16299,5,0,0,0,0,0,0,0,0
Pdcd4,839,175,61,33,124,43,82,51,35
Bbip1,744,129,30,16,79,32,32,18,20
Shoc2,658,89,36,16,69,23,33,23,32
Adra2a,21,1,1,1,2,11,1,0,1
Gpam,20,4,0,0,4,0,0,6,0
Gucy2g,1,0,0,0,0,0,0,0,0
Acsl5,801,124,25,8,46,19,24,12,17
Zdhhc6,584,57,22,7,32,13,20,9,15
Vti1a,482,38,12,1,26,8,11,8,13
Tcf7l2,1973,214,69,29,214,76,83,23,47
Nrap,0,0,0,0,0,0,0,0,0
Casp7,125,9,7,3,10,5,2,2,2
Plekhs1,3,0,0,0,0,0,0,0,0
Dclre1a,228,17,6,2,11,4,5,1,5
Nhlrc2,445,52,22,6,18,6,6,5,8
Adrb1,79,6,1,0,3,0,5,3,1
Ccdc186,942,142,36,15,60,35,28,27,19
Vwa2,0,0,0,0,0,0,0,0,0
Afap1l2,73,5,2,6,14,16,9,5,4
Ablim1,5600,456,166,9,156,42,70,23,41
B230217O12Rik,5,2,0,0,1,1,0,0,0
Fam160b1,1318,107,28,10,53,23,30,13,20
Trub1,173,16,8,2,10,8,3,6,5
Atrnl1,1555,166,54,6,70,34,25,16,23
Gfra1,745,56,17,11,37,47,51,26,10
1810007D17Rik,2,0,0,0,0,0,1,0,0
Pnliprp2,3,0,1,0,0,0,0,0,0
Hspa12a,78,12,5,1,13,14,4,6,2
Eno4,1,0,0,0,1,0,0,0,0
Shtn1,10,0,7,2,0,3,2,3,0
Vax1,3,0,0,0,0,0,0,0,0
Slc18a2,2,1,0,0,1,0,2,0,0
Pdzd8,714,86,28,6,43,21,28,18,25
Rps12-ps3,809,122,52,10,29,12,17,28,35
Emx2os,293,15,9,1,7,3,1,2,5
Emx2,518,100,23,5,45,11,9,5,11
Gm17203,54,1,0,0,0,2,0,0,0
Rab11fip2,1431,143,29,8,57,25,34,21,23
E330013P04Rik,206,63,21,0,4,2,3,1,6
Fam204a,703,81,23,18,66,23,19,14,20
Cacul1,419,81,24,15,65,16,28,17,19
Nanos1,18,13,4,2,4,3,1,1,1
Eif3a,4675,827,250,97,363,172,148,98,106
Fam45a,447,49,13,6,31,14,15,5,8
Sfxn4,55,14,2,2,3,6,3,3,0
Prdx3,1011,160,50,16,78,21,36,24,15
Grk5,282,36,18,2,23,4,16,5,5
Zfp950,697,58,19,14,46,20,19,20,26
Gm7102,2,0,0,0,0,0,0,0,1
Csf2ra,86,10,7,3,9,9,12,7,6
mt-Nd1,104201,10196,3329,448,2228,1101,1407,453,707
mt-Nd2,73137,8632,2697,429,2106,1232,1471,424,674
mt-Co1,209617,22894,7530,1728,10262,4449,5172,1298,1767
mt-Co2,215855,16834,5593,1705,7481,3611,4057,1423,2271
mt-Atp8,3772,628,221,102,447,167,160,107,165
mt-Atp6,330629,28952,9415,3260,13000,5954,6759,2709,3858
mt-Co3,281304,23591,7854,2108,9459,5390,5795,1688,2738
mt-Nd3,38896,4824,1697,224,1058,637,752,198,369
mt-Nd4l,8576,1408,501,189,809,285,280,201,240
mt-Nd4,98447,9199,3007,670,3253,1560,1817,580,892
mt-Nd5,15315,1623,545,145,569,256,381,121,179
mt-Nd6,287,113,23,9,57,18,21,15,15
mt-Cytb,150873,13725,4689,1444,5836,2993,3281,1221,1611
Vamp7,892,92,31,12,74,29,29,9,10
Spry3,5,0,0,0,1,0,0,1,0
Tmlhe,35,13,5,1,7,3,10,0,3
CR974586.3,9,2,2,0,3,0,0,0,0
CR974586.5,569,113,36,4,104,26,86,3,25
AC132444.1,0,0,0,0,0,1,0,0,0
Csprs,0,1,0,0,0,0,0,0,0
AC132444.6,2,0,0,0,2,0,0,1,0
Gm10931,18,0,1,0,0,1,1,1,0
CT868723.1,3,1,1,1,1,0,0,1,0
AC125149.3,0,0,0,0,0,0,0,0,0
AC168977.2,0,1,0,0,0,1,0,0,0
AC168977.1,0,0,0,0,0,0,1,0,0
AC149090.1,666,107,31,26,82,62,67,42,26
CAAA01118383.1,396,68,26,8,42,16,8,8,12
CAAA01147332.1,52,25,16,7,12,4,3,6,3
